timestamp,temperature,humidity,CO2,yield
2026-11-24 06:00:00,16.43,92.51,923.43,14.55
2026-12-06 01:00:00,30.59,76.11,831.14,17.25
2026-08-13 21:00:00,29.6,71.89,923.87,17.21
2026-04-16 10:00:00,,73.37,893.46,13.52
2026-03-27 13:00:00,27.85,88.16,808.99,16.55
2026-10-22 08:00:00,24.32,82.97,928.07,16.04
2026-01-16 02:00:00,25.02,74.43,911.89,16.37
2026-11-29 09:00:00,27.32,81.48,814.81,16.51
2026-11-06 15:00:00,18.88,70.39,935.18,14.08
2026-06-21 08:00:00,12.94,82.02,864.39,12.5
2026-07-28 23:00:00,9.35,84.46,811.97,12.65
2026-03-08 04:00:00,9.53,74.79,896.61,10.88
2026-04-04 16:00:00,15.66,76.22,921.81,13.74
2026-08-31 04:00:00,12.81,90.25,816.62,12.41
2026-12-17 00:00:00,14.99,75.72,836.96,12.54
2026-03-11 01:00:00,15.69,77.5,843.84,13.05
2026-07-02 11:00:00,18.8,69.71,933.3,13.64
2026-08-07 03:00:00,21.64,73.99,922.92,14.72
2026-01-25 02:00:00,9.34,71.76,843.58,12.0
2026-11-29 11:00:00,23.78,81.5,884.43,15.7
2026-03-24 22:00:00,,90.26,936.33,17.73
2026-08-26 14:00:00,19.47,86.6,935.83,14.77
2026-01-31 01:00:00,8.47,,812.54,10.6
2026-03-28 14:00:00,26.98,85.51,919.87,17.15
2026-01-31 17:00:00,13.08,81.91,879.0,11.61
2026-03-06 22:00:00,12.4,74.21,869.13,12.86
2026-08-16 18:00:00,30.42,76.17,936.08,17.15
2026-06-24 17:00:00,6.63,73.97,949.87,10.3
2026-07-17 09:00:00,25.51,89.3,846.24,17.19
2026-09-09 13:00:00,11.2,82.9,889.25,11.96
2026-09-16 19:00:00,25.6,72.1,861.45,17.01
2026-03-07 18:00:00,9.42,71.72,870.32,11.03
2026-10-07 22:00:00,13.86,91.41,815.54,12.14
2026-07-19 14:00:00,21.56,90.4,845.51,16.57
2026-02-05 16:00:00,17.33,89.3,925.94,13.23
2026-08-05 18:00:00,16.49,75.21,862.14,14.71
2026-09-25 06:00:00,29.52,75.98,866.49,17.67
2026-11-14 14:00:00,9.25,83.12,836.44,10.74
2026-10-26 08:00:00,29.3,,830.79,17.54
2026-11-28 23:00:00,25.09,83.12,851.91,16.52
2026-09-01 21:00:00,9.42,90.05,921.14,11.45
2026-06-12 09:00:00,24.21,91.3,827.89,16.89
2026-05-09 19:00:00,19.33,84.79,910.24,15.08
2026-11-21 04:00:00,12.68,89.78,804.06,14.27
2026-01-17 01:00:00,23.93,68.67,868.53,14.84
2026-02-25 11:00:00,20.6,70.99,874.32,15.65
2026-10-16 16:00:00,14.52,88.0,827.58,14.92
2026-07-18 12:00:00,22.25,86.45,845.04,16.64
2026-02-19 22:00:00,27.72,82.49,,17.2
2026-05-27 02:00:00,20.66,70.79,904.33,13.68
2026-03-05 04:00:00,12.34,70.89,824.72,12.94
2026-08-01 10:00:00,9.81,80.96,821.52,11.4
2026-01-06 16:00:00,27.11,87.45,918.68,17.29
2026-12-16 22:00:00,15.77,72.84,804.23,13.95
2026-07-11 07:00:00,30.28,78.89,923.4,18.01
2026-04-02 06:00:00,17.58,78.6,858.07,14.1
2026-02-23 12:00:00,20.95,74.12,860.44,14.63
2026-08-09 23:00:00,24.18,69.02,847.78,15.56
2026-06-14 23:00:00,19.03,87.22,946.18,14.49
2026-06-22 11:00:00,10.13,81.39,805.04,11.49
2026-07-29 08:00:00,13.46,83.86,928.14,12.78
2026-05-01 17:00:00,31.94,92.08,839.01,18.2
2026-10-01 03:00:00,18.92,75.25,,13.89
2026-11-23 03:00:00,15.75,86.74,828.09,13.82
2026-09-10 18:00:00,14.23,81.97,803.2,13.72
2026-01-23 06:00:00,12.66,74.37,845.78,12.73
2026-08-13 09:00:00,28.05,66.35,887.2,17.89
2026-04-16 07:00:00,,69.05,940.19,13.29
2026-05-23 12:00:00,13.45,70.04,841.38,12.79
2026-04-12 12:00:00,9.99,66.18,867.31,11.52
2026-06-09 23:00:00,,,911.08,16.34
2026-01-09 18:00:00,30.84,81.35,900.2,18.6
2026-04-26 16:00:00,28.36,89.11,880.35,17.66
2026-08-09 20:00:00,22.83,72.74,904.66,16.0
2026-11-03 04:00:00,25.07,69.31,810.97,16.54
2026-04-26 18:00:00,28.72,87.35,870.8,16.99
2026-05-19 09:00:00,8.98,,867.42,10.98
2026-03-04 13:00:00,9.43,72.14,835.54,11.38
2026-01-03 14:00:00,22.64,89.74,934.9,16.02
2026-09-08 00:00:00,10.24,83.7,895.98,12.19
2026-12-14 08:00:00,17.47,72.25,936.62,13.84
2026-03-15 23:00:00,19.68,82.05,840.62,13.9
2026-12-29 19:00:00,16.97,87.63,945.3,14.03
2026-06-14 10:00:00,20.49,88.17,915.78,15.02
2026-02-28 09:00:00,14.95,70.38,864.08,13.18
2026-12-17 08:00:00,13.22,,943.97,11.77
2026-08-15 13:00:00,31.42,70.56,895.25,17.57
2026-01-07 05:00:00,29.21,87.09,813.74,18.07
2026-09-29 12:00:00,26.27,74.0,853.54,16.38
2026-07-03 14:00:00,21.72,71.45,814.36,14.76
2026-02-21 13:00:00,24.41,77.27,855.37,15.47
2026-01-23 19:00:00,12.65,71.5,903.46,11.98
2026-09-02 11:00:00,9.48,92.11,864.67,11.49
2026-06-25 19:00:00,,73.15,889.47,10.9
2026-02-14 01:00:00,31.39,88.58,903.54,18.59
2026-12-02 13:00:00,28.65,76.46,947.25,17.19
2026-04-10 09:00:00,9.01,72.27,818.09,11.41
2026-09-26 14:00:00,26.58,73.84,818.55,16.06
2026-12-16 21:00:00,15.07,72.05,,13.68
2026-12-18 20:00:00,12.56,72.87,942.62,12.32
2026-12-13 22:00:00,19.4,70.48,872.39,15.26
2026-12-20 12:00:00,13.77,78.69,871.47,13.45
2026-10-28 12:00:00,28.01,,917.63,16.88
2026-12-18 10:00:00,12.32,72.96,883.33,12.71
2026-11-24 18:00:00,20.07,85.8,929.89,14.86
2026-10-01 11:00:00,22.66,80.5,921.41,16.39
2026-01-19 20:00:00,17.52,72.67,851.94,14.11
2026-11-12 10:00:00,10.57,83.63,811.15,12.57
2026-10-31 07:00:00,30.45,69.9,946.77,17.87
2026-10-06 06:00:00,11.99,86.66,869.6,13.23
2026-07-03 17:00:00,23.41,76.26,898.94,16.43
2026-03-07 10:00:00,11.54,70.87,848.3,11.5
2026-02-24 14:00:00,20.24,73.44,892.73,15.14
2026-01-25 05:00:00,10.82,71.96,916.25,11.6
2026-03-18 05:00:00,25.29,86.52,891.17,17.51
2026-04-14 12:00:00,10.6,73.13,811.55,12.79
2026-05-10 07:00:00,18.96,87.05,930.32,13.48
2026-04-06 08:00:00,12.63,73.7,846.32,13.11
2026-10-27 06:00:00,30.6,71.98,825.07,18.43
2026-02-11 12:00:00,30.28,91.44,876.66,19.26
2026-05-21 12:00:00,14.08,68.16,940.98,14.3
2026-03-31 18:00:00,20.65,80.69,,14.79
2026-02-16 04:00:00,29.02,87.21,938.24,17.98
2026-10-20 20:00:00,19.75,79.38,854.17,14.3
2026-01-27 10:00:00,8.62,74.54,918.12,11.13
2026-04-30 17:00:00,28.95,90.29,942.49,16.63
2026-06-14 17:00:00,20.04,,901.57,15.55
2026-10-14 16:00:00,12.37,89.46,802.87,12.7
2026-07-17 22:00:00,26.31,86.84,804.07,16.64
2026-10-14 02:00:00,13.16,88.8,931.22,13.0
2026-06-12 19:00:00,20.34,89.31,890.0,14.77
2026-10-15 18:00:00,,,808.97,13.19
2026-02-24 16:00:00,22.22,76.19,874.3,15.0
2026-05-24 16:00:00,15.53,72.96,831.6,12.84
2026-01-29 18:00:00,9.74,77.1,806.81,11.29
2026-03-07 11:00:00,8.49,71.4,844.81,11.62
2026-04-02 14:00:00,18.45,80.17,926.45,14.44
2026-05-02 22:00:00,28.25,92.22,874.2,17.25
2026-12-16 07:00:00,17.57,75.8,830.46,14.43
2026-10-17 04:00:00,14.72,87.44,862.52,13.68
2026-04-09 03:00:00,11.13,72.22,801.55,12.62
2026-12-06 14:00:00,30.12,70.7,923.34,18.46
2026-02-18 05:00:00,32.4,82.67,874.52,18.69
2026-04-15 22:00:00,12.57,72.32,909.75,12.13
2026-12-23 11:00:00,10.33,83.11,884.19,11.69
2026-12-08 17:00:00,29.44,71.95,918.7,17.1
2026-12-03 18:00:00,29.1,73.64,860.72,16.37
2026-08-31 20:00:00,12.02,88.08,858.05,12.6
2026-12-01 12:00:00,26.18,79.26,833.05,16.52
2026-02-25 19:00:00,18.46,71.73,,15.23
2026-06-19 22:00:00,11.12,84.46,858.58,12.33
2026-04-19 16:00:00,19.94,73.15,819.44,14.5
2026-09-08 01:00:00,11.01,85.9,814.16,12.34
2026-06-15 09:00:00,19.98,89.63,915.68,14.67
2026-06-28 11:00:00,15.08,69.93,910.14,12.81
2026-01-31 19:00:00,13.21,83.92,918.62,12.67
2026-05-13 17:00:00,14.44,78.67,918.06,13.37
2026-10-21 21:00:00,23.71,79.38,885.93,14.17
2026-05-21 17:00:00,10.67,70.33,917.74,11.99
2026-10-23 07:00:00,22.59,81.14,885.63,15.55
2026-10-31 04:00:00,27.79,71.06,833.84,16.8
2026-08-24 04:00:00,24.61,81.7,911.89,15.64
2026-11-11 20:00:00,14.83,81.67,847.45,12.83
2026-07-31 02:00:00,10.27,85.07,884.04,11.16
2026-03-25 01:00:00,30.94,87.3,,18.07
2026-03-05 23:00:00,7.61,70.61,833.22,11.82
2026-06-11 21:00:00,24.75,93.21,878.4,16.45
2026-12-11 16:00:00,,69.96,837.91,15.26
2026-05-23 13:00:00,14.3,70.65,829.0,13.03
2026-03-20 12:00:00,28.08,87.62,940.28,17.68
2026-05-14 01:00:00,11.16,72.09,884.45,11.81
2026-09-23 11:00:00,29.61,68.13,864.12,18.18
2026-01-06 08:00:00,28.09,86.64,880.72,16.69
2026-12-08 16:00:00,21.88,67.89,870.98,14.69
2026-10-12 17:00:00,10.68,92.5,913.81,12.26
2026-08-08 10:00:00,22.4,70.84,907.74,14.88
2026-01-12 08:00:00,31.03,79.14,941.06,18.47
2026-04-11 23:00:00,9.99,69.24,897.19,11.33
2026-01-06 13:00:00,28.87,,883.03,17.84
2026-12-07 01:00:00,30.44,73.83,933.62,18.17
2026-01-22 16:00:00,11.94,72.52,926.94,12.49
2026-08-03 23:00:00,11.93,80.89,901.64,12.53
2026-08-01 02:00:00,,,943.63,11.16
2026-03-31 09:00:00,25.39,79.44,839.99,16.78
2026-09-26 15:00:00,27.0,73.81,864.58,17.19
2026-02-04 22:00:00,18.79,87.56,929.73,15.29
2026-05-28 22:00:00,22.47,77.27,895.62,14.54
2026-02-23 03:00:00,22.96,75.32,,15.58
2026-04-11 07:00:00,11.25,72.07,949.92,12.14
2026-04-04 07:00:00,17.57,76.3,835.76,14.14
2026-02-10 11:00:00,25.28,92.31,935.75,17.68
2026-02-10 22:00:00,25.45,87.06,837.79,16.28
2026-04-22 11:00:00,20.38,77.5,,14.26
2026-04-04 22:00:00,13.67,77.85,822.08,12.27
2026-01-12 00:00:00,29.1,78.76,937.44,17.71
2026-04-30 13:00:00,,93.08,928.98,18.35
2026-05-21 10:00:00,11.7,74.19,875.12,12.34
2026-05-31 04:00:00,27.77,78.6,,17.09
2026-08-15 04:00:00,28.29,67.25,922.86,16.7
2026-04-18 15:00:00,18.68,74.39,815.94,14.22
2026-08-03 01:00:00,13.59,75.66,806.39,12.02
2026-01-20 15:00:00,14.2,71.36,862.89,12.81
2026-09-08 15:00:00,11.3,83.42,848.38,12.55
2026-10-14 18:00:00,11.09,87.92,843.66,11.99
2026-01-20 04:00:00,21.37,70.72,910.81,15.53
2026-05-19 01:00:00,8.68,68.75,847.32,10.28
2026-05-11 10:00:00,15.41,81.39,906.08,13.12
2026-06-20 02:00:00,14.06,83.99,818.06,14.4
2026-03-15 03:00:00,22.29,85.22,944.38,15.23
2026-03-06 10:00:00,,71.54,856.77,12.84
2026-08-10 16:00:00,24.8,68.79,909.96,15.73
2026-02-08 19:00:00,26.67,89.03,909.63,16.21
2026-09-15 20:00:00,23.92,75.22,812.99,15.44
2026-06-25 17:00:00,10.09,72.72,857.32,12.73
2026-02-17 21:00:00,27.99,87.05,918.59,17.93
2026-08-24 18:00:00,24.58,85.84,878.19,16.25
2026-05-26 12:00:00,19.91,76.23,813.44,14.84
2026-03-12 03:00:00,15.75,77.54,827.91,12.75
2026-01-11 08:00:00,32.43,80.31,840.99,18.52
2026-08-31 09:00:00,12.51,90.4,831.29,13.44
2026-02-25 12:00:00,18.38,68.3,942.92,13.77
2026-12-25 09:00:00,9.8,87.14,841.41,12.2
2026-11-22 17:00:00,14.09,94.71,,13.86
2026-08-21 05:00:00,27.04,76.38,822.62,17.12
2026-06-22 23:00:00,11.72,77.63,867.84,13.35
2026-04-20 12:00:00,19.36,78.14,812.27,14.99
2026-06-14 14:00:00,20.17,88.79,844.54,14.56
2026-10-10 20:00:00,8.35,88.11,865.78,10.66
2026-04-11 15:00:00,10.42,71.09,927.69,11.58
2026-08-28 10:00:00,15.74,88.58,866.67,14.0
2026-01-17 06:00:00,22.02,,927.49,16.1
2026-09-18 22:00:00,27.82,73.46,884.39,16.11
2026-06-25 15:00:00,11.59,76.71,905.24,12.52
2026-07-07 04:00:00,26.34,70.71,825.14,17.11
2026-12-05 15:00:00,28.42,74.02,899.64,16.59
2026-08-23 08:00:00,27.35,84.7,,17.14
2026-01-11 11:00:00,31.11,76.91,,18.51
2026-11-19 03:00:00,11.49,91.1,905.03,12.05
2026-11-30 17:00:00,29.4,82.98,866.53,17.96
2026-04-04 06:00:00,16.0,78.52,845.85,13.79
2026-12-10 20:00:00,21.93,70.05,846.5,14.65
2026-11-17 18:00:00,10.96,88.45,838.23,12.05
2026-12-28 00:00:00,13.21,89.71,842.94,12.27
2026-03-17 05:00:00,21.35,83.23,824.59,15.83
2026-04-24 03:00:00,22.71,85.32,938.04,16.11
2026-06-29 07:00:00,15.84,73.5,848.67,12.95
2026-12-14 10:00:00,19.01,,833.64,14.11
2026-07-27 13:00:00,12.11,85.39,936.1,13.0
2026-11-13 18:00:00,11.7,82.29,917.86,12.24
2026-04-01 11:00:00,21.23,84.91,920.51,14.84
2026-07-31 15:00:00,12.68,82.91,910.16,13.2
2026-05-28 23:00:00,20.98,74.94,881.24,13.67
2026-09-08 09:00:00,11.05,82.95,873.82,12.97
2026-11-14 17:00:00,11.66,80.83,935.29,12.35
2026-07-26 14:00:00,11.46,88.3,803.86,13.03
2026-10-17 12:00:00,15.33,83.97,831.34,13.18
2026-11-13 14:00:00,12.6,84.05,866.56,12.22
2026-05-04 15:00:00,25.65,92.25,945.8,16.73
2026-01-11 12:00:00,32.9,74.4,898.93,18.61
2026-01-13 16:00:00,28.17,77.09,871.06,17.18
2026-02-11 18:00:00,27.95,90.22,828.17,17.19
2026-10-08 17:00:00,11.17,89.57,922.91,12.52
2026-12-17 18:00:00,12.77,76.52,823.81,13.24
2026-12-03 16:00:00,,72.48,872.27,17.88
2026-11-07 16:00:00,,71.88,949.16,14.29
2026-12-01 19:00:00,31.84,79.67,837.17,19.87
2026-06-17 04:00:00,13.68,88.59,849.84,13.61
2026-08-24 20:00:00,22.29,84.29,845.61,14.75
2026-12-11 19:00:00,23.81,70.13,941.43,15.59
2026-09-12 21:00:00,17.72,,800.7,13.18
2026-06-14 13:00:00,17.55,90.92,908.1,13.48
2026-06-29 14:00:00,15.28,71.55,929.77,13.25
2026-05-28 07:00:00,24.63,75.8,932.88,16.1
2026-11-18 19:00:00,10.9,89.85,802.92,13.06
2026-03-18 11:00:00,26.16,,895.45,16.72
2026-06-13 11:00:00,18.91,86.66,891.42,15.49
2026-04-20 21:00:00,22.08,75.88,817.31,15.39
2026-05-20 17:00:00,11.29,71.59,869.75,12.3
2026-10-27 05:00:00,28.94,74.91,890.26,16.76
2026-07-31 13:00:00,11.98,81.94,881.29,12.94
2026-11-09 19:00:00,14.54,79.94,945.08,13.33
2026-11-02 06:00:00,29.31,70.38,839.06,17.46
2026-01-20 16:00:00,15.31,70.18,933.06,11.95
2026-05-25 18:00:00,16.82,70.63,,11.96
2026-06-14 05:00:00,21.88,90.53,849.19,15.27
2026-01-12 06:00:00,31.5,78.26,923.59,18.09
2026-05-15 15:00:00,7.69,,846.36,10.78
2026-07-27 08:00:00,12.99,88.98,804.83,13.43
2026-08-22 01:00:00,27.17,81.03,863.1,15.9
2026-09-21 19:00:00,27.87,68.87,944.26,16.4
2026-09-06 07:00:00,13.64,88.22,849.54,13.91
2026-09-24 15:00:00,27.24,71.87,845.39,17.27
2026-07-28 22:00:00,10.24,85.45,931.65,11.8
2026-10-14 23:00:00,15.12,87.9,935.16,13.22
2026-08-12 20:00:00,25.78,72.8,858.1,16.44
2026-09-26 06:00:00,28.84,75.88,909.33,17.04
2026-08-15 02:00:00,30.85,71.98,867.07,16.94
2026-01-03 20:00:00,25.23,90.08,868.99,16.85
2026-01-14 19:00:00,25.6,73.94,946.38,15.48
2026-02-28 22:00:00,12.45,69.11,808.6,13.15
2026-02-27 01:00:00,14.82,69.37,866.76,12.33
2026-05-30 16:00:00,29.38,71.63,826.97,18.92
2026-09-03 19:00:00,,89.65,947.89,12.12
2026-05-02 05:00:00,30.9,86.61,872.4,18.72
2026-06-06 20:00:00,29.9,85.19,849.42,18.36
2026-10-11 00:00:00,11.34,,852.43,12.04
2026-06-23 23:00:00,10.79,74.87,941.91,11.68
2026-06-15 03:00:00,19.62,88.89,932.86,14.77
2026-05-09 09:00:00,19.11,83.1,810.34,14.9
2026-06-16 03:00:00,15.97,86.62,930.11,14.33
2026-12-21 05:00:00,9.71,81.45,881.39,10.92
2026-08-17 19:00:00,31.46,,904.33,17.87
2026-01-01 15:00:00,20.23,87.2,858.08,14.38
2026-02-13 13:00:00,30.69,86.32,843.92,18.11
2026-02-06 05:00:00,22.52,91.9,933.89,15.53
2026-06-14 02:00:00,19.73,86.81,848.49,13.7
2026-03-24 13:00:00,27.9,90.04,895.65,17.47
2026-06-14 04:00:00,20.68,89.17,919.57,16.26
2026-05-05 23:00:00,24.37,89.2,897.25,15.16
2026-01-04 12:00:00,24.45,89.44,948.15,16.39
2026-01-30 11:00:00,13.27,74.81,923.02,12.38
2026-01-23 14:00:00,14.0,71.7,870.66,12.43
2026-09-23 20:00:00,32.86,71.76,937.72,18.48
2026-10-30 07:00:00,32.52,70.69,922.01,16.99
2026-07-10 09:00:00,29.8,77.47,806.6,18.24
2026-08-06 13:00:00,17.58,72.26,922.92,12.89
2026-09-20 08:00:00,27.86,69.35,857.96,17.03
2026-09-30 10:00:00,21.45,73.4,803.48,16.39
2026-06-17 09:00:00,,89.5,844.45,13.41
2026-10-22 09:00:00,22.62,76.29,910.74,15.91
2026-04-17 13:00:00,15.15,73.85,881.18,12.66
2026-09-20 18:00:00,28.28,71.41,,16.87
2026-08-13 11:00:00,25.83,75.03,905.72,16.8
2026-02-08 16:00:00,26.0,89.54,940.18,16.12
2026-04-07 00:00:00,15.69,75.82,814.02,13.54
2026-12-22 12:00:00,10.74,81.95,894.33,12.9
2026-03-29 16:00:00,23.99,85.16,802.31,16.39
2026-01-14 15:00:00,28.33,78.84,949.51,17.02
2026-03-03 13:00:00,11.42,69.69,827.54,12.93
2026-12-04 05:00:00,29.24,,914.69,17.29
2026-09-06 15:00:00,12.6,87.53,811.13,12.86
2026-10-10 02:00:00,10.04,92.34,816.17,12.19
2026-05-17 13:00:00,10.22,,,12.11
2026-10-06 16:00:00,9.84,88.81,905.02,12.15
2026-09-29 21:00:00,23.55,74.25,870.16,16.1
2026-08-03 19:00:00,13.39,76.3,813.6,12.35
2026-09-04 16:00:00,11.89,87.29,877.89,12.94
2026-12-13 10:00:00,21.8,69.89,921.72,15.16
2026-04-16 03:00:00,12.71,70.95,947.53,11.96
2026-07-02 04:00:00,17.82,70.89,924.97,13.31
2026-01-21 01:00:00,15.53,69.88,,12.46
2026-02-18 03:00:00,30.6,84.45,830.11,20.11
2026-09-13 23:00:00,21.86,75.71,822.5,16.71
2026-05-24 02:00:00,18.62,71.58,862.61,14.11
2026-11-14 20:00:00,7.92,86.28,916.49,11.68
2026-03-20 00:00:00,27.13,,906.91,16.67
2026-03-06 20:00:00,11.51,74.31,864.67,12.88
2026-03-20 19:00:00,28.42,89.84,813.03,16.6
2026-05-10 17:00:00,14.85,81.45,872.57,12.55
2026-12-31 23:00:00,22.19,90.34,895.11,15.86
2026-04-03 08:00:00,17.47,79.82,889.61,14.76
2026-05-04 03:00:00,29.75,,874.61,19.45
2026-02-25 02:00:00,19.31,74.25,800.88,14.05
2026-02-16 13:00:00,29.79,83.27,839.64,18.13
2026-12-24 19:00:00,7.35,85.84,835.72,10.92
2026-11-19 04:00:00,,87.39,923.83,12.85
2026-09-17 10:00:00,24.14,74.3,878.48,17.02
2026-12-08 07:00:00,27.42,71.05,912.65,17.63
2026-05-23 20:00:00,15.51,,920.39,14.77
2026-01-08 03:00:00,28.19,84.85,835.3,16.7
2026-08-21 06:00:00,26.08,76.71,906.48,17.1
2026-01-15 12:00:00,24.94,76.81,836.07,16.34
2026-03-20 15:00:00,,89.94,946.79,17.74
2026-10-23 06:00:00,25.56,76.82,842.48,17.56
2026-05-26 17:00:00,19.45,74.02,934.61,13.94
2026-02-22 14:00:00,24.44,79.83,835.23,16.1
2026-03-04 05:00:00,10.68,68.69,,12.55
2026-07-04 05:00:00,21.3,68.11,815.31,16.32
2026-05-11 19:00:00,14.58,83.62,858.14,13.79
2026-10-08 11:00:00,9.5,89.17,903.03,11.38
2026-05-03 10:00:00,25.47,90.79,837.84,15.99
2026-10-02 21:00:00,17.11,81.08,892.51,14.41
2026-09-15 01:00:00,23.33,74.89,896.23,14.54
2026-02-20 21:00:00,26.64,78.7,832.35,17.66
2026-11-27 01:00:00,24.44,86.06,921.94,16.02
2026-04-18 13:00:00,17.3,73.19,,13.98
2026-08-05 05:00:00,18.01,76.22,907.3,14.1
2026-03-04 22:00:00,8.42,69.79,,11.14
2026-08-08 15:00:00,25.0,72.36,845.64,16.6
2026-08-22 14:00:00,23.96,79.42,833.93,15.97
2026-02-14 02:00:00,30.47,86.36,911.0,18.05
2026-01-15 07:00:00,25.54,76.76,822.94,16.34
2026-06-05 23:00:00,30.14,83.71,936.71,17.25
2026-04-21 03:00:00,20.12,75.7,931.9,15.0
2026-03-04 00:00:00,8.22,71.76,949.16,10.1
2026-03-27 02:00:00,27.94,88.74,896.93,16.63
2026-10-30 01:00:00,27.66,70.74,909.79,16.21
2026-12-24 22:00:00,,81.9,,12.31
2026-10-29 17:00:00,29.28,70.78,913.07,17.87
2026-12-23 16:00:00,9.5,82.25,927.0,11.71
2026-03-15 22:00:00,20.47,81.17,865.83,15.28
2026-10-28 11:00:00,29.37,69.44,809.0,17.49
2026-03-23 04:00:00,31.56,89.63,845.34,18.42
2026-12-06 23:00:00,28.03,73.18,804.33,17.77
2026-09-16 15:00:00,25.36,78.2,944.79,17.37
2026-09-10 04:00:00,14.07,80.5,941.97,12.7
2026-05-20 06:00:00,9.3,70.55,816.21,11.29
2026-03-01 14:00:00,13.06,68.51,939.03,11.82
2026-10-09 11:00:00,6.71,93.09,864.12,10.97
2026-04-01 23:00:00,22.54,79.74,859.27,14.91
2026-10-19 13:00:00,18.48,85.68,864.38,14.93
2026-11-26 08:00:00,,87.44,884.39,16.62
2026-04-18 09:00:00,17.94,72.57,,13.47
2026-01-06 00:00:00,28.77,82.83,874.18,17.93
2026-10-11 09:00:00,8.68,89.74,853.39,11.6
2026-01-09 05:00:00,30.11,82.23,914.23,17.99
2026-12-06 16:00:00,28.61,70.11,944.45,18.39
2026-09-16 23:00:00,23.19,71.79,867.91,14.99
2026-05-14 15:00:00,12.76,80.28,813.43,12.78
2026-05-17 11:00:00,12.06,71.96,882.93,12.35
2026-07-15 10:00:00,27.8,85.85,849.4,17.2
2026-02-20 00:00:00,27.48,78.92,856.03,16.7
2026-03-26 07:00:00,27.34,90.42,871.6,18.08
2026-12-31 21:00:00,20.3,91.39,936.76,14.42
2026-05-27 08:00:00,23.17,71.92,825.37,16.77
2026-08-06 20:00:00,18.95,71.2,,14.19
2026-01-21 17:00:00,15.6,67.83,860.06,14.5
2026-11-25 21:00:00,19.19,84.66,927.56,14.29
2026-12-24 11:00:00,11.03,86.72,801.15,12.39
2026-02-04 05:00:00,18.28,82.73,804.73,14.11
2026-04-30 16:00:00,26.7,94.38,832.95,17.62
2026-01-19 19:00:00,20.5,68.41,923.97,14.81
2026-10-02 00:00:00,18.6,77.35,885.99,12.93
2026-01-30 10:00:00,8.69,81.33,909.46,10.53
2026-01-19 04:00:00,22.58,73.6,833.3,15.52
2026-03-31 17:00:00,22.95,83.45,929.95,15.0
2026-04-15 14:00:00,13.25,74.95,840.31,13.22
2026-05-30 05:00:00,27.27,75.06,865.99,16.55
2026-02-19 16:00:00,26.77,79.8,908.9,16.68
2026-03-11 21:00:00,17.17,77.62,918.25,13.22
2026-07-16 06:00:00,26.05,86.84,815.12,16.51
2026-11-14 13:00:00,9.72,85.57,916.06,10.97
2026-04-28 00:00:00,30.99,88.65,906.08,18.61
2026-12-06 04:00:00,28.69,74.19,807.92,16.66
2026-09-12 10:00:00,21.7,80.54,948.68,15.09
2026-03-24 21:00:00,30.56,89.3,891.53,17.47
2026-11-03 09:00:00,27.91,70.38,920.02,17.66
2026-01-02 19:00:00,22.58,90.89,865.25,15.4
2026-09-07 04:00:00,9.66,87.24,832.22,12.37
2026-02-02 19:00:00,14.74,85.09,882.15,13.97
2026-02-13 16:00:00,31.65,84.71,821.81,17.97
2026-01-03 18:00:00,24.45,86.94,856.54,17.03
2026-07-22 21:00:00,15.6,86.42,868.31,14.09
2026-06-10 10:00:00,25.32,90.06,825.35,17.14
2026-03-28 21:00:00,25.0,85.84,,16.24
2026-07-17 14:00:00,25.15,88.49,905.46,16.18
2026-09-22 00:00:00,30.98,69.83,881.44,17.53
2026-06-08 08:00:00,,88.08,946.6,16.83
2026-06-18 14:00:00,14.24,85.08,825.7,12.64
2026-05-21 08:00:00,12.34,72.65,866.28,11.68
2026-03-15 00:00:00,19.03,82.91,943.09,14.5
2026-06-06 04:00:00,31.98,82.88,804.04,18.55
2026-06-02 05:00:00,27.54,81.43,863.54,16.97
2026-09-23 07:00:00,26.48,70.88,930.23,16.89
2026-01-02 09:00:00,20.76,89.22,805.3,15.52
2026-12-08 10:00:00,28.07,73.01,857.67,16.24
2026-08-27 14:00:00,14.37,87.45,911.88,13.07
2026-02-07 05:00:00,22.98,91.73,934.69,15.16
2026-02-21 06:00:00,24.82,82.0,810.08,15.72
2026-02-28 17:00:00,13.32,69.51,849.73,12.9
2026-07-07 18:00:00,28.91,72.67,889.8,18.37
2026-02-05 06:00:00,18.31,81.21,915.5,14.47
2026-07-25 22:00:00,12.33,86.97,898.49,11.57
2026-08-29 19:00:00,15.28,86.72,887.04,13.71
2026-04-04 00:00:00,14.06,76.12,814.49,13.74
2026-06-16 10:00:00,13.23,84.46,823.1,12.17
2026-06-04 02:00:00,31.24,79.49,842.4,17.58
2026-08-16 07:00:00,32.0,71.32,853.01,18.55
2026-02-23 02:00:00,24.64,72.42,947.38,15.66
2026-07-16 23:00:00,25.31,86.3,803.94,16.53
2026-03-18 18:00:00,25.21,86.1,831.63,16.79
2026-11-24 09:00:00,,93.14,806.74,14.21
2026-05-01 08:00:00,28.99,,860.2,17.92
2026-05-29 10:00:00,20.78,70.68,913.78,15.2
2026-05-08 12:00:00,20.88,85.08,872.96,14.96
2026-10-31 14:00:00,30.71,68.22,901.77,18.97
2026-08-04 12:00:00,13.75,74.56,935.36,12.18
2026-03-24 03:00:00,25.59,90.55,879.18,16.49
2026-06-20 16:00:00,11.95,84.0,811.91,12.98
2026-06-09 07:00:00,27.79,92.22,941.44,18.16
2026-11-13 07:00:00,12.26,80.24,925.3,11.88
2026-06-12 08:00:00,25.3,92.69,812.93,16.32
2026-03-09 09:00:00,10.64,76.3,864.62,12.67
2026-03-31 08:00:00,22.89,82.75,941.47,16.44
2026-03-15 09:00:00,21.77,83.94,898.24,16.38
2026-02-07 12:00:00,22.27,,924.68,16.86
2026-06-25 20:00:00,7.31,72.29,930.14,10.4
2026-04-14 11:00:00,10.24,70.97,823.77,10.59
2026-03-09 20:00:00,12.34,78.96,,12.13
2026-03-27 04:00:00,27.42,89.94,813.9,17.71
2026-11-30 00:00:00,29.5,81.14,,18.02
2026-07-27 01:00:00,13.33,88.63,944.64,13.74
2026-09-26 22:00:00,25.1,73.96,852.98,15.67
2026-08-10 11:00:00,23.76,69.29,929.64,15.3
2026-08-14 09:00:00,30.6,74.83,939.21,17.44
2026-07-05 05:00:00,23.39,68.24,898.75,15.49
2026-11-04 20:00:00,24.64,70.44,923.41,16.0
2026-04-14 09:00:00,13.89,72.75,906.16,12.93
2026-03-09 02:00:00,11.06,72.79,824.35,12.74
2026-10-29 05:00:00,30.99,70.64,911.9,17.7
2026-11-20 18:00:00,14.09,90.32,850.34,12.94
2026-03-07 14:00:00,11.13,73.0,924.75,12.14
2026-08-21 18:00:00,26.0,77.99,824.83,16.39
2026-08-25 13:00:00,23.19,83.58,878.38,16.0
2026-01-10 10:00:00,,79.76,863.25,17.74
2026-09-20 07:00:00,30.24,67.72,817.59,17.57
2026-11-29 10:00:00,26.42,86.39,901.63,17.44
2026-07-01 03:00:00,15.32,71.86,832.71,13.7
2026-12-26 19:00:00,10.48,85.54,934.09,12.02
2026-01-20 09:00:00,17.74,70.46,930.38,12.96
2026-06-22 06:00:00,10.01,79.44,889.62,10.82
2026-08-20 06:00:00,27.11,77.13,894.09,16.3
2026-11-11 21:00:00,12.79,80.64,940.86,13.51
2026-05-20 13:00:00,10.84,70.02,857.64,12.62
2026-08-19 07:00:00,29.32,76.21,914.31,17.05
2026-10-09 19:00:00,12.66,87.27,829.88,13.27
2026-01-07 15:00:00,30.07,86.83,842.37,18.18
2026-01-04 15:00:00,26.34,88.71,916.91,17.16
2026-03-18 10:00:00,24.64,88.15,800.26,16.11
2026-01-13 02:00:00,28.42,77.88,882.93,17.24
2026-08-25 00:00:00,21.36,83.39,913.46,15.87
2026-09-24 13:00:00,27.52,72.82,832.68,17.01
2026-02-15 04:00:00,30.54,86.69,924.02,17.64
2026-09-14 17:00:00,23.42,70.7,944.81,14.17
2026-12-09 23:00:00,23.25,72.9,822.38,15.97
2026-07-05 09:00:00,27.03,73.5,839.27,15.94
2026-11-27 17:00:00,27.4,85.57,,17.02
2026-11-30 04:00:00,27.73,84.3,836.04,16.85
2026-12-05 12:00:00,29.38,74.59,894.88,17.05
2026-01-23 07:00:00,13.66,68.49,919.48,12.52
2026-03-21 04:00:00,29.78,92.36,895.31,18.5
2026-08-15 01:00:00,30.36,72.01,899.36,18.09
2026-04-09 08:00:00,9.06,71.92,845.43,12.77
2026-09-18 00:00:00,26.71,71.21,825.05,16.85
2026-11-15 20:00:00,9.94,90.7,841.23,12.1
2026-04-13 04:00:00,10.38,71.43,902.54,11.4
2026-07-13 18:00:00,28.95,80.25,876.21,17.98
2026-05-02 06:00:00,28.18,86.75,857.97,17.29
2026-06-07 06:00:00,26.67,85.79,837.28,16.82
2026-03-31 15:00:00,,83.16,836.61,17.21
2026-10-09 02:00:00,9.02,89.65,913.84,12.09
2026-01-01 07:00:00,21.65,90.36,862.38,15.96
2026-08-31 22:00:00,11.34,87.31,815.41,11.84
2026-04-21 09:00:00,22.88,81.3,948.9,14.75
2026-01-07 12:00:00,31.8,88.87,879.76,18.28
2026-05-21 20:00:00,15.5,67.83,900.63,13.16
2026-07-20 23:00:00,19.58,92.31,846.67,14.93
2026-08-14 15:00:00,,69.06,848.64,17.52
2026-04-08 13:00:00,11.79,69.73,887.79,11.87
2026-04-21 16:00:00,20.38,78.62,883.53,14.66
2026-01-06 06:00:00,26.37,87.55,822.78,16.67
2026-07-11 16:00:00,29.68,78.18,807.33,17.47
2026-01-17 02:00:00,24.15,71.54,947.65,15.41
2026-04-15 10:00:00,16.76,71.65,894.47,13.65
2026-03-10 05:00:00,13.3,78.86,931.74,12.29
2026-04-16 05:00:00,14.01,70.25,929.57,11.65
2026-03-16 19:00:00,21.92,82.56,,15.4
2026-01-10 19:00:00,30.88,80.74,845.72,17.98
2026-01-07 02:00:00,26.81,87.35,803.55,16.28
2026-08-26 15:00:00,,86.12,858.91,14.32
2026-11-20 11:00:00,13.32,89.46,821.83,12.84
2026-05-19 20:00:00,12.96,71.11,938.08,11.92
2026-01-16 08:00:00,24.96,73.93,831.67,15.63
2026-09-25 03:00:00,28.92,75.01,823.14,17.92
2026-02-01 00:00:00,12.66,84.6,830.23,12.67
2026-11-16 06:00:00,8.99,,936.69,10.18
2026-03-30 05:00:00,23.49,86.49,905.84,15.78
2026-07-13 03:00:00,,80.33,932.68,16.34
2026-12-21 07:00:00,9.96,80.67,906.16,11.3
2026-04-30 05:00:00,30.67,91.94,821.53,18.56
2026-04-23 00:00:00,25.33,82.67,868.08,16.32
2026-01-02 08:00:00,22.26,,926.2,14.69
2026-04-06 00:00:00,11.38,73.49,874.16,11.83
2026-08-17 04:00:00,29.72,73.7,815.63,18.15
2026-10-12 23:00:00,10.27,86.84,822.26,11.83
2026-02-01 08:00:00,10.77,83.38,907.06,12.05
2026-03-25 10:00:00,28.56,88.72,868.82,18.17
2026-03-20 14:00:00,26.99,93.18,949.63,16.73
2026-04-23 10:00:00,25.76,79.91,925.51,16.45
2026-01-31 18:00:00,14.14,80.65,843.21,13.81
2026-06-11 16:00:00,24.73,87.07,825.96,16.1
2026-03-27 19:00:00,28.35,90.88,897.29,17.62
2026-08-22 12:00:00,26.61,77.97,825.07,15.58
2026-07-27 22:00:00,7.4,,854.63,10.63
2026-07-12 00:00:00,31.01,78.67,892.85,17.57
2026-12-24 05:00:00,12.1,84.1,817.57,12.14
2026-11-11 02:00:00,12.72,76.51,929.05,12.04
2026-07-08 23:00:00,28.02,76.78,893.11,16.83
2026-12-11 04:00:00,23.46,71.78,944.42,15.28
2026-07-13 11:00:00,31.58,79.76,816.66,18.74
2026-10-15 19:00:00,12.88,83.99,934.56,13.49
2026-07-09 10:00:00,29.15,74.27,842.06,16.84
2026-10-10 09:00:00,10.52,86.66,844.0,11.98
2026-10-01 21:00:00,19.03,77.39,858.77,14.55
2026-12-20 23:00:00,11.63,79.99,873.76,12.81
2026-03-16 18:00:00,23.3,87.55,941.41,15.85
2026-02-18 18:00:00,29.72,81.55,928.28,17.67
2026-10-25 07:00:00,28.71,73.9,867.94,17.8
2026-09-22 14:00:00,34.17,73.76,920.3,18.67
2026-12-15 12:00:00,18.28,67.35,812.25,14.48
2026-01-29 07:00:00,,,852.17,12.85
2026-06-15 22:00:00,21.87,90.78,946.5,15.01
2026-06-24 04:00:00,10.51,77.4,909.44,11.54
2026-05-28 10:00:00,22.37,71.85,850.45,16.28
2026-07-21 02:00:00,19.51,88.45,809.04,14.24
2026-11-11 17:00:00,11.28,80.87,841.66,12.29
2026-05-14 07:00:00,12.48,79.83,847.78,12.08
2026-04-22 18:00:00,,79.28,900.13,15.61
2026-04-11 10:00:00,11.23,71.9,829.27,11.56
2026-10-23 23:00:00,25.9,72.99,896.71,15.92
2026-05-08 11:00:00,19.88,87.54,940.88,14.45
2026-02-11 23:00:00,29.03,89.89,849.84,17.75
2026-09-09 01:00:00,13.27,85.41,850.65,13.99
2026-09-07 20:00:00,13.48,86.42,842.94,13.26
2026-02-09 03:00:00,23.53,86.78,847.85,16.17
2026-11-30 07:00:00,30.51,81.42,935.61,16.89
2026-06-20 23:00:00,12.17,79.22,926.03,12.26
2026-03-29 12:00:00,26.57,85.18,939.45,15.56
2026-02-22 02:00:00,24.92,79.7,,16.74
2026-07-07 22:00:00,26.27,72.4,884.53,18.49
2026-07-30 08:00:00,11.72,87.03,932.68,12.7
2026-11-29 17:00:00,25.41,82.79,943.16,15.47
2026-10-03 13:00:00,20.21,83.05,841.23,15.5
2026-12-24 20:00:00,9.54,86.2,810.04,12.23
2026-06-12 06:00:00,22.76,90.32,865.46,15.29
2026-01-29 15:00:00,9.67,76.16,944.27,11.34
2026-11-26 23:00:00,23.25,86.53,933.13,16.2
2026-06-01 14:00:00,28.03,76.6,828.5,16.93
2026-03-01 01:00:00,13.66,71.48,829.9,12.2
2026-05-29 08:00:00,24.29,75.78,859.47,16.83
2026-11-01 17:00:00,25.2,71.24,845.82,14.98
2026-06-11 00:00:00,24.72,85.15,907.08,16.4
2026-12-18 04:00:00,10.39,71.55,915.08,11.53
2026-02-10 20:00:00,27.97,88.36,811.06,18.41
2026-01-22 14:00:00,14.72,69.28,862.11,12.68
2026-04-30 08:00:00,30.54,93.72,854.12,18.76
2026-10-26 23:00:00,29.87,75.25,802.24,17.79
2026-11-18 18:00:00,11.1,89.46,912.17,12.18
2026-03-18 01:00:00,25.68,84.55,836.05,16.69
2026-05-08 08:00:00,19.86,88.15,806.28,15.47
2026-03-22 14:00:00,33.62,,811.05,18.53
2026-06-26 14:00:00,13.68,76.98,842.52,12.71
2026-02-09 19:00:00,27.05,89.8,811.85,18.77
2026-01-08 19:00:00,29.63,83.93,923.18,17.73
2026-01-24 23:00:00,8.36,71.21,883.74,10.83
2026-12-08 08:00:00,27.88,71.14,833.89,17.18
2026-06-30 11:00:00,14.86,70.79,815.73,12.66
2026-06-04 00:00:00,28.96,84.7,862.94,17.25
2026-07-06 15:00:00,28.13,72.51,836.34,17.91
2026-07-09 02:00:00,28.75,72.63,919.69,17.83
2026-03-12 13:00:00,13.89,81.72,806.18,13.12
2026-09-03 22:00:00,9.8,88.61,926.24,11.88
2026-05-06 14:00:00,22.75,,842.03,15.48
2026-03-03 23:00:00,7.89,71.42,839.85,11.01
2026-11-13 00:00:00,12.6,81.04,905.52,12.24
2026-02-26 18:00:00,16.79,73.33,947.01,12.64
2026-10-28 02:00:00,31.07,68.76,925.78,17.08
2026-04-07 15:00:00,10.35,75.72,918.45,10.79
2026-08-10 10:00:00,23.1,,937.64,15.21
2026-04-30 03:00:00,30.25,91.06,900.13,16.78
2026-06-24 04:00:00,10.51,77.4,909.44,11.54
2026-07-11 08:00:00,30.81,79.84,904.64,17.94
2026-09-06 22:00:00,11.63,86.55,880.33,11.15
2026-03-09 08:00:00,12.18,76.59,922.32,11.74
2026-05-19 12:00:00,12.05,69.77,841.95,12.49
2026-06-02 04:00:00,29.41,80.64,855.97,17.64
2026-02-08 05:00:00,23.19,92.53,823.66,15.55
2026-04-01 20:00:00,20.41,78.4,883.3,15.76
2026-06-13 02:00:00,19.71,86.74,925.82,15.23
2026-06-20 00:00:00,12.57,81.86,942.11,12.18
2026-02-09 16:00:00,23.31,87.34,864.88,16.25
2026-09-01 07:00:00,10.46,90.9,942.14,12.39
2026-06-01 21:00:00,26.82,79.91,882.11,16.63
2026-12-10 23:00:00,26.7,72.37,825.16,17.48
2026-07-11 01:00:00,31.74,78.31,899.65,17.86
2026-02-03 19:00:00,14.85,83.88,812.94,13.96
2026-03-13 14:00:00,18.66,84.76,829.33,14.14
2026-12-31 11:00:00,18.73,89.18,853.39,13.78
2026-04-20 09:00:00,18.51,76.42,805.17,15.07
2026-09-23 04:00:00,32.04,70.18,924.27,18.51
2026-09-24 03:00:00,27.52,71.09,815.17,16.77
2026-08-22 22:00:00,24.62,82.66,813.89,17.04
2026-03-22 01:00:00,30.49,90.06,864.85,18.01
2026-11-21 01:00:00,11.57,91.86,947.41,12.74
2026-07-20 13:00:00,19.11,87.52,818.5,15.56
2026-07-15 19:00:00,26.81,84.62,904.97,16.73
2026-04-05 00:00:00,16.75,75.5,869.31,13.31
2026-05-02 09:00:00,30.03,94.2,909.03,17.91
2026-11-13 09:00:00,11.12,79.12,892.53,11.36
2026-05-23 06:00:00,,66.15,807.65,11.92
2026-12-21 15:00:00,11.09,,835.96,12.03
2026-02-18 09:00:00,32.33,83.96,901.14,18.23
2026-03-19 14:00:00,28.3,89.46,885.63,16.79
2026-10-15 13:00:00,13.18,87.1,859.81,12.67
2026-01-27 02:00:00,8.76,72.19,816.99,11.61
2026-06-06 18:00:00,28.38,84.74,829.12,18.01
2026-09-27 20:00:00,27.76,78.85,883.84,16.69
2026-10-12 04:00:00,13.25,89.9,824.22,13.51
2026-01-09 17:00:00,35.75,85.18,805.53,19.03
2026-07-27 20:00:00,10.89,91.5,912.24,10.99
2026-06-02 17:00:00,27.27,79.78,825.68,17.53
2026-11-13 22:00:00,9.51,86.02,910.16,11.66
2026-07-06 23:00:00,26.1,71.98,867.45,16.52
2026-03-13 02:00:00,17.78,78.55,810.92,14.16
2026-02-15 00:00:00,29.42,85.5,814.31,17.64
2026-03-13 21:00:00,19.72,81.55,895.36,13.83
2026-03-21 05:00:00,28.27,90.06,939.94,15.69
2026-12-18 11:00:00,12.93,75.1,866.38,11.9
2026-09-19 21:00:00,28.0,70.33,804.82,15.77
2026-03-01 23:00:00,13.28,70.7,882.56,11.85
2026-01-15 02:00:00,27.19,74.47,916.15,15.86
2026-08-26 06:00:00,22.52,84.58,898.16,16.03
2026-02-08 14:00:00,22.68,85.77,895.66,16.39
2026-12-01 18:00:00,28.34,81.51,857.57,18.0
2026-08-22 03:00:00,23.87,83.65,939.4,15.07
2026-05-23 14:00:00,15.11,69.84,904.18,12.72
2026-10-15 00:00:00,11.5,83.98,905.2,11.9
2026-11-03 03:00:00,24.54,72.04,925.51,14.97
2026-04-05 08:00:00,15.94,75.64,825.73,13.44
2026-01-25 09:00:00,11.67,71.63,894.36,12.1
2026-03-20 08:00:00,29.4,89.64,914.2,18.25
2026-05-19 07:00:00,13.78,,879.95,13.11
2026-10-22 11:00:00,23.85,78.76,936.02,15.01
2026-02-09 23:00:00,26.29,88.73,855.51,17.42
2026-09-15 08:00:00,22.92,74.74,856.55,14.86
2026-08-24 07:00:00,25.62,80.67,903.29,16.94
2026-09-10 06:00:00,15.25,85.37,851.31,14.35
2026-08-05 19:00:00,17.49,74.48,828.99,14.37
2026-11-25 05:00:00,20.05,86.71,838.79,15.62
2026-07-01 19:00:00,20.61,70.01,800.85,14.98
2026-02-14 07:00:00,27.13,87.45,923.09,16.73
2026-02-26 05:00:00,17.17,75.08,810.81,13.12
2026-10-02 18:00:00,15.47,83.03,924.1,13.52
2026-12-07 22:00:00,28.4,70.09,852.27,16.89
2026-11-11 03:00:00,13.3,81.19,912.41,13.1
2026-12-06 08:00:00,31.18,72.2,918.68,17.21
2026-09-20 20:00:00,29.44,69.33,933.36,17.69
2026-12-07 05:00:00,33.49,71.99,842.76,18.32
2026-02-15 02:00:00,29.47,86.54,801.71,17.83
2026-05-24 18:00:00,15.53,67.62,885.62,13.22
2026-07-15 04:00:00,26.62,90.22,867.91,17.32
2026-09-05 03:00:00,8.9,88.61,922.48,10.82
2026-08-20 09:00:00,29.41,76.8,844.68,17.69
2026-04-12 10:00:00,10.5,69.31,894.72,10.86
2026-12-29 08:00:00,19.15,86.34,916.31,14.44
2026-12-24 08:00:00,10.36,86.44,873.06,11.93
2026-03-07 01:00:00,9.08,73.26,888.03,10.83
2026-02-23 15:00:00,22.68,76.02,928.03,15.0
2026-02-01 03:00:00,10.88,82.56,818.76,13.23
2026-09-13 08:00:00,18.54,79.72,,14.9
2026-09-04 10:00:00,9.65,88.06,877.08,12.0
2026-04-04 09:00:00,17.28,77.62,832.42,13.95
2026-06-29 06:00:00,13.26,72.15,937.11,11.92
2026-05-20 15:00:00,10.6,72.16,821.98,11.13
2026-01-17 07:00:00,24.04,72.31,832.36,15.24
2026-06-19 09:00:00,11.31,85.4,928.38,12.06
2026-01-22 07:00:00,14.92,72.68,839.27,13.21
2026-07-21 12:00:00,17.97,90.15,940.74,14.16
2026-01-12 14:00:00,29.22,79.33,911.46,18.13
2026-02-07 06:00:00,23.37,89.56,825.15,16.41
2026-02-24 20:00:00,18.25,72.7,879.71,13.99
2026-09-09 09:00:00,12.18,80.12,804.04,11.38
2026-12-26 22:00:00,13.13,85.04,891.54,12.7
2026-12-15 21:00:00,12.7,,864.6,12.13
2026-03-02 04:00:00,12.56,70.05,845.45,12.46
2026-01-09 02:00:00,30.1,82.57,850.84,18.29
2026-02-03 13:00:00,14.67,84.87,891.1,13.38
2026-01-02 07:00:00,24.98,88.95,852.07,15.81
2026-04-23 03:00:00,24.02,79.23,901.92,14.91
2026-12-26 10:00:00,,87.09,925.07,12.71
2026-08-27 19:00:00,17.4,87.43,871.24,13.38
2026-01-27 20:00:00,9.67,75.98,864.15,12.5
2026-03-09 01:00:00,11.08,77.82,930.36,11.84
2026-01-02 13:00:00,19.68,91.51,894.21,15.95
2026-08-23 10:00:00,25.14,80.23,868.23,15.32
2026-03-03 13:00:00,11.42,69.69,827.54,12.93
2026-10-03 00:00:00,15.88,78.75,908.36,13.86
2026-03-14 19:00:00,20.41,79.03,858.88,14.96
2026-10-15 20:00:00,12.18,90.55,880.15,12.26
2026-10-13 01:00:00,9.86,88.28,804.82,12.28
2026-12-17 10:00:00,13.82,72.03,847.06,11.88
2026-03-08 06:00:00,9.22,73.61,918.67,11.06
2026-06-11 03:00:00,27.58,89.19,835.79,16.86
2026-01-08 02:00:00,28.05,83.83,935.62,16.47
2026-12-16 11:00:00,16.0,71.59,813.47,12.88
2026-06-24 21:00:00,7.99,77.75,896.28,10.83
2026-08-01 03:00:00,9.7,80.78,909.13,11.34
2026-08-01 20:00:00,9.68,81.42,876.43,11.26
2026-06-05 11:00:00,28.74,85.26,917.22,17.94
2026-07-25 05:00:00,12.28,92.23,904.84,12.64
2026-07-31 19:00:00,8.95,81.73,801.8,10.88
2026-10-20 15:00:00,21.18,80.47,801.47,15.25
2026-09-19 05:00:00,29.09,71.77,847.64,17.45
2026-08-12 08:00:00,26.75,64.65,879.06,16.42
2026-04-27 11:00:00,28.05,87.95,877.4,17.0
2026-05-30 14:00:00,27.41,74.95,836.68,16.04
2026-04-23 23:00:00,27.92,81.97,,15.88
2026-07-15 20:00:00,25.97,84.0,,16.66
2026-01-03 16:00:00,25.65,90.93,937.17,16.48
2026-08-08 00:00:00,19.42,73.73,831.9,14.68
2026-09-27 18:00:00,23.57,75.94,824.44,16.9
2026-09-24 08:00:00,27.17,68.32,860.82,18.05
2026-04-11 18:00:00,10.61,69.32,842.49,12.57
2026-06-16 09:00:00,17.52,88.42,880.79,13.62
2026-06-01 01:00:00,26.23,78.27,821.85,16.11
2026-12-08 20:00:00,,70.23,825.08,17.39
2026-04-05 02:00:00,11.39,73.07,869.76,12.91
2026-07-26 01:00:00,13.63,91.04,944.84,13.49
2026-03-28 03:00:00,27.51,87.68,843.07,17.14
2026-03-30 20:00:00,25.03,83.58,949.63,16.36
2026-02-03 20:00:00,17.75,84.08,853.82,13.4
2026-04-16 17:00:00,15.32,71.23,888.72,13.12
2026-02-27 02:00:00,15.82,72.28,948.26,13.8
2026-03-07 05:00:00,9.84,69.59,863.07,11.37
2026-04-15 01:00:00,11.52,70.85,801.08,11.65
2026-06-05 10:00:00,31.27,86.36,861.64,17.81
2026-09-18 05:00:00,28.03,69.64,877.41,16.56
2026-10-31 08:00:00,28.1,70.46,,17.09
2026-02-06 19:00:00,,88.48,872.13,15.71
2026-08-14 02:00:00,29.48,70.72,825.12,17.43
2026-05-23 08:00:00,15.38,66.05,928.34,12.62
2026-08-24 23:00:00,19.94,83.5,810.94,15.7
2026-03-02 09:00:00,11.79,68.65,933.22,11.87
2026-09-06 11:00:00,8.59,83.38,817.48,10.94
2026-04-14 10:00:00,14.34,69.79,830.1,12.94
2026-06-01 13:00:00,28.73,78.86,823.44,16.95
2026-04-05 03:00:00,15.53,78.29,899.12,14.65
2026-04-18 05:00:00,16.1,76.01,804.1,12.94
2026-06-03 00:00:00,27.63,78.22,910.32,16.82
2026-09-18 11:00:00,27.03,74.26,881.37,16.52
2026-10-18 02:00:00,17.56,83.6,877.63,13.6
2026-02-13 10:00:00,30.91,93.64,902.49,18.42
2026-05-21 07:00:00,11.96,,839.48,12.96
2026-04-10 18:00:00,9.93,68.24,855.14,11.28
2026-10-31 12:00:00,31.03,70.14,924.1,17.52
2026-07-21 22:00:00,14.7,91.31,860.99,13.33
2026-10-13 06:00:00,10.98,90.26,926.44,11.49
2026-01-12 22:00:00,28.64,79.83,922.76,16.97
2026-11-09 07:00:00,15.75,76.47,827.89,13.1
2026-12-07 19:00:00,28.14,71.11,947.21,16.9
2026-08-11 18:00:00,25.64,,897.83,16.76
2026-11-25 11:00:00,19.91,85.91,835.08,14.48
2026-01-16 17:00:00,24.51,74.5,870.83,15.86
2026-04-21 13:00:00,23.35,78.99,875.53,15.94
2026-08-09 13:00:00,21.29,68.86,893.35,14.87
2026-03-22 18:00:00,31.35,91.03,908.76,19.29
2026-07-29 17:00:00,10.81,85.16,936.48,12.05
2026-08-31 12:00:00,12.16,89.79,823.39,12.46
2026-01-28 07:00:00,10.09,73.56,874.6,10.99
2026-04-10 20:00:00,8.66,69.48,804.39,12.0
2026-08-06 05:00:00,17.6,72.51,919.98,12.99
2026-10-20 11:00:00,20.93,83.87,948.87,13.96
2026-02-06 02:00:00,19.72,88.07,839.1,14.01
2026-08-18 09:00:00,31.02,73.7,813.87,17.84
2026-02-09 04:00:00,22.52,89.28,874.95,16.04
2026-07-11 11:00:00,30.23,77.95,923.15,17.6
2026-04-27 13:00:00,26.69,83.0,828.98,17.82
2026-08-03 05:00:00,13.49,77.52,804.33,13.03
2026-01-14 18:00:00,26.97,76.09,887.21,16.89
2026-05-30 00:00:00,23.72,74.82,837.39,15.48
2026-11-06 00:00:00,23.25,69.8,937.1,16.44
2026-09-09 12:00:00,14.98,84.97,,13.65
2026-01-09 16:00:00,30.74,83.33,919.34,18.29
2026-07-07 12:00:00,26.17,74.1,823.78,16.02
2026-06-26 10:00:00,9.01,76.57,850.97,10.45
2026-01-26 17:00:00,11.5,75.78,818.68,12.67
2026-12-06 07:00:00,28.87,73.24,920.67,17.58
2026-11-17 23:00:00,11.88,90.52,902.03,13.34
2026-08-03 17:00:00,12.5,73.32,895.17,11.53
2026-07-01 23:00:00,19.15,69.04,890.5,14.5
2026-03-09 04:00:00,12.89,75.11,851.34,12.73
2026-07-04 00:00:00,22.98,69.88,886.76,15.86
2026-02-03 06:00:00,14.74,83.11,859.97,12.7
2026-05-03 21:00:00,24.98,89.62,921.5,16.72
2026-06-06 22:00:00,28.06,84.69,845.94,16.03
2026-04-20 13:00:00,19.37,76.43,819.11,15.0
2026-09-26 03:00:00,27.72,71.31,913.37,17.53
2026-06-19 02:00:00,14.03,82.58,844.25,12.92
2026-01-09 10:00:00,31.55,83.15,834.29,17.56
2026-11-15 12:00:00,11.52,88.07,885.67,13.38
2026-07-27 07:00:00,,89.27,917.06,12.04
2026-11-27 10:00:00,24.21,85.08,930.51,15.44
2026-05-14 11:00:00,13.58,75.46,928.92,12.5
2026-11-12 16:00:00,8.7,82.65,,11.09
2026-07-11 18:00:00,32.45,77.01,896.48,17.71
2026-10-04 19:00:00,13.95,88.28,841.12,12.88
2026-09-08 07:00:00,9.84,88.66,832.57,12.17
2026-06-07 18:00:00,29.46,87.25,869.08,17.92
2026-05-28 09:00:00,,72.08,932.14,14.38
2026-02-16 09:00:00,30.66,88.98,948.16,18.41
2026-06-03 20:00:00,31.59,83.8,809.87,19.79
2026-03-16 08:00:00,22.41,84.45,903.96,16.16
2026-05-22 01:00:00,11.64,71.5,824.98,12.16
2026-08-30 14:00:00,13.94,87.74,942.97,13.3
2026-05-09 08:00:00,20.77,86.3,881.53,15.48
2026-11-04 16:00:00,23.87,74.15,856.8,15.43
2026-11-02 08:00:00,25.39,66.77,853.35,15.54
2026-12-16 00:00:00,14.11,73.47,813.25,12.85
2026-08-24 14:00:00,21.47,82.77,939.54,15.54
2026-09-05 09:00:00,7.79,86.53,816.32,11.46
2026-01-04 02:00:00,21.13,90.29,842.3,16.01
2026-11-09 22:00:00,18.13,77.79,807.74,13.97
2026-06-22 01:00:00,12.74,79.19,865.15,13.2
2026-01-01 04:00:00,19.94,89.87,902.12,15.2
2026-10-19 22:00:00,22.33,83.13,840.04,15.87
2026-09-13 09:00:00,,75.99,845.38,13.66
2026-07-21 00:00:00,19.44,91.07,925.11,14.81
2026-09-26 10:00:00,25.84,70.1,,16.26
2026-03-27 05:00:00,30.3,86.72,899.0,18.0
2026-12-04 23:00:00,27.08,73.6,843.82,17.07
2026-07-04 16:00:00,24.02,69.53,846.56,16.28
2026-04-22 23:00:00,21.82,82.34,894.17,15.28
2026-05-07 16:00:00,22.74,87.13,886.46,15.84
2026-10-21 14:00:00,22.77,78.65,898.14,14.48
2026-03-02 12:00:00,12.0,71.35,859.63,12.51
2026-04-12 04:00:00,,71.66,927.66,12.68
2026-12-29 06:00:00,15.45,88.51,821.79,13.46
2026-01-07 01:00:00,,84.4,877.29,16.99
2026-01-24 02:00:00,13.11,70.67,836.99,13.74
2026-01-16 16:00:00,25.61,72.06,808.95,16.64
2026-10-18 19:00:00,15.06,79.45,805.87,13.48
2026-07-02 21:00:00,21.56,69.1,898.58,14.82
2026-02-20 19:00:00,29.51,76.32,864.64,17.07
2026-09-03 14:00:00,10.76,82.88,926.2,12.37
2026-10-26 17:00:00,29.23,72.11,899.62,17.62
2026-08-25 14:00:00,21.64,84.48,877.58,15.27
2026-10-16 02:00:00,15.4,86.45,896.19,13.07
2026-07-28 03:00:00,10.36,85.05,803.88,11.79
2026-07-09 23:00:00,30.58,74.28,894.66,17.47
2026-01-08 09:00:00,31.73,88.63,862.99,17.9
2026-10-23 00:00:00,25.5,78.55,,16.47
2026-08-01 04:00:00,8.7,84.09,879.16,11.76
2026-08-12 18:00:00,25.46,71.45,817.56,17.36
2026-02-18 20:00:00,28.66,84.15,877.74,16.29
2026-02-13 19:00:00,30.1,87.36,828.6,19.27
2026-12-11 15:00:00,25.1,70.79,856.73,17.44
2026-01-25 14:00:00,11.24,72.8,816.22,11.5
2026-09-17 14:00:00,26.94,74.56,833.87,16.19
2026-09-16 06:00:00,24.16,71.95,904.76,16.65
2026-03-07 12:00:00,10.83,76.3,845.76,10.87
2026-10-11 17:00:00,8.15,87.54,850.1,11.65
2026-08-16 22:00:00,32.27,73.83,811.97,18.94
2026-11-24 01:00:00,17.09,86.35,811.22,14.01
2026-03-02 14:00:00,,66.18,854.43,12.48
2026-01-24 21:00:00,11.43,,829.22,11.55
2026-05-30 09:00:00,23.57,77.65,927.69,14.69
2026-07-05 18:00:00,23.01,71.02,881.42,15.09
2026-05-24 17:00:00,15.56,68.2,948.94,12.98
2026-03-21 23:00:00,28.61,91.45,813.7,18.98
2026-08-23 22:00:00,,83.2,886.38,15.3
2026-06-28 12:00:00,12.5,69.16,803.25,12.78
2026-02-04 17:00:00,15.82,88.45,918.73,13.11
2026-06-09 16:00:00,28.63,87.59,800.8,19.24
2026-02-03 22:00:00,17.25,85.98,925.29,13.98
2026-01-22 23:00:00,14.11,71.12,920.75,11.87
2026-02-12 20:00:00,29.79,86.25,848.17,16.9
2026-11-16 09:00:00,10.96,89.17,859.88,12.05
2026-01-26 02:00:00,12.07,72.59,814.13,12.13
2026-03-24 05:00:00,30.29,88.78,914.26,17.19
2026-06-02 02:00:00,29.29,83.21,895.11,17.47
2026-06-14 20:00:00,18.83,,922.68,14.54
2026-01-08 06:00:00,,85.58,946.55,18.38
2026-11-30 01:00:00,28.45,81.07,851.59,16.7
2026-05-04 20:00:00,24.17,91.31,856.51,17.04
2026-11-14 04:00:00,9.48,84.92,825.61,11.6
2026-04-14 15:00:00,11.47,70.41,851.62,11.55
2026-12-29 22:00:00,16.39,88.46,839.46,13.84
2026-02-28 18:00:00,15.63,74.05,833.46,13.08
2026-07-26 05:00:00,12.55,89.86,820.7,12.49
2026-07-25 09:00:00,12.61,90.79,875.48,12.1
2026-08-27 04:00:00,19.06,88.54,846.7,14.13
2026-06-10 11:00:00,26.79,92.97,811.1,17.36
2026-12-17 22:00:00,12.48,75.36,940.81,12.63
2026-12-12 21:00:00,20.71,71.3,917.45,13.56
2026-10-13 10:00:00,9.29,88.27,857.79,12.49
2026-05-11 05:00:00,16.98,83.95,934.17,13.44
2026-12-07 20:00:00,23.62,71.34,865.92,16.03
2026-04-26 05:00:00,29.56,86.09,925.69,16.11
2026-07-04 21:00:00,23.6,71.92,940.59,15.93
2026-01-09 09:00:00,30.76,82.42,846.84,18.43
2026-01-30 16:00:00,9.95,75.13,837.86,12.07
2026-10-05 04:00:00,13.28,84.22,874.89,13.22
2026-08-12 15:00:00,26.72,67.32,856.23,16.42
2026-10-20 13:00:00,18.55,82.07,899.01,14.7
2026-02-22 23:00:00,23.94,78.45,,16.06
2026-01-26 15:00:00,10.64,71.19,906.28,10.98
2026-12-02 07:00:00,28.17,81.48,940.53,17.93
2026-05-27 07:00:00,19.22,72.54,923.61,13.71
2026-03-27 10:00:00,29.67,86.42,918.46,18.29
2026-07-27 12:00:00,9.01,87.27,824.01,11.88
2026-04-02 11:00:00,18.63,79.36,903.09,13.57
2026-09-28 18:00:00,24.79,73.27,841.89,16.42
2026-02-19 15:00:00,25.71,82.1,809.79,18.25
2026-01-10 09:00:00,31.62,84.51,848.8,17.32
2026-02-13 17:00:00,31.53,88.42,903.44,17.56
2026-08-30 12:00:00,17.93,86.25,838.89,14.22
2026-04-16 19:00:00,14.14,71.36,858.0,13.72
2026-07-13 13:00:00,31.87,81.64,914.09,18.89
2026-03-15 15:00:00,20.82,82.11,853.47,14.09
2026-06-12 15:00:00,21.32,89.31,828.81,15.66
2026-09-04 06:00:00,10.76,89.81,830.65,11.53
2026-05-18 11:00:00,11.76,72.87,848.83,12.52
2026-10-25 21:00:00,27.4,74.04,881.17,16.43
2026-02-09 08:00:00,27.46,90.91,800.69,17.98
2026-10-27 13:00:00,26.61,76.14,825.35,15.82
2026-05-02 16:00:00,27.57,88.02,901.5,17.32
2026-11-18 16:00:00,10.53,86.16,840.4,11.82
2026-01-21 20:00:00,17.08,66.19,928.43,13.35
2026-11-03 17:00:00,,68.36,,16.81
2026-01-20 11:00:00,19.07,68.83,814.84,15.28
2026-02-17 02:00:00,30.17,87.8,877.6,18.68
2026-08-18 21:00:00,30.48,72.96,934.84,17.44
2026-09-13 01:00:00,19.48,79.54,813.05,14.56
2026-11-25 07:00:00,20.3,89.34,829.03,16.33
2026-02-07 21:00:00,25.6,,826.7,16.47
2026-09-18 02:00:00,29.13,71.56,835.84,17.41
2026-09-07 22:00:00,,83.65,902.22,12.74
2026-11-16 18:00:00,,84.46,940.29,10.61
2026-11-05 11:00:00,22.7,73.7,,15.84
2026-12-13 05:00:00,20.47,67.35,945.18,14.35
2026-07-09 21:00:00,30.1,76.69,948.64,15.92
2026-08-10 09:00:00,24.3,70.87,911.14,14.46
2026-01-07 19:00:00,,84.71,949.42,16.37
2026-01-05 18:00:00,27.01,88.34,940.82,17.9
2026-04-27 18:00:00,30.02,84.88,947.85,17.2
2026-07-25 19:00:00,10.24,89.78,918.68,12.99
2026-11-15 09:00:00,10.27,87.13,851.56,12.2
2026-10-12 15:00:00,9.34,89.48,876.5,11.98
2026-01-13 10:00:00,29.66,73.58,881.34,18.1
2026-12-18 13:00:00,12.9,78.35,808.94,12.62
2026-04-09 22:00:00,11.98,71.08,893.68,12.19
2026-11-10 00:00:00,15.71,75.64,893.09,13.46
2026-03-16 01:00:00,21.74,82.25,846.69,15.19
2026-07-27 16:00:00,,86.29,888.14,12.44
2026-12-28 14:00:00,15.15,87.72,,13.51
2026-02-28 23:00:00,14.76,70.01,907.77,12.54
2026-07-10 04:00:00,30.88,77.42,915.78,18.01
2026-11-13 13:00:00,9.56,82.06,819.74,11.59
2026-07-24 15:00:00,15.77,89.73,881.0,12.51
2026-11-12 14:00:00,10.92,83.42,813.23,11.82
2026-08-18 05:00:00,30.62,74.08,857.67,17.15
2026-09-30 04:00:00,24.95,76.71,884.63,16.14
2026-05-18 10:00:00,8.32,72.32,831.59,12.91
2026-11-07 09:00:00,19.34,72.58,807.34,13.37
2026-04-24 12:00:00,29.32,81.84,895.59,18.26
2026-10-22 16:00:00,22.42,78.36,813.18,15.69
2026-09-08 13:00:00,14.14,82.61,815.38,13.06
2026-04-21 19:00:00,23.06,80.56,857.51,16.54
2026-09-28 06:00:00,25.28,75.62,919.41,15.83
2026-10-21 08:00:00,23.48,78.07,896.33,15.16
2026-01-12 11:00:00,29.9,78.76,858.57,17.76
2026-01-06 18:00:00,29.58,84.17,933.46,16.78
2026-04-30 19:00:00,28.43,89.95,805.54,17.53
2026-10-08 10:00:00,13.38,86.42,879.04,12.46
2026-04-10 17:00:00,9.09,65.38,904.61,10.6
2026-07-05 07:00:00,24.8,70.99,941.99,15.8
2026-09-01 22:00:00,8.79,87.88,818.42,12.67
2026-03-30 17:00:00,25.3,85.12,922.86,16.32
2026-04-04 03:00:00,17.91,77.6,887.56,14.33
2026-11-14 19:00:00,11.09,85.49,897.34,12.74
2026-01-13 02:00:00,28.42,77.88,882.93,17.24
2026-08-05 21:00:00,17.7,73.87,921.6,14.3
2026-06-26 12:00:00,13.58,73.84,804.08,13.23
2026-03-11 10:00:00,12.73,77.54,919.67,12.5
2026-02-19 07:00:00,25.71,85.81,922.68,17.57
2026-04-12 20:00:00,9.56,72.76,881.41,11.77
2026-05-19 10:00:00,8.03,69.83,822.45,11.44
2026-01-30 01:00:00,8.53,78.0,926.54,11.21
2026-08-21 13:00:00,28.75,81.4,933.3,17.28
2026-03-15 01:00:00,17.34,80.34,816.98,13.85
2026-06-09 12:00:00,29.05,85.92,874.69,17.22
2026-09-19 07:00:00,29.54,67.3,825.09,17.49
2026-04-27 08:00:00,28.62,89.14,858.29,17.74
2026-10-18 04:00:00,17.24,85.9,871.9,13.65
2026-11-16 02:00:00,11.15,,938.86,11.89
2026-07-22 16:00:00,16.61,88.82,870.09,13.74
2026-06-23 14:00:00,9.56,80.78,936.2,12.13
2026-06-12 20:00:00,23.26,90.96,,15.96
2026-08-06 01:00:00,16.83,71.98,893.9,13.59
2026-04-21 00:00:00,23.6,77.36,904.04,15.81
2026-06-13 17:00:00,21.16,89.54,867.09,15.46
2026-10-27 12:00:00,29.2,70.6,870.24,17.81
2026-10-18 15:00:00,17.75,88.08,894.83,14.31
2026-06-20 20:00:00,8.68,85.6,826.99,11.06
2026-11-11 10:00:00,13.4,78.89,931.45,13.92
2026-03-16 15:00:00,22.95,,909.02,15.99
2026-10-10 19:00:00,8.3,89.85,822.49,11.7
2026-11-05 15:00:00,23.75,70.84,837.77,16.76
2026-06-30 19:00:00,16.66,70.42,884.8,12.86
2026-11-12 02:00:00,14.02,81.33,832.62,13.58
2026-12-31 00:00:00,18.67,88.73,926.46,14.39
2026-04-26 09:00:00,28.19,83.73,802.65,17.72
2026-11-07 22:00:00,17.02,75.33,815.2,13.21
2026-01-09 12:00:00,27.88,83.84,901.66,17.68
2026-10-16 12:00:00,11.33,89.77,844.1,11.44
2026-04-02 12:00:00,20.19,75.29,855.61,15.14
2026-01-21 03:00:00,17.13,67.79,947.42,13.64
2026-12-24 17:00:00,11.35,83.71,880.58,12.05
2026-11-14 16:00:00,14.49,83.55,889.92,13.4
2026-11-17 13:00:00,9.97,86.88,927.72,10.49
2026-09-21 20:00:00,29.25,72.39,836.2,17.02
2026-04-03 23:00:00,18.27,78.93,818.85,14.35
2026-11-07 03:00:00,21.34,79.52,820.6,14.11
2026-09-01 14:00:00,15.5,,863.92,14.23
2026-07-03 00:00:00,21.38,68.22,933.64,14.7
2026-07-20 19:00:00,19.47,87.01,912.44,14.6
2026-02-01 23:00:00,,83.25,,14.68
2026-06-03 03:00:00,29.53,81.14,868.41,16.24
2026-08-07 10:00:00,20.17,76.92,839.69,15.73
2026-07-01 18:00:00,19.16,68.22,898.83,15.12
2026-03-24 00:00:00,29.71,85.32,861.61,17.01
2026-08-02 12:00:00,12.94,81.82,849.41,13.0
2026-02-13 09:00:00,28.57,90.06,939.33,17.41
2026-03-27 11:00:00,27.09,88.26,933.44,17.1
2026-02-22 03:00:00,25.61,,871.41,16.72
2026-07-25 04:00:00,13.75,90.7,865.58,13.22
2026-03-21 07:00:00,29.4,86.18,928.57,17.89
2026-09-12 16:00:00,19.34,78.29,903.41,14.44
2026-07-25 06:00:00,12.3,91.08,861.05,12.92
2026-05-12 13:00:00,14.07,82.07,803.83,12.53
2026-06-07 15:00:00,27.32,87.05,852.18,18.32
2026-05-23 00:00:00,13.33,69.85,,13.2
2026-08-23 11:00:00,26.01,,912.0,16.44
2026-12-21 11:00:00,9.02,79.82,914.08,10.79
2026-09-19 02:00:00,28.34,70.93,855.19,17.99
2026-03-24 18:00:00,31.03,89.31,884.48,19.06
2026-09-02 07:00:00,7.93,88.27,,10.83
2026-09-07 07:00:00,11.85,87.26,850.33,12.78
2026-07-09 12:00:00,,78.35,937.29,18.11
2026-07-20 00:00:00,22.01,89.2,833.19,16.53
2026-10-18 03:00:00,16.37,84.75,859.37,14.59
2026-02-22 09:00:00,24.59,78.33,945.21,15.57
2026-01-03 12:00:00,23.45,90.02,947.01,16.34
2026-10-19 09:00:00,20.59,84.68,844.74,15.13
2026-10-15 11:00:00,10.78,87.01,920.28,12.5
2026-09-22 08:00:00,30.04,71.27,862.6,17.43
2026-04-25 07:00:00,28.2,86.69,879.27,16.75
2026-03-26 13:00:00,28.4,87.7,800.16,17.79
2026-11-09 17:00:00,12.47,79.54,833.01,13.11
2026-02-28 12:00:00,,65.69,930.93,13.19
2026-11-11 19:00:00,13.31,83.33,861.76,12.68
2026-03-15 16:00:00,21.34,86.33,949.69,15.14
2026-12-01 05:00:00,27.51,80.81,947.63,17.1
2026-06-22 00:00:00,9.17,80.77,874.74,11.63
2026-06-07 08:00:00,26.53,88.69,803.54,17.0
2026-10-16 01:00:00,15.49,84.07,900.27,12.37
2026-07-10 05:00:00,28.86,79.38,917.11,16.87
2026-12-27 13:00:00,12.9,85.66,868.97,12.22
2026-07-24 02:00:00,15.54,90.13,830.52,13.83
2026-12-05 08:00:00,31.63,72.53,892.92,20.02
2026-03-19 02:00:00,25.51,87.72,823.91,16.89
2026-01-24 09:00:00,15.39,70.32,910.34,13.36
2026-09-02 17:00:00,9.03,88.7,888.14,11.68
2026-05-04 23:00:00,26.21,89.14,834.13,16.21
2026-10-31 01:00:00,29.1,72.65,881.7,17.89
2026-06-13 10:00:00,20.88,91.2,892.79,15.15
2026-12-21 03:00:00,12.03,79.85,848.47,12.62
2026-12-08 23:00:00,24.96,72.94,810.75,15.71
2026-09-13 02:00:00,18.19,79.26,883.4,13.52
2026-10-24 21:00:00,24.58,76.6,877.01,15.65
2026-07-30 04:00:00,11.26,85.59,846.81,14.06
2026-08-25 23:00:00,19.71,83.8,863.84,14.65
2026-07-21 01:00:00,19.82,90.69,869.62,15.55
2026-03-04 02:00:00,9.64,69.07,835.88,10.86
2026-11-06 19:00:00,21.17,71.9,822.04,14.95
2026-05-10 19:00:00,16.91,80.0,928.01,14.7
2026-08-24 13:00:00,24.55,82.56,,15.29
2026-02-06 19:00:00,,88.48,872.13,15.71
2026-02-23 13:00:00,20.06,75.96,855.98,12.94
2026-12-24 12:00:00,10.67,82.91,916.05,11.18
2026-02-08 15:00:00,24.15,86.51,871.56,15.21
2026-08-18 20:00:00,,76.27,889.03,17.8
2026-07-30 05:00:00,11.63,83.97,919.0,12.34
2026-07-20 14:00:00,20.71,,838.65,16.24
2026-05-19 11:00:00,,,925.64,12.63
2026-04-18 03:00:00,13.87,74.39,852.97,12.12
2026-11-22 07:00:00,,91.48,938.64,12.99
2026-01-11 00:00:00,28.7,81.74,871.95,16.86
2026-11-06 23:00:00,21.39,74.16,889.47,15.97
2026-02-15 17:00:00,27.0,86.2,949.04,16.97
2026-11-22 05:00:00,13.85,90.0,849.89,11.67
2026-07-28 00:00:00,10.33,86.03,889.02,11.91
2026-11-19 05:00:00,11.2,88.61,861.05,12.33
2026-09-30 00:00:00,22.95,80.77,917.3,14.92
2026-03-06 13:00:00,11.91,73.04,915.02,12.02
2026-05-31 14:00:00,28.16,76.03,818.69,17.69
2026-02-10 08:00:00,26.08,89.07,875.6,17.67
2026-10-06 12:00:00,12.69,85.46,820.68,12.41
2026-03-02 21:00:00,9.46,69.6,919.74,10.49
2026-01-09 14:00:00,30.73,81.66,,18.68
2026-02-02 20:00:00,14.0,82.41,850.16,12.9
2026-08-13 08:00:00,29.23,67.56,940.22,17.91
2026-11-13 08:00:00,10.18,83.98,802.29,11.45
2026-02-26 19:00:00,15.09,68.68,881.35,12.95
2026-11-10 09:00:00,12.44,77.55,919.61,13.32
2026-07-18 03:00:00,,84.51,890.75,16.5
2026-06-24 03:00:00,9.57,79.92,815.68,11.52
2026-01-08 12:00:00,30.55,86.8,915.71,17.55
2026-11-11 15:00:00,15.99,77.01,,13.95
2026-11-29 19:00:00,,86.21,866.93,16.45
2026-02-15 10:00:00,29.89,86.01,921.29,18.74
2026-01-23 13:00:00,11.57,72.3,898.02,11.84
2026-03-24 01:00:00,31.7,87.68,834.95,18.61
2026-07-25 21:00:00,11.94,85.88,925.5,12.44
2026-02-07 10:00:00,23.39,91.45,911.11,17.22
2026-04-27 12:00:00,30.21,87.82,835.72,17.07
2026-10-04 02:00:00,16.6,80.49,,14.0
2026-03-18 09:00:00,25.93,89.11,882.82,16.68
2026-11-01 19:00:00,30.35,71.62,944.97,15.65
2026-12-24 04:00:00,10.88,83.79,886.34,11.61
2026-08-05 20:00:00,19.97,74.62,912.83,15.58
2026-06-08 09:00:00,26.06,87.83,856.94,16.29
2026-04-28 22:00:00,27.37,89.5,894.97,16.78
2026-12-22 22:00:00,8.98,81.2,908.09,11.98
2026-06-01 02:00:00,26.44,77.83,848.38,17.22
2026-10-03 20:00:00,12.87,83.84,901.79,11.83
2026-08-11 15:00:00,25.04,69.17,853.83,15.02
2026-02-28 21:00:00,16.72,71.17,871.27,12.76
2026-01-07 04:00:00,29.51,86.9,896.6,17.24
2026-01-05 09:00:00,27.45,90.33,934.85,18.27
2026-03-13 08:00:00,13.92,79.58,839.52,13.26
2026-03-10 22:00:00,,76.89,814.97,13.4
2026-09-09 15:00:00,,82.06,856.81,14.32
2026-04-15 20:00:00,12.95,75.18,837.72,13.19
2026-01-18 17:00:00,22.98,70.65,,13.9
2026-03-14 00:00:00,18.85,79.63,808.36,15.33
2026-01-02 04:00:00,21.09,91.2,873.32,14.54
2026-09-10 02:00:00,16.56,80.67,948.2,13.02
2026-11-19 19:00:00,12.16,89.73,865.41,12.39
2026-01-19 08:00:00,20.43,73.78,808.21,15.82
2026-04-01 08:00:00,21.2,79.31,818.85,16.32
2026-01-31 21:00:00,9.84,83.36,837.81,12.08
2026-10-11 11:00:00,12.57,,866.69,12.05
2026-08-20 16:00:00,26.6,75.46,930.8,16.69
2026-09-10 14:00:00,14.68,82.98,875.96,13.02
2026-04-08 09:00:00,11.37,72.23,841.62,10.66
2026-05-26 06:00:00,21.04,71.8,922.48,14.86
2026-04-10 11:00:00,8.73,71.12,946.86,11.23
2026-03-05 09:00:00,10.91,70.65,923.28,11.75
2026-05-29 21:00:00,25.07,76.6,803.48,16.23
2026-01-07 04:00:00,29.51,86.9,896.6,17.24
2026-12-31 09:00:00,17.96,92.55,928.3,14.79
2026-12-31 18:00:00,18.66,87.94,916.99,15.55
2026-07-08 10:00:00,29.28,74.18,868.88,17.24
2026-07-22 19:00:00,16.47,92.81,818.08,13.94
2026-02-03 14:00:00,15.53,82.74,,13.46
2026-08-16 00:00:00,30.3,70.17,860.56,17.56
2026-01-24 14:00:00,9.0,69.69,945.78,11.53
2026-02-11 04:00:00,26.87,88.59,869.29,17.05
2026-03-25 07:00:00,28.68,87.62,822.23,17.31
2026-11-09 13:00:00,16.28,79.07,943.71,14.75
2026-08-17 10:00:00,30.11,,849.64,16.55
2026-08-11 00:00:00,25.69,68.79,835.59,15.37
2026-07-03 01:00:00,20.17,72.65,896.79,13.88
2026-07-14 20:00:00,29.53,77.73,800.04,17.87
2026-04-30 21:00:00,28.76,89.12,879.28,17.68
2026-04-09 13:00:00,12.79,72.75,930.89,11.95
2026-04-05 04:00:00,15.83,76.73,803.62,14.23
2026-07-24 10:00:00,13.32,93.18,949.76,12.24
2026-05-06 08:00:00,25.64,88.43,870.77,16.23
2026-07-18 00:00:00,24.17,83.93,922.02,15.55
2026-10-05 21:00:00,14.49,88.38,888.24,13.17
2026-05-02 08:00:00,27.83,87.34,901.38,17.0
2026-05-09 11:00:00,17.08,83.88,883.16,14.19
2026-06-28 19:00:00,13.42,74.75,921.27,12.92
2026-01-15 15:00:00,,74.67,,17.87
2026-04-17 14:00:00,15.7,72.94,930.55,13.18
2026-01-17 19:00:00,22.55,,841.9,15.8
2026-12-28 10:00:00,13.76,86.59,846.02,13.52
2026-05-02 12:00:00,28.53,90.03,936.48,17.94
2026-01-13 17:00:00,28.33,75.39,877.65,17.54
2026-10-22 21:00:00,27.89,82.5,913.53,17.75
2026-02-13 03:00:00,31.45,91.71,897.06,17.49
2026-08-07 17:00:00,20.18,75.96,896.73,15.08
2026-11-01 05:00:00,27.82,72.83,899.35,17.0
2026-11-15 17:00:00,,87.77,933.69,11.47
2026-07-23 20:00:00,14.05,92.55,916.07,13.41
2026-08-13 23:00:00,29.04,69.27,896.86,18.44
2026-04-11 12:00:00,8.32,67.72,867.85,11.51
2026-04-13 11:00:00,11.35,69.37,818.82,11.63
2026-08-17 02:00:00,29.75,74.01,929.37,17.07
2026-06-01 22:00:00,28.92,81.49,863.02,16.87
2026-07-26 16:00:00,10.99,90.64,848.44,12.83
2026-12-04 20:00:00,31.65,76.03,933.59,18.57
2026-05-14 08:00:00,12.06,77.67,,12.72
2026-10-16 16:00:00,14.52,88.0,827.58,14.92
2026-06-10 19:00:00,25.29,90.25,833.39,16.68
2026-11-04 09:00:00,25.61,70.88,895.96,16.42
2026-09-26 19:00:00,28.96,72.14,872.68,17.68
2026-04-07 09:00:00,13.01,73.0,,12.61
2026-05-04 06:00:00,28.68,88.0,818.34,17.98
2026-10-02 03:00:00,16.61,80.19,859.73,13.09
2026-11-16 11:00:00,9.28,84.54,886.68,11.58
2026-06-21 22:00:00,8.98,81.4,,12.3
2026-04-13 07:00:00,12.78,72.32,,12.75
2026-07-17 06:00:00,26.07,87.14,938.62,17.32
2026-08-26 12:00:00,19.48,,832.1,14.55
2026-11-19 13:00:00,11.27,91.45,923.01,12.74
2026-01-31 05:00:00,10.89,82.27,836.37,11.25
2026-08-20 08:00:00,28.23,76.45,916.12,16.54
2026-10-28 05:00:00,30.12,74.23,908.03,18.48
2026-08-14 17:00:00,26.2,67.09,922.82,15.84
2026-02-26 22:00:00,16.3,,821.25,14.09
2026-07-23 23:00:00,14.7,89.19,880.95,12.73
2026-01-20 19:00:00,17.0,67.4,849.37,14.1
2026-07-24 01:00:00,12.92,92.1,875.43,13.93
2026-03-23 18:00:00,30.76,90.0,914.64,17.93
2026-04-15 18:00:00,12.53,72.75,855.11,12.74
2026-12-07 00:00:00,28.94,74.75,936.61,17.02
2026-10-15 06:00:00,11.68,88.43,848.58,12.55
2026-03-24 06:00:00,29.97,87.87,853.82,18.17
2026-02-11 11:00:00,27.12,91.99,930.98,18.45
2026-10-17 17:00:00,15.21,84.85,912.36,12.58
2026-06-05 19:00:00,27.91,83.14,883.19,16.75
2026-05-09 14:00:00,18.46,86.83,869.94,14.12
2026-06-09 19:00:00,26.32,87.72,906.75,16.04
2026-02-09 22:00:00,26.41,91.14,874.78,16.22
2026-07-23 06:00:00,14.77,93.33,819.99,13.7
2026-10-11 01:00:00,9.09,89.34,940.55,11.63
2026-07-18 14:00:00,21.83,85.22,843.3,15.59
2026-10-05 00:00:00,,84.57,882.03,13.81
2026-01-20 08:00:00,17.97,67.12,800.15,13.1
2026-01-21 11:00:00,18.51,73.36,880.61,13.78
2026-05-13 19:00:00,13.69,75.55,826.76,13.44
2026-11-19 10:00:00,11.69,90.6,942.49,13.03
2026-07-03 03:00:00,19.07,71.62,819.25,13.67
2026-08-14 19:00:00,27.45,69.92,848.37,16.72
2026-11-29 00:00:00,25.11,84.06,,16.05
2026-12-17 07:00:00,11.66,71.19,,12.45
2026-01-17 09:00:00,25.92,,932.2,16.22
2026-01-31 04:00:00,11.39,76.63,913.34,12.4
2026-03-19 11:00:00,27.34,84.67,909.87,17.02
2026-11-28 07:00:00,26.15,84.55,848.57,16.41
2026-05-07 02:00:00,23.09,86.42,884.17,16.23
2026-12-25 16:00:00,7.4,82.92,882.01,10.58
2026-09-19 15:00:00,,70.49,822.23,17.56
2026-10-30 00:00:00,27.0,69.88,928.4,17.05
2026-12-16 16:00:00,17.49,70.07,820.88,15.09
2026-12-07 21:00:00,28.89,71.39,844.39,16.47
2026-03-28 22:00:00,26.01,88.75,926.67,17.64
2026-12-29 03:00:00,15.62,90.59,921.88,14.22
2026-10-06 13:00:00,,87.74,813.21,13.33
2026-06-22 10:00:00,11.47,77.39,949.94,12.37
2026-11-10 04:00:00,17.81,77.97,936.38,12.57
2026-09-16 16:00:00,25.13,73.38,822.77,16.88
2026-01-23 03:00:00,11.32,71.08,881.18,11.77
2026-08-24 10:00:00,22.8,84.03,946.98,15.35
2026-01-13 03:00:00,27.96,74.71,913.18,16.98
2026-12-11 11:00:00,22.18,69.74,896.39,15.13
2026-02-12 23:00:00,26.47,89.98,863.9,17.5
2026-04-18 14:00:00,16.7,73.32,922.28,13.49
2026-03-22 08:00:00,31.18,92.35,947.25,17.89
2026-10-03 22:00:00,16.85,79.75,841.36,13.8
2026-10-29 16:00:00,30.98,72.48,886.28,17.78
2026-05-10 15:00:00,16.38,82.9,863.13,14.42
2026-06-19 10:00:00,12.5,84.7,861.31,12.86
2026-02-14 05:00:00,25.43,89.23,943.35,16.66
2026-04-11 00:00:00,8.94,72.88,841.41,10.21
2026-11-19 16:00:00,12.18,90.7,899.21,11.13
2026-03-09 23:00:00,11.11,77.94,820.49,13.17
2026-08-19 13:00:00,29.44,75.48,825.39,17.81
2026-07-13 04:00:00,30.42,81.42,924.16,18.23
2026-02-24 22:00:00,18.79,74.63,,15.08
2026-11-01 06:00:00,27.87,73.37,943.5,15.67
2026-11-22 13:00:00,14.58,88.59,889.47,13.1
2026-08-13 01:00:00,24.28,68.39,810.78,15.84
2026-08-22 21:00:00,25.59,85.08,842.88,17.02
2026-05-16 23:00:00,11.88,76.3,895.56,12.55
2026-07-05 15:00:00,25.59,72.2,945.61,15.48
2026-08-30 16:00:00,13.52,92.32,914.08,13.65
2026-12-23 04:00:00,9.36,84.97,827.94,11.7
2026-05-17 07:00:00,8.74,71.23,,10.97
2026-07-26 07:00:00,13.7,86.43,802.02,13.22
2026-03-20 11:00:00,27.19,88.76,814.72,17.61
2026-05-31 10:00:00,26.96,78.06,868.6,15.4
2026-11-12 09:00:00,11.36,84.7,840.07,13.51
2026-01-18 03:00:00,20.23,71.26,935.22,14.67
2026-02-05 18:00:00,,89.41,820.11,14.58
2026-04-21 01:00:00,20.63,76.3,874.11,13.31
2026-12-28 12:00:00,14.7,94.79,875.06,13.04
2026-11-14 21:00:00,10.91,83.95,838.9,12.36
2026-07-22 11:00:00,16.85,88.35,839.55,13.92
2026-10-05 09:00:00,16.42,84.72,,12.9
2026-10-02 17:00:00,17.37,81.09,941.71,14.85
2026-12-13 17:00:00,18.02,70.28,874.3,14.9
2026-07-08 16:00:00,28.67,72.93,,17.25
2026-08-13 13:00:00,24.92,70.65,819.82,16.47
2026-12-19 01:00:00,,75.68,916.11,13.04
2026-05-27 05:00:00,19.59,,942.17,14.67
2026-02-26 02:00:00,,73.71,923.69,12.78
2026-03-03 12:00:00,10.64,72.38,926.07,10.51
2026-06-26 17:00:00,12.96,74.79,910.37,12.54
2026-06-05 04:00:00,29.07,82.5,913.24,16.83
2026-02-22 01:00:00,22.15,79.56,813.86,14.89
2026-04-30 18:00:00,29.76,91.52,823.05,18.18
2026-08-13 20:00:00,28.82,74.27,902.41,16.81
2026-09-27 13:00:00,25.59,73.82,934.04,15.78
2026-07-25 02:00:00,14.06,87.96,916.13,12.52
2026-11-27 04:00:00,22.41,91.47,934.43,14.37
2026-06-24 18:00:00,6.71,78.4,844.27,10.61
2026-02-28 01:00:00,14.83,68.1,,13.07
2026-01-30 08:00:00,8.23,79.41,906.44,10.9
2026-11-03 16:00:00,24.6,72.66,,15.09
2026-08-15 12:00:00,29.54,71.69,896.99,18.3
2026-11-04 03:00:00,,68.74,846.98,16.82
2026-04-24 11:00:00,28.54,82.01,938.49,16.94
2026-01-15 17:00:00,25.48,72.85,849.09,16.24
2026-08-03 09:00:00,13.07,73.53,944.81,12.79
2026-07-12 19:00:00,28.69,83.63,,18.01
2026-07-07 19:00:00,28.32,74.74,878.66,16.4
2026-08-18 15:00:00,30.75,76.68,909.74,17.92
2026-03-04 10:00:00,11.85,69.43,,11.73
2026-10-27 01:00:00,27.94,73.75,888.6,16.84
2026-07-20 04:00:00,,87.84,865.55,14.15
2026-03-24 14:00:00,29.03,88.08,898.18,18.6
2026-04-21 15:00:00,23.23,77.34,836.01,15.36
2026-01-24 07:00:00,11.74,68.88,898.67,12.19
2026-04-25 13:00:00,27.34,86.64,866.53,17.55
2026-11-18 12:00:00,9.61,93.85,870.07,11.38
2026-10-11 18:00:00,10.78,85.4,821.34,12.25
2026-12-04 21:00:00,30.61,73.95,948.64,17.54
2026-03-20 21:00:00,28.32,86.08,,16.07
2026-05-27 20:00:00,20.59,72.47,830.12,14.07
2026-04-07 07:00:00,15.05,69.71,905.9,12.87
2026-02-07 04:00:00,22.75,89.04,893.51,16.09
2026-12-05 20:00:00,30.19,74.52,832.03,18.17
2026-05-29 20:00:00,25.19,76.21,890.02,15.22
2026-07-08 19:00:00,30.27,76.25,943.63,16.85
2026-01-24 12:00:00,13.94,,899.62,11.93
2026-05-19 15:00:00,9.57,72.32,891.36,11.0
2026-09-10 01:00:00,13.14,81.34,809.67,13.02
2026-04-11 08:00:00,11.22,69.91,927.3,12.18
2026-05-12 18:00:00,12.94,,832.63,12.13
2026-03-10 20:00:00,,74.62,838.05,12.85
2026-04-08 19:00:00,9.67,70.42,922.25,11.35
2026-04-21 22:00:00,23.33,78.61,908.75,16.09
2026-05-09 17:00:00,18.55,84.17,920.38,14.92
2026-09-14 08:00:00,20.32,81.95,849.02,16.0
2026-06-30 09:00:00,15.85,74.41,910.6,13.51
2026-08-01 16:00:00,11.75,81.7,926.46,12.41
2026-10-04 17:00:00,17.77,,869.24,13.78
2026-04-09 16:00:00,8.75,69.47,841.29,10.78
2026-02-28 10:00:00,15.87,71.26,843.01,13.89
2026-09-01 05:00:00,13.59,91.72,,12.87
2026-02-22 13:00:00,23.81,78.38,835.71,16.31
2026-03-12 06:00:00,14.76,80.44,893.03,13.68
2026-03-27 18:00:00,28.5,87.51,916.36,17.34
2026-05-29 09:00:00,22.87,76.23,810.05,15.77
2026-04-27 03:00:00,27.15,83.58,864.43,17.86
2026-10-24 22:00:00,27.56,79.58,809.77,17.32
2026-03-07 02:00:00,6.58,74.17,846.44,11.6
2026-10-13 07:00:00,11.59,91.48,802.98,12.87
2026-01-05 23:00:00,28.66,85.89,824.5,15.55
2026-01-19 02:00:00,22.54,68.55,829.4,15.46
2026-05-16 04:00:00,10.16,75.04,858.52,11.69
2026-04-20 18:00:00,23.0,75.63,,16.82
2026-12-13 20:00:00,19.89,69.24,846.89,14.73
2026-11-29 20:00:00,27.32,82.36,898.37,17.9
2026-09-10 03:00:00,16.08,83.4,,13.31
2026-01-20 06:00:00,17.23,72.0,883.21,12.87
2026-12-19 06:00:00,10.19,81.09,803.48,11.64
2026-12-11 05:00:00,26.75,70.13,803.07,17.47
2026-11-21 23:00:00,11.58,87.77,925.43,12.73
2026-05-22 13:00:00,15.31,71.43,,13.91
2026-03-25 15:00:00,28.44,92.4,887.65,18.1
2026-11-17 15:00:00,12.43,,832.48,13.49
2026-11-01 21:00:00,29.82,69.22,,17.03
2026-05-17 00:00:00,11.11,75.86,875.03,11.63
2026-12-13 09:00:00,19.3,69.57,900.38,15.49
2026-06-02 12:00:00,28.47,78.76,909.15,17.65
2026-12-24 09:00:00,8.87,80.26,800.01,11.43
2026-03-01 12:00:00,12.36,70.68,941.15,12.29
2026-11-15 21:00:00,10.76,83.03,937.9,11.16
2026-08-15 16:00:00,28.79,68.75,,17.05
2026-01-31 16:00:00,11.95,82.88,948.71,11.86
2026-02-21 05:00:00,29.03,77.65,916.41,17.03
2026-12-01 00:00:00,27.05,81.85,856.17,16.46
2026-04-06 21:00:00,11.34,72.17,934.93,11.79
2026-09-01 18:00:00,11.35,94.39,889.94,12.77
2026-11-22 21:00:00,16.97,90.84,937.77,13.89
2026-06-19 15:00:00,,82.74,827.07,12.19
2026-07-20 23:00:00,19.58,92.31,846.67,14.93
2026-10-23 17:00:00,25.91,81.52,839.03,15.25
2026-10-23 05:00:00,22.14,,911.03,14.2
2026-09-05 14:00:00,,87.99,832.06,11.7
2026-08-21 15:00:00,27.7,79.74,904.21,17.47
2026-08-28 08:00:00,13.79,89.24,937.48,13.73
2026-12-23 08:00:00,10.83,83.76,845.03,11.48
2026-09-22 17:00:00,31.1,69.07,905.39,17.1
2026-05-07 20:00:00,,87.09,815.53,15.67
2026-08-20 19:00:00,29.17,77.37,851.21,16.84
2026-07-30 15:00:00,8.41,81.36,946.59,11.73
2026-03-04 11:00:00,11.18,70.25,855.07,11.57
2026-07-18 22:00:00,19.59,89.16,916.09,16.43
2026-08-26 10:00:00,19.51,87.01,912.96,14.76
2026-08-25 02:00:00,22.99,83.48,826.3,15.5
2026-04-27 07:00:00,28.38,86.56,841.8,16.74
2026-09-19 13:00:00,,67.82,882.59,18.02
2026-09-25 02:00:00,29.76,71.15,899.31,17.14
2026-11-26 17:00:00,22.94,86.31,853.34,15.31
2026-10-27 18:00:00,30.86,73.25,901.11,18.14
2026-01-27 14:00:00,8.16,73.34,917.78,12.15
2026-05-02 00:00:00,26.89,90.15,870.3,16.41
2026-08-09 10:00:00,24.82,71.38,857.17,15.65
2026-02-20 03:00:00,27.95,80.4,811.91,17.54
2026-04-03 18:00:00,19.56,81.01,,14.94
2026-08-04 20:00:00,15.18,76.82,825.35,13.23
2026-11-08 13:00:00,18.03,78.18,803.43,13.6
2026-09-11 02:00:00,18.57,77.79,802.44,14.27
2026-06-17 17:00:00,13.89,88.47,,13.62
2026-05-03 16:00:00,28.15,90.9,848.23,17.5
2026-06-29 00:00:00,12.78,70.67,804.67,12.75
2026-06-29 01:00:00,14.61,69.21,933.62,11.88
2026-12-11 00:00:00,26.18,67.77,915.7,15.37
2026-11-06 12:00:00,21.53,73.25,860.28,15.48
2026-02-23 21:00:00,22.75,73.07,858.54,14.72
2026-03-18 13:00:00,25.9,89.37,837.35,15.97
2026-03-04 08:00:00,13.44,71.64,829.55,12.17
2026-10-09 01:00:00,9.09,88.93,821.18,12.05
2026-02-18 13:00:00,32.42,,897.7,19.73
2026-03-16 05:00:00,21.95,85.19,942.15,14.78
2026-08-19 12:00:00,31.13,74.28,848.25,18.74
2026-04-28 04:00:00,32.3,86.84,928.97,17.19
2026-03-16 00:00:00,20.81,86.73,824.08,15.85
2026-08-15 11:00:00,28.68,70.93,804.56,18.61
2026-06-04 19:00:00,29.75,86.85,809.98,18.0
2026-03-17 10:00:00,23.33,,946.92,16.94
2026-12-24 18:00:00,13.33,,824.64,14.43
2026-12-17 11:00:00,15.5,75.38,946.11,13.4
2026-07-04 13:00:00,22.75,70.48,833.92,15.46
2026-09-02 15:00:00,10.75,87.41,819.39,12.06
2026-04-03 04:00:00,19.73,82.23,833.01,14.93
2026-01-08 22:00:00,,83.85,944.6,17.61
2026-04-06 04:00:00,13.05,74.28,925.11,12.53
2026-10-23 16:00:00,30.01,76.3,934.83,18.38
2026-08-01 21:00:00,11.45,81.37,,13.08
2026-11-29 04:00:00,,80.9,934.23,14.89
2026-07-29 04:00:00,9.98,90.07,841.75,11.73
2026-12-19 20:00:00,,76.63,878.44,11.21
2026-10-18 22:00:00,17.79,85.82,804.16,14.03
2026-04-07 02:00:00,13.5,72.58,875.61,11.65
2026-12-04 22:00:00,28.54,73.06,853.55,17.45
2026-05-13 23:00:00,13.24,73.1,925.65,12.42
2026-06-15 17:00:00,19.66,87.3,901.02,15.29
2026-10-10 08:00:00,11.35,91.97,826.62,11.76
2026-10-31 03:00:00,28.34,72.37,922.62,16.42
2026-05-12 23:00:00,,80.34,850.53,11.5
2026-12-22 11:00:00,7.86,83.96,851.31,12.27
2026-03-08 09:00:00,12.27,71.75,863.38,12.67
2026-06-04 13:00:00,30.01,85.28,944.59,18.37
2026-12-18 23:00:00,15.46,77.35,833.3,14.24
2026-05-29 03:00:00,23.56,75.77,841.53,15.39
2026-03-21 00:00:00,28.21,92.34,878.33,17.3
2026-10-13 17:00:00,10.75,91.37,946.98,12.65
2026-04-12 00:00:00,7.76,69.08,921.54,10.67
2026-03-29 20:00:00,25.04,83.61,,16.39
2026-04-28 20:00:00,31.34,87.68,890.27,17.46
2026-07-28 20:00:00,10.17,85.61,812.41,13.09
2026-01-10 03:00:00,30.12,81.12,912.14,17.05
2026-12-06 21:00:00,27.68,72.93,917.73,18.56
2026-04-24 23:00:00,26.16,83.58,806.54,17.88
2026-04-26 23:00:00,27.41,88.18,846.69,18.2
2026-06-01 09:00:00,29.12,77.38,916.79,16.98
2026-03-27 08:00:00,28.01,86.65,822.87,17.35
2026-12-24 15:00:00,11.42,85.09,831.24,14.23
2026-10-20 22:00:00,19.58,84.05,853.88,14.53
2026-03-17 09:00:00,25.33,89.57,859.26,16.41
2026-10-19 19:00:00,19.35,82.64,,14.81
2026-08-10 02:00:00,23.36,71.79,932.73,16.27
2026-11-03 19:00:00,24.72,68.68,823.12,15.59
2026-12-19 16:00:00,12.93,79.21,839.49,13.56
2026-03-20 03:00:00,29.82,86.72,815.92,18.34
2026-10-11 07:00:00,11.88,89.66,800.33,13.04
2026-03-14 13:00:00,18.97,85.09,832.63,14.62
2026-08-19 01:00:00,28.45,78.19,923.43,16.89
2026-05-04 10:00:00,25.98,88.91,895.29,15.43
2026-09-09 05:00:00,,83.45,,12.16
2026-09-29 18:00:00,22.77,78.34,821.54,16.25
2026-11-01 14:00:00,27.57,68.14,821.18,17.65
2026-07-13 14:00:00,27.34,78.48,923.05,16.37
2026-05-10 09:00:00,17.76,81.4,827.91,14.94
2026-04-26 22:00:00,,86.85,940.83,16.51
2026-09-01 06:00:00,9.55,86.76,902.16,10.5
2026-08-06 11:00:00,15.62,73.96,839.6,12.27
2026-01-24 08:00:00,12.76,70.2,814.01,12.56
2026-10-07 10:00:00,11.07,89.47,870.14,12.51
2026-11-24 04:00:00,18.33,88.34,914.9,13.78
2026-06-28 14:00:00,13.1,74.16,828.85,12.48
2026-01-07 18:00:00,30.91,82.84,908.78,17.19
2026-05-10 18:00:00,17.18,82.4,904.58,13.57
2026-08-08 03:00:00,23.29,71.51,853.97,14.62
2026-12-05 05:00:00,30.45,72.86,,17.12
2026-02-18 12:00:00,30.33,83.42,809.68,18.03
2026-06-19 23:00:00,11.2,84.33,894.75,12.72
2026-04-12 08:00:00,10.1,69.44,909.58,11.5
2026-08-01 18:00:00,9.67,81.66,924.75,11.06
2026-10-02 14:00:00,18.19,80.55,882.15,14.69
2026-02-06 07:00:00,18.45,87.71,886.15,14.32
2026-11-12 08:00:00,14.05,81.08,876.16,11.88
2026-09-21 03:00:00,30.76,68.49,846.11,18.2
2026-06-25 21:00:00,12.19,74.65,902.86,12.03
2026-03-07 22:00:00,9.09,71.65,923.64,12.48
2026-09-19 12:00:00,,70.6,923.49,17.32
2026-07-12 21:00:00,30.4,79.14,864.64,18.24
2026-12-20 15:00:00,9.24,78.01,800.62,12.49
2026-04-12 02:00:00,10.93,72.02,917.52,12.35
2026-07-30 02:00:00,9.75,89.1,937.96,11.41
2026-01-07 23:00:00,32.16,84.13,867.97,19.49
2026-03-09 07:00:00,16.48,75.76,856.4,14.34
2026-07-30 19:00:00,9.5,83.54,941.85,11.57
2026-01-22 01:00:00,14.64,71.42,906.2,13.48
2026-02-10 03:00:00,,90.03,908.19,17.11
2026-05-20 05:00:00,,69.04,871.08,12.99
2026-04-20 03:00:00,21.56,76.49,889.24,14.97
2026-02-04 20:00:00,19.5,84.38,818.35,13.82
2026-03-06 14:00:00,9.93,71.85,805.13,12.52
2026-05-08 02:00:00,19.06,85.04,884.81,13.74
2026-06-04 23:00:00,29.84,80.78,924.8,17.3
2026-09-06 08:00:00,9.36,88.87,917.9,11.17
2026-11-28 10:00:00,26.9,82.9,930.39,16.63
2026-10-03 19:00:00,,80.9,862.39,14.09
2026-02-17 08:00:00,31.35,84.08,,18.34
2026-01-06 07:00:00,27.05,86.57,807.01,18.07
2026-01-22 06:00:00,15.46,73.1,844.21,13.11
2026-04-05 18:00:00,12.69,73.07,940.15,12.59
2026-04-18 00:00:00,17.13,71.97,930.44,13.23
2026-02-26 12:00:00,16.2,73.05,880.88,13.87
2026-09-13 16:00:00,21.97,78.07,925.09,15.68
2026-03-23 00:00:00,30.75,91.18,928.67,18.51
2026-12-06 10:00:00,30.45,73.74,933.11,17.78
2026-08-22 04:00:00,27.04,80.08,,16.9
2026-09-03 04:00:00,7.99,89.78,835.56,11.3
2026-06-23 09:00:00,10.72,79.22,891.18,11.27
2026-11-14 18:00:00,12.02,85.75,886.76,12.52
2026-11-10 09:00:00,12.44,77.55,919.61,13.32
2026-01-19 00:00:00,20.02,71.85,883.59,14.55
2026-09-16 00:00:00,23.21,74.91,863.91,15.71
2026-10-29 12:00:00,29.59,73.2,919.02,17.55
2026-05-27 18:00:00,19.87,73.98,910.03,14.52
2026-05-22 06:00:00,10.36,65.64,946.38,11.54
2026-05-13 21:00:00,15.01,75.93,863.41,12.62
2026-08-27 07:00:00,15.31,88.64,857.82,13.22
2026-12-20 21:00:00,9.73,79.22,836.14,11.35
2026-11-03 02:00:00,25.29,70.59,860.9,16.69
2026-10-08 16:00:00,11.91,92.69,,12.12
2026-07-30 00:00:00,10.75,84.56,803.53,12.71
2026-02-24 23:00:00,19.35,71.78,809.73,14.4
2026-01-04 17:00:00,26.73,89.73,913.33,16.75
2026-12-18 18:00:00,12.02,73.37,837.01,11.25
2026-01-19 21:00:00,19.68,71.3,812.83,14.87
2026-02-17 04:00:00,,84.46,899.47,17.48
2026-10-30 16:00:00,29.41,68.63,905.41,16.78
2026-07-16 18:00:00,26.36,88.86,871.97,16.52
2026-08-01 12:00:00,12.57,83.17,804.99,13.73
2026-09-11 05:00:00,14.86,79.49,898.1,15.16
2026-05-15 10:00:00,,76.2,897.55,12.55
2026-05-06 23:00:00,24.74,86.97,831.36,17.06
2026-07-14 19:00:00,27.09,,816.01,17.35
2026-10-03 23:00:00,16.18,81.16,896.95,13.61
2026-10-31 19:00:00,27.98,69.7,817.24,16.9
2026-09-20 05:00:00,29.82,69.78,861.97,18.13
2026-12-30 23:00:00,17.33,90.87,816.49,13.27
2026-09-27 14:00:00,26.59,74.08,828.84,17.36
2026-12-16 06:00:00,15.9,71.09,861.73,13.5
2026-09-30 19:00:00,20.36,80.16,937.05,15.18
2026-10-16 21:00:00,14.91,88.24,903.34,12.46
2026-06-18 08:00:00,13.82,89.01,927.21,12.37
2026-12-12 06:00:00,22.72,70.99,862.86,14.91
2026-03-12 22:00:00,,78.55,846.24,14.47
2026-09-07 09:00:00,10.47,86.1,824.97,12.17
2026-05-28 13:00:00,24.83,73.4,859.12,15.9
2026-08-04 14:00:00,15.31,76.37,801.38,14.11
2026-11-06 16:00:00,21.63,70.74,876.47,14.99
2026-02-04 18:00:00,16.99,86.43,908.25,13.36
2026-05-02 01:00:00,30.26,88.45,908.56,16.75
2026-10-04 10:00:00,14.38,84.1,907.57,13.74
2026-08-04 03:00:00,13.87,79.97,916.14,13.07
2026-12-12 15:00:00,23.4,73.99,911.52,15.51
2026-02-14 23:00:00,31.21,,842.99,18.37
2026-11-26 16:00:00,21.74,87.35,808.97,14.99
2026-05-27 21:00:00,,74.01,921.15,14.52
2026-06-30 16:00:00,14.44,73.51,,12.46
2026-01-29 04:00:00,8.43,76.82,857.97,11.31
2026-09-21 01:00:00,,,869.94,18.24
2026-05-27 13:00:00,21.6,72.98,874.66,16.19
2026-10-09 12:00:00,10.79,88.39,909.01,12.59
2026-01-07 20:00:00,30.68,82.66,,18.05
2026-11-15 03:00:00,9.59,,834.31,12.11
2026-01-01 09:00:00,21.46,91.54,872.37,15.55
2026-06-19 06:00:00,10.97,85.0,927.71,12.06
2026-03-19 01:00:00,27.06,86.74,889.54,17.11
2026-03-01 19:00:00,12.79,71.26,832.79,13.42
2026-08-21 23:00:00,26.32,81.44,803.9,16.51
2026-04-08 11:00:00,10.23,71.39,894.08,11.64
2026-12-27 11:00:00,13.85,85.22,898.57,12.52
2026-04-27 06:00:00,30.08,89.2,884.35,17.91
2026-06-18 06:00:00,13.59,81.41,947.67,13.07
2026-06-23 05:00:00,9.29,78.14,814.72,11.76
2026-12-23 14:00:00,9.94,84.77,943.68,10.95
2026-03-12 20:00:00,16.9,77.26,841.28,13.75
2026-09-22 10:00:00,29.35,69.66,879.68,17.04
2026-02-13 22:00:00,28.75,88.4,894.65,18.46
2026-03-26 04:00:00,29.47,86.4,845.76,17.47
2026-03-13 06:00:00,18.71,81.49,829.14,13.64
2026-07-11 11:00:00,30.23,77.95,923.15,17.6
2026-04-29 15:00:00,28.74,89.37,924.63,17.44
2026-01-21 22:00:00,13.47,71.27,874.93,12.96
2026-12-22 16:00:00,10.96,84.82,907.31,12.08
2026-03-16 03:00:00,20.9,88.44,808.75,16.19
2026-01-17 16:00:00,,70.44,860.65,14.35
2026-12-28 23:00:00,17.13,88.67,905.67,14.95
2026-03-01 21:00:00,14.68,72.17,949.04,12.81
2026-09-11 01:00:00,16.62,81.58,935.79,13.49
2026-12-25 07:00:00,11.4,83.01,911.22,12.21
2026-05-24 12:00:00,16.9,73.26,846.74,14.29
2026-11-03 01:00:00,25.06,74.88,881.05,15.78
2026-04-05 17:00:00,14.43,76.86,899.8,12.14
2026-04-16 01:00:00,17.55,70.9,862.43,13.81
2026-02-10 04:00:00,25.77,88.48,865.0,16.35
2026-12-20 11:00:00,8.84,,947.57,11.62
2026-06-03 01:00:00,30.6,82.16,935.51,17.6
2026-11-02 21:00:00,27.41,71.78,849.56,16.92
2026-07-20 18:00:00,20.9,85.84,929.68,15.57
2026-09-29 03:00:00,25.06,78.93,927.14,16.63
2026-11-09 12:00:00,18.75,80.49,892.35,13.5
2026-08-01 01:00:00,9.63,83.59,823.91,13.11
2026-04-18 16:00:00,18.56,74.61,873.1,13.37
2026-05-24 09:00:00,14.74,73.61,934.17,12.85
2026-12-10 18:00:00,24.26,69.26,874.23,15.95
2026-06-11 14:00:00,22.1,91.05,833.01,15.2
2026-01-26 23:00:00,12.31,71.62,844.25,11.9
2026-10-26 19:00:00,28.86,73.15,849.38,17.95
2026-02-05 07:00:00,21.62,87.73,853.92,16.8
2026-02-27 16:00:00,16.29,,918.81,13.47
2026-09-10 12:00:00,15.18,78.48,819.07,14.0
2026-08-29 07:00:00,14.84,90.04,906.82,13.45
2026-11-29 13:00:00,25.7,82.08,891.38,16.52
2026-07-23 08:00:00,17.15,89.37,859.36,13.98
2026-11-22 02:00:00,13.31,88.32,884.18,12.15
2026-01-16 22:00:00,20.72,72.69,831.37,14.71
2026-06-13 22:00:00,20.63,88.28,827.07,15.35
2026-04-12 16:00:00,12.87,71.82,857.66,12.26
2026-12-28 01:00:00,,85.06,838.66,14.0
2026-09-14 19:00:00,,76.68,869.03,14.95
2026-03-23 22:00:00,29.7,89.05,868.32,19.04
2026-09-11 03:00:00,14.91,80.25,849.04,12.51
2026-12-31 19:00:00,21.62,89.64,935.36,15.99
2026-06-11 12:00:00,25.96,,946.05,16.01
2026-07-15 06:00:00,26.9,,945.56,16.98
2026-05-09 18:00:00,,85.48,910.78,12.54
2026-06-09 09:00:00,29.18,89.17,834.47,18.15
2026-10-09 05:00:00,10.12,90.81,910.68,11.85
2026-10-29 03:00:00,29.92,68.62,821.83,17.62
2026-04-16 08:00:00,16.53,70.25,924.74,13.29
2026-06-28 21:00:00,13.87,75.85,862.18,12.61
2026-06-17 10:00:00,14.01,81.35,902.23,13.14
2026-05-01 03:00:00,30.35,83.79,839.68,17.86
2026-03-03 09:00:00,10.93,67.83,933.27,11.87
2026-12-01 03:00:00,,80.5,937.45,18.19
2026-03-01 00:00:00,13.4,70.24,855.79,12.35
2026-12-30 15:00:00,19.08,91.68,806.29,14.98
2026-11-29 06:00:00,26.19,84.3,822.72,16.27
2026-03-14 09:00:00,17.34,82.34,922.76,13.36
2026-02-01 16:00:00,11.75,83.99,811.28,12.14
2026-06-30 02:00:00,17.82,69.66,873.79,13.34
2026-04-04 15:00:00,14.01,74.91,853.21,12.21
2026-01-20 12:00:00,,66.54,899.61,13.52
2026-11-12 23:00:00,13.69,84.52,810.83,12.55
2026-04-12 21:00:00,10.73,69.94,801.47,12.25
2026-11-20 09:00:00,13.39,94.55,850.83,13.17
2026-07-16 00:00:00,28.14,85.53,851.97,17.48
2026-02-11 01:00:00,25.31,91.27,898.87,15.69
2026-07-09 05:00:00,32.08,75.1,804.0,18.81
2026-07-19 22:00:00,18.32,90.33,873.66,14.31
2026-12-31 16:00:00,20.43,92.16,809.43,15.44
2026-07-09 18:00:00,29.38,77.07,949.12,17.92
2026-02-03 12:00:00,14.42,85.54,914.11,13.4
2026-10-01 07:00:00,22.84,79.23,875.5,16.28
2026-07-24 12:00:00,14.35,89.7,808.82,14.21
2026-08-14 16:00:00,28.56,73.81,908.57,17.52
2026-08-14 21:00:00,27.49,74.14,818.65,17.38
2026-12-11 17:00:00,22.8,66.79,936.75,15.0
2026-10-01 09:00:00,22.61,,806.72,15.72
2026-12-12 04:00:00,21.12,69.13,823.71,14.3
2026-09-07 11:00:00,11.46,80.95,810.55,11.93
2026-02-27 10:00:00,14.65,73.4,868.81,13.34
2026-10-04 12:00:00,15.97,87.48,858.82,14.92
2026-01-08 20:00:00,28.48,84.16,921.97,16.89
2026-02-25 20:00:00,18.38,75.66,869.32,14.34
2026-12-09 15:00:00,27.14,68.37,866.34,17.18
2026-11-13 06:00:00,10.11,77.89,,12.09
2026-04-01 22:00:00,20.29,81.88,894.15,15.07
2026-04-08 20:00:00,11.97,71.08,851.61,12.29
2026-03-19 07:00:00,25.74,88.9,948.39,16.47
2026-01-26 20:00:00,9.16,73.48,914.04,11.73
2026-03-22 16:00:00,30.07,92.73,882.9,17.65
2026-01-06 14:00:00,26.82,84.24,811.7,17.35
2026-04-10 16:00:00,7.83,67.9,875.0,10.97
2026-08-19 09:00:00,29.08,78.36,835.49,18.03
2026-07-19 18:00:00,21.45,85.92,908.46,14.88
2026-12-04 16:00:00,28.26,74.13,864.42,17.55
2026-10-09 00:00:00,9.0,86.9,831.24,11.47
2026-04-10 05:00:00,8.76,73.5,826.4,10.94
2026-08-26 05:00:00,18.45,,861.23,15.12
2026-11-03 20:00:00,27.05,72.51,843.12,16.92
2026-12-05 13:00:00,31.19,77.99,938.28,17.12
2026-08-27 09:00:00,20.61,85.06,832.4,14.87
2026-01-05 00:00:00,26.8,88.56,806.02,16.72
2026-04-03 07:00:00,18.6,,945.6,12.85
2026-10-27 14:00:00,29.9,72.9,806.21,17.78
2026-04-26 17:00:00,28.41,86.42,889.4,16.54
2026-05-17 23:00:00,9.68,73.48,,12.0
2026-11-28 09:00:00,22.72,83.12,906.17,15.99
2026-04-10 12:00:00,11.45,67.87,885.79,11.76
2026-05-24 19:00:00,14.43,70.4,820.84,13.03
2026-10-14 06:00:00,12.29,91.6,907.6,12.58
2026-04-30 02:00:00,31.74,89.65,884.14,18.29
2026-06-09 11:00:00,28.05,89.65,927.92,18.16
2026-04-20 07:00:00,21.78,73.78,883.83,14.0
2026-01-01 16:00:00,19.63,89.26,817.2,14.97
2026-09-19 18:00:00,30.2,67.01,883.71,17.53
2026-01-15 06:00:00,26.72,75.52,931.24,16.9
2026-09-22 01:00:00,29.29,71.53,,17.32
2026-08-27 15:00:00,17.26,90.54,839.31,14.96
2026-02-17 06:00:00,29.24,84.81,847.91,18.04
2026-07-30 01:00:00,7.47,80.8,817.51,10.41
2026-10-12 13:00:00,,87.0,885.44,11.01
2026-07-29 07:00:00,7.65,85.19,,10.33
2026-02-17 03:00:00,30.3,87.08,834.62,18.49
2026-06-22 05:00:00,12.1,78.66,908.39,12.58
2026-10-19 02:00:00,16.38,87.32,930.31,13.79
2026-12-21 17:00:00,10.91,80.99,947.24,11.35
2026-03-27 14:00:00,,86.76,,16.26
2026-01-29 10:00:00,9.37,75.01,832.23,11.41
2026-06-15 18:00:00,18.27,93.08,945.34,13.8
2026-12-24 02:00:00,9.15,83.69,937.17,12.18
2026-06-17 16:00:00,13.41,85.89,900.54,12.46
2026-05-23 02:00:00,12.77,75.05,849.19,12.98
2026-07-12 16:00:00,30.37,76.92,852.54,18.94
2026-03-23 12:00:00,26.74,90.07,829.98,17.12
2026-12-09 21:00:00,27.24,67.79,943.61,15.82
2026-11-29 18:00:00,27.06,85.13,820.77,17.23
2026-11-30 08:00:00,27.39,80.61,861.23,17.97
2026-08-17 18:00:00,29.32,78.36,915.58,16.85
2026-02-10 09:00:00,24.05,90.77,945.08,16.41
2026-09-04 01:00:00,9.43,90.72,801.68,11.84
2026-01-29 01:00:00,9.51,75.13,832.29,12.23
2026-11-15 05:00:00,9.65,87.67,827.14,12.82
2026-10-27 09:00:00,30.6,71.81,854.39,17.1
2026-11-01 00:00:00,27.53,70.04,857.73,17.28
2026-11-07 14:00:00,17.78,72.33,807.15,14.47
2026-09-26 21:00:00,26.48,75.06,854.3,16.85
2026-08-09 17:00:00,24.08,69.19,805.37,14.55
2026-04-19 23:00:00,20.09,72.78,888.82,14.15
2026-05-14 19:00:00,9.6,74.05,940.21,11.27
2026-03-07 07:00:00,11.07,73.3,811.98,11.76
2026-07-06 04:00:00,26.09,70.42,870.1,16.1
2026-11-25 16:00:00,21.23,88.73,942.92,15.09
2026-08-30 08:00:00,13.95,92.84,814.8,13.29
2026-02-06 21:00:00,23.42,87.84,826.56,16.46
2026-01-21 00:00:00,16.84,71.57,948.02,14.46
2026-03-05 18:00:00,10.21,69.01,849.89,12.47
2026-09-03 09:00:00,9.61,89.43,841.46,12.22
2026-03-11 06:00:00,10.81,77.4,885.99,12.77
2026-03-21 22:00:00,29.04,88.77,864.4,17.84
2026-04-10 01:00:00,8.27,68.28,826.68,11.44
2026-10-11 08:00:00,8.61,84.22,892.02,11.33
2026-08-01 05:00:00,13.37,79.71,941.23,13.16
2026-12-18 22:00:00,13.19,78.92,885.91,13.14
2026-11-08 16:00:00,17.19,80.09,916.21,12.87
2026-03-09 15:00:00,11.02,75.25,898.54,11.69
2026-07-29 00:00:00,6.95,84.85,883.08,11.35
2026-11-22 01:00:00,13.43,89.0,848.24,13.57
2026-12-11 13:00:00,24.84,70.94,,16.86
2026-08-14 23:00:00,29.19,69.8,,18.62
2026-08-25 04:00:00,19.21,82.96,905.84,14.14
2026-05-22 18:00:00,13.63,,834.58,12.83
2026-11-11 22:00:00,11.46,79.1,839.42,11.6
2026-04-21 02:00:00,19.75,,892.66,14.08
2026-07-05 18:00:00,23.01,71.02,881.42,15.09
2026-11-08 22:00:00,18.95,79.56,941.07,14.72
2026-04-29 04:00:00,32.83,85.3,894.64,19.04
2026-12-08 14:00:00,31.03,67.16,848.55,18.01
2026-11-17 01:00:00,8.86,90.47,903.41,10.71
2026-12-19 14:00:00,12.21,76.12,909.47,12.18
2026-04-30 22:00:00,30.19,89.22,926.61,17.46
2026-07-04 18:00:00,22.98,68.61,866.79,15.6
2026-05-22 09:00:00,12.76,67.79,871.41,12.44
2026-07-18 06:00:00,23.14,93.04,858.42,16.24
2026-10-09 17:00:00,9.9,87.6,891.25,12.2
2026-04-14 23:00:00,13.07,72.03,947.08,13.35
2026-03-06 07:00:00,9.34,69.48,845.04,13.01
2026-12-30 18:00:00,17.26,86.18,922.23,14.35
2026-02-19 20:00:00,27.45,82.11,867.98,17.19
2026-11-18 01:00:00,9.98,87.06,,12.59
2026-09-01 12:00:00,12.26,85.73,902.31,11.4
2026-09-13 19:00:00,21.99,74.7,904.0,14.55
2026-08-10 06:00:00,23.41,70.16,847.38,15.43
2026-01-02 11:00:00,20.65,86.11,897.23,15.05
2026-12-12 01:00:00,24.9,70.36,874.5,16.99
2026-06-10 08:00:00,25.99,85.48,883.61,16.1
2026-01-28 12:00:00,9.14,76.22,892.69,11.85
2026-07-22 15:00:00,14.76,91.48,900.73,12.35
2026-04-17 10:00:00,13.65,72.59,948.88,11.56
2026-01-23 18:00:00,13.87,72.39,823.92,13.47
2026-11-28 00:00:00,24.85,83.45,839.34,16.11
2026-03-25 16:00:00,30.63,90.81,891.13,16.9
2026-10-26 13:00:00,,72.53,847.78,17.61
2026-03-25 11:00:00,29.27,92.54,824.52,19.28
2026-06-04 01:00:00,30.33,82.4,922.49,17.23
2026-11-29 16:00:00,26.98,80.13,869.42,16.52
2026-03-28 04:00:00,29.8,85.97,915.55,18.0
2026-06-21 02:00:00,10.31,82.59,832.5,12.13
2026-05-16 08:00:00,10.69,74.05,831.01,10.96
2026-04-09 10:00:00,8.27,72.35,,11.66
2026-03-16 21:00:00,21.99,85.16,813.34,15.88
2026-02-14 10:00:00,27.84,84.88,808.24,17.32
2026-07-31 21:00:00,14.09,80.83,896.94,13.41
2026-06-29 03:00:00,13.35,72.16,837.41,12.97
2026-02-13 23:00:00,28.59,89.05,862.73,17.6
2026-04-19 04:00:00,16.84,75.15,907.15,14.21
2026-05-04 11:00:00,25.13,87.01,893.62,16.23
2026-11-04 14:00:00,23.91,69.6,932.55,15.21
2026-12-31 15:00:00,20.24,93.63,934.28,15.61
2026-02-12 12:00:00,29.38,88.63,938.1,17.98
2026-06-06 16:00:00,30.12,86.55,869.49,18.63
2026-04-15 03:00:00,12.53,68.77,822.61,12.07
2026-01-05 02:00:00,26.47,84.86,873.4,16.72
2026-03-07 16:00:00,8.05,71.04,888.89,11.63
2026-04-25 06:00:00,27.38,85.3,933.09,16.33
2026-07-25 15:00:00,13.35,89.62,909.3,14.07
2026-04-01 04:00:00,24.21,81.73,807.04,16.93
2026-08-27 11:00:00,16.98,88.01,842.43,13.57
2026-09-27 01:00:00,28.7,72.4,802.16,18.76
2026-11-10 18:00:00,16.17,77.82,848.5,13.33
2026-03-19 03:00:00,29.19,90.41,895.19,17.82
2026-01-04 13:00:00,24.97,87.05,849.96,16.43
2026-01-16 11:00:00,25.37,76.69,803.0,16.61
2026-06-23 20:00:00,9.31,79.6,895.72,10.83
2026-03-12 22:00:00,,78.55,846.24,14.47
2026-07-02 09:00:00,22.88,68.3,,15.93
2026-12-02 20:00:00,29.71,75.43,896.34,17.55
2026-05-29 22:00:00,,70.6,945.85,15.11
2026-02-16 11:00:00,30.44,86.05,835.73,19.2
2026-12-26 14:00:00,10.02,,936.73,11.33
2026-04-01 14:00:00,19.87,81.51,815.04,14.17
2026-09-29 23:00:00,22.92,80.89,854.0,15.09
2026-11-23 14:00:00,16.41,89.24,901.87,14.27
2026-02-04 15:00:00,15.46,,898.4,13.32
2026-11-30 06:00:00,29.82,83.03,815.87,17.79
2026-11-26 15:00:00,22.84,85.37,859.8,15.35
2026-11-14 01:00:00,10.7,,947.83,13.37
2026-06-18 17:00:00,13.62,85.78,842.5,12.19
2026-04-17 00:00:00,17.99,70.47,871.32,13.86
2026-01-04 22:00:00,25.66,87.91,932.59,16.4
2026-03-16 17:00:00,23.92,82.56,850.93,16.26
2026-10-10 15:00:00,9.61,88.24,,11.44
2026-09-29 04:00:00,22.42,78.15,892.95,14.62
2026-01-10 01:00:00,29.64,81.59,843.52,17.87
2026-02-15 11:00:00,29.94,86.93,885.02,17.78
2026-08-16 19:00:00,30.36,72.13,885.44,17.85
2026-05-31 18:00:00,29.11,78.89,879.72,17.33
2026-12-11 08:00:00,20.66,69.01,895.77,14.53
2026-09-04 11:00:00,8.66,92.61,888.79,10.69
2026-10-26 22:00:00,31.37,74.42,806.1,18.78
2026-05-01 18:00:00,28.9,90.95,807.22,18.34
2026-02-26 03:00:00,19.05,72.32,913.89,13.87
2026-06-23 21:00:00,8.59,77.63,829.04,11.61
2026-07-05 01:00:00,24.6,73.7,913.31,16.49
2026-07-19 09:00:00,21.85,90.91,,15.94
2026-12-08 05:00:00,29.54,71.52,875.33,17.48
2026-10-22 10:00:00,23.52,77.08,850.2,15.69
2026-06-05 13:00:00,30.19,82.26,,18.03
2026-04-21 05:00:00,20.06,79.13,869.26,14.22
2026-09-15 21:00:00,25.94,73.34,800.53,16.7
2026-01-12 23:00:00,29.72,77.09,882.14,17.8
2026-03-16 16:00:00,22.6,,820.5,15.88
2026-01-10 13:00:00,30.99,80.03,932.36,17.79
2026-01-21 19:00:00,13.69,69.53,853.88,12.25
2026-09-26 17:00:00,28.1,72.84,921.04,16.25
2026-04-04 20:00:00,13.5,75.82,831.7,13.09
2026-07-14 22:00:00,29.71,85.36,884.34,17.17
2026-05-25 14:00:00,17.48,71.45,891.58,14.27
2026-10-19 18:00:00,20.7,86.19,838.66,14.89
2026-12-24 10:00:00,6.99,85.57,933.3,11.57
2026-03-29 01:00:00,28.79,84.79,831.73,18.25
2026-11-27 02:00:00,20.87,84.32,878.23,16.92
2026-09-19 00:00:00,27.24,71.79,874.67,16.36
2026-02-08 17:00:00,23.62,90.18,843.4,16.01
2026-11-03 13:00:00,25.56,69.66,897.59,15.96
2026-01-28 15:00:00,9.19,76.04,919.62,11.36
2026-08-07 16:00:00,20.7,70.58,832.32,14.97
2026-04-23 02:00:00,22.8,79.72,858.23,15.17
2026-03-13 20:00:00,16.62,82.48,834.7,13.66
2026-05-02 10:00:00,29.88,85.87,853.51,17.67
2026-07-16 12:00:00,30.23,84.96,899.17,18.71
2026-06-19 01:00:00,13.31,85.99,861.39,13.26
2026-02-15 18:00:00,31.37,88.04,827.51,18.51
2026-02-13 04:00:00,27.28,89.09,808.34,16.91
2026-06-27 13:00:00,12.06,74.81,814.38,11.76
2026-10-08 14:00:00,11.67,86.6,854.74,13.27
2026-09-06 00:00:00,9.33,90.65,888.28,12.04
2026-04-25 02:00:00,29.44,83.39,,17.89
2026-02-25 14:00:00,18.78,72.9,907.58,13.89
2026-02-07 13:00:00,21.2,89.5,846.93,14.54
2026-02-20 08:00:00,24.78,80.68,889.17,16.44
2026-08-25 05:00:00,23.74,86.63,859.21,16.61
2026-02-02 06:00:00,14.26,84.45,860.1,12.99
2026-11-27 12:00:00,23.17,85.99,898.68,15.39
2026-04-17 03:00:00,13.68,70.33,815.42,13.62
2026-04-18 11:00:00,19.22,75.15,882.99,14.45
2026-12-10 15:00:00,24.47,70.63,869.41,15.81
2026-04-15 11:00:00,14.25,72.74,889.51,12.5
2026-01-14 13:00:00,25.42,74.16,891.47,15.47
2026-10-20 06:00:00,,85.28,898.02,15.56
2026-09-24 07:00:00,29.57,70.66,846.33,17.05
2026-03-26 17:00:00,29.78,89.36,879.8,17.84
2026-10-08 06:00:00,9.77,85.39,830.15,11.33
2026-06-06 20:00:00,29.9,85.19,849.42,18.36
2026-07-25 07:00:00,13.28,91.42,808.78,13.63
2026-01-21 21:00:00,18.49,73.03,935.43,13.41
2026-05-11 08:00:00,,81.88,808.7,13.71
2026-10-15 23:00:00,15.64,88.52,817.98,13.79
2026-03-01 06:00:00,12.45,71.77,916.54,11.88
2026-03-17 13:00:00,25.6,87.34,912.67,16.98
2026-12-02 17:00:00,29.05,81.26,848.98,17.55
2026-01-12 18:00:00,31.37,78.33,803.07,18.77
2026-08-18 16:00:00,30.59,72.07,808.49,18.61
2026-12-10 19:00:00,23.23,69.83,853.09,15.83
2026-11-24 08:00:00,16.26,89.54,818.66,14.26
2026-12-01 02:00:00,31.42,80.83,825.07,18.51
2026-03-20 07:00:00,,89.01,888.92,16.47
2026-12-10 09:00:00,25.42,70.57,852.05,15.58
2026-02-16 16:00:00,31.5,85.93,917.64,18.43
2026-01-21 18:00:00,14.51,75.56,937.66,12.65
2026-01-07 13:00:00,29.74,84.27,877.45,17.09
2026-12-27 22:00:00,14.78,87.98,800.22,14.29
2026-07-19 19:00:00,19.71,88.13,884.08,15.37
2026-11-11 18:00:00,14.24,81.09,905.07,13.61
2026-08-08 05:00:00,19.23,69.87,822.32,14.9
2026-04-09 04:00:00,10.15,72.09,861.89,11.22
2026-06-18 04:00:00,14.51,84.1,817.74,12.85
2026-06-19 22:00:00,11.12,84.46,858.58,12.33
2026-11-16 22:00:00,9.0,87.27,,11.74
2026-08-16 08:00:00,28.97,72.21,829.22,18.0
2026-08-25 16:00:00,19.53,87.67,916.51,14.44
2026-09-27 15:00:00,26.01,73.46,813.05,17.58
2026-12-31 04:00:00,17.51,92.41,849.96,15.51
2026-04-06 06:00:00,14.81,77.09,887.95,13.76
2026-07-09 14:00:00,31.49,74.29,921.66,18.96
2026-09-08 14:00:00,13.26,86.28,923.43,12.44
2026-05-23 18:00:00,15.1,70.9,908.89,13.37
2026-02-11 06:00:00,27.61,,911.76,16.94
2026-01-07 00:00:00,28.98,85.13,885.12,17.59
2026-05-07 17:00:00,21.99,87.15,827.92,14.81
2026-07-08 18:00:00,29.07,77.78,931.11,16.08
2026-02-28 19:00:00,14.42,72.31,841.47,11.68
2026-12-06 13:00:00,28.6,78.97,892.3,17.19
2026-08-27 12:00:00,17.15,87.97,805.17,15.57
2026-06-04 09:00:00,30.38,82.92,,18.59
2026-05-25 05:00:00,19.84,70.27,846.21,14.85
2026-06-12 23:00:00,22.5,90.19,840.9,15.62
2026-11-07 20:00:00,18.03,74.99,901.15,13.54
2026-03-08 14:00:00,11.1,73.0,918.88,12.22
2026-04-24 00:00:00,26.44,79.96,909.16,17.07
2026-01-17 12:00:00,20.39,72.29,945.52,15.97
2026-10-22 13:00:00,21.17,78.54,807.46,14.76
2026-11-04 12:00:00,25.9,69.09,875.53,15.96
2026-06-04 10:00:00,29.14,,865.39,17.17
2026-01-28 01:00:00,11.06,,845.31,12.81
2026-01-05 21:00:00,25.69,84.83,875.73,17.46
2026-03-16 11:00:00,21.37,86.96,912.49,15.13
2026-02-01 06:00:00,10.76,76.51,856.98,11.92
2026-08-20 04:00:00,27.9,75.22,823.53,17.58
2026-12-25 19:00:00,12.14,87.63,881.56,12.41
2026-04-16 13:00:00,12.34,75.68,838.87,12.42
2026-11-16 12:00:00,10.0,84.81,927.09,12.29
2026-05-21 01:00:00,8.93,70.27,947.31,10.84
2026-01-16 07:00:00,24.89,71.21,882.8,16.61
2026-03-10 19:00:00,13.87,77.05,852.14,13.55
2026-06-25 04:00:00,10.65,72.85,874.47,11.87
2026-03-25 05:00:00,28.5,89.23,807.56,18.01
2026-06-28 07:00:00,13.95,74.71,809.01,13.26
2026-06-05 02:00:00,27.54,82.67,942.8,16.83
2026-02-11 11:00:00,27.12,91.99,930.98,18.45
2026-07-31 03:00:00,12.65,82.09,828.2,11.99
2026-11-24 00:00:00,16.53,88.92,912.39,13.84
2026-01-31 12:00:00,,79.27,844.5,11.83
2026-07-20 15:00:00,,89.17,941.61,14.9
2026-06-24 06:00:00,8.85,75.36,813.16,12.28
2026-02-15 09:00:00,29.7,88.71,945.77,17.99
2026-03-02 16:00:00,12.61,71.8,934.36,12.16
2026-07-16 10:00:00,26.88,82.54,907.22,16.38
2026-11-16 08:00:00,11.34,87.26,828.11,11.88
2026-10-06 21:00:00,12.94,88.84,946.92,13.1
2026-08-18 13:00:00,29.48,73.0,937.84,16.66
2026-10-09 16:00:00,11.43,89.44,880.92,11.56
2026-09-17 09:00:00,25.73,72.07,815.41,15.55
2026-06-28 09:00:00,11.24,70.98,855.8,12.08
2026-12-02 14:00:00,28.6,77.1,823.39,18.59
2026-05-07 19:00:00,21.95,86.11,838.96,14.38
2026-08-16 20:00:00,29.5,71.9,932.04,17.91
2026-12-09 04:00:00,25.87,71.4,907.01,16.26
2026-12-24 23:00:00,8.21,85.48,833.07,11.29
2026-08-28 00:00:00,17.86,86.55,854.84,14.35
2026-04-14 01:00:00,,,914.42,10.86
2026-12-07 23:00:00,28.57,71.91,877.94,15.33
2026-11-23 20:00:00,19.62,93.37,815.12,15.0
2026-12-14 22:00:00,15.68,70.23,878.32,12.94
2026-05-02 23:00:00,28.71,84.39,870.89,17.37
2026-01-31 11:00:00,9.91,79.98,814.2,13.17
2026-09-23 10:00:00,29.51,69.47,911.79,16.2
2026-07-04 15:00:00,20.27,69.01,862.76,14.39
2026-03-03 12:00:00,10.64,72.38,926.07,10.51
2026-06-11 08:00:00,23.14,89.62,838.01,15.56
2026-01-26 14:00:00,14.14,71.58,909.01,11.7
2026-08-03 18:00:00,12.05,77.35,,11.88
2026-10-28 06:00:00,30.32,70.97,836.98,17.88
2026-10-31 22:00:00,,70.76,818.34,18.4
2026-03-24 04:00:00,30.98,88.83,879.2,19.42
2026-06-21 05:00:00,11.02,79.49,849.15,12.12
2026-02-25 04:00:00,19.37,74.8,831.09,14.69
2026-02-13 12:00:00,29.08,90.62,883.32,16.81
2026-06-02 03:00:00,29.54,78.65,814.38,17.79
2026-06-16 22:00:00,11.48,87.48,940.33,12.6
2026-02-07 00:00:00,21.75,89.15,920.1,15.04
2026-01-17 04:00:00,24.93,70.93,911.28,16.72
2026-04-02 20:00:00,17.54,79.66,,13.52
2026-12-15 04:00:00,17.43,69.92,905.02,13.66
2026-10-08 21:00:00,9.98,91.13,828.59,12.24
2026-07-29 13:00:00,10.04,84.37,869.88,11.43
2026-09-22 09:00:00,30.11,73.8,919.54,17.92
2026-07-15 21:00:00,25.25,85.24,905.96,15.87
2026-12-14 18:00:00,17.66,70.42,887.66,13.83
2026-02-01 19:00:00,12.61,86.46,886.14,13.27
2026-03-24 02:00:00,30.89,86.74,857.99,17.86
2026-06-09 21:00:00,27.39,90.86,939.0,16.5
2026-02-20 18:00:00,25.09,77.88,938.45,15.49
2026-06-08 06:00:00,27.08,85.94,815.05,16.57
2026-01-09 07:00:00,28.18,82.22,890.46,17.08
2026-05-06 19:00:00,24.11,86.33,890.9,16.55
2026-05-14 23:00:00,13.89,73.95,903.89,13.8
2026-06-24 11:00:00,9.11,74.83,800.64,11.11
2026-06-16 21:00:00,16.49,88.73,826.92,14.04
2026-04-01 13:00:00,21.43,81.28,,14.94
2026-03-14 06:00:00,19.93,80.57,848.28,15.37
2026-06-29 20:00:00,13.91,71.63,933.95,12.48
2026-07-06 02:00:00,27.09,71.75,898.92,16.22
2026-05-02 14:00:00,28.87,87.79,834.09,17.48
2026-09-03 07:00:00,8.91,87.69,920.41,12.73
2026-08-26 01:00:00,20.06,87.91,804.22,14.83
2026-04-09 14:00:00,9.66,68.89,807.39,11.31
2026-06-19 08:00:00,10.82,83.4,889.95,11.16
2026-04-27 01:00:00,28.51,89.05,816.33,18.16
2026-02-07 08:00:00,21.19,90.0,915.84,14.38
2026-11-29 12:00:00,25.01,83.62,929.46,17.49
2026-02-11 21:00:00,28.58,89.19,881.09,17.7
2026-01-25 15:00:00,10.38,73.15,882.04,12.0
2026-07-01 04:00:00,,,924.99,13.13
2026-08-27 13:00:00,15.93,86.03,816.49,15.07
2026-04-05 20:00:00,15.22,74.49,801.67,12.71
2026-02-14 16:00:00,29.98,87.12,853.77,18.79
2026-02-21 15:00:00,27.56,79.84,,17.94
2026-09-19 06:00:00,27.84,68.73,809.51,17.24
2026-01-23 20:00:00,13.46,71.22,889.08,12.83
2026-09-13 04:00:00,21.77,78.56,821.75,15.4
2026-10-01 20:00:00,23.02,83.21,937.34,15.64
2026-10-17 01:00:00,14.48,85.27,943.73,14.04
2026-06-13 06:00:00,23.11,91.95,934.3,17.01
2026-11-10 06:00:00,11.44,,913.1,11.37
2026-02-16 07:00:00,30.26,83.84,811.67,18.78
2026-01-19 12:00:00,17.61,68.13,814.23,14.82
2026-05-16 18:00:00,11.96,75.52,857.47,13.4
2026-07-13 23:00:00,32.42,,905.96,18.78
2026-10-30 11:00:00,33.4,72.32,896.51,19.1
2026-08-23 06:00:00,23.49,85.0,854.37,17.18
2026-05-09 02:00:00,,82.55,834.37,14.57
2026-07-18 18:00:00,23.36,89.41,908.76,16.41
2026-06-12 17:00:00,,88.7,911.44,15.53
2026-09-24 09:00:00,28.54,72.39,945.3,17.56
2026-08-11 13:00:00,26.4,69.19,831.96,16.16
2026-07-01 20:00:00,,70.75,853.85,14.33
2026-03-02 13:00:00,15.5,69.79,811.1,13.31
2026-07-07 05:00:00,26.58,71.72,855.05,17.15
2026-01-06 15:00:00,30.56,90.53,878.98,18.36
2026-06-25 16:00:00,13.57,76.64,878.64,12.69
2026-01-29 08:00:00,11.22,73.32,844.1,11.99
2026-01-21 16:00:00,14.4,68.35,867.69,12.41
2026-01-08 13:00:00,28.35,87.6,888.35,17.08
2026-08-15 21:00:00,29.45,,817.42,17.76
2026-10-19 23:00:00,22.02,81.33,840.06,16.01
2026-03-25 13:00:00,30.02,91.16,855.13,17.6
2026-10-15 16:00:00,12.7,89.8,890.7,12.97
2026-02-23 01:00:00,22.41,75.35,945.13,15.37
2026-06-25 03:00:00,9.01,79.02,,10.25
2026-09-11 15:00:00,14.55,80.38,895.68,13.13
2026-05-27 14:00:00,22.95,73.04,854.92,14.82
2026-10-19 15:00:00,20.01,85.38,885.21,14.44
2026-12-13 00:00:00,22.47,67.57,922.18,14.1
2026-01-03 00:00:00,23.89,90.5,829.29,16.84
2026-01-18 19:00:00,21.81,71.51,907.29,15.14
2026-11-01 20:00:00,26.6,71.4,812.66,15.72
2026-04-20 05:00:00,20.7,76.45,860.19,16.19
2026-08-22 16:00:00,27.1,,940.62,17.09
2026-10-30 20:00:00,29.83,73.55,934.3,17.58
2026-07-19 16:00:00,21.64,87.83,892.07,14.6
2026-02-12 09:00:00,27.75,89.93,838.46,17.04
2026-12-13 12:00:00,20.08,71.86,822.98,15.48
2026-05-20 03:00:00,13.45,71.25,802.86,11.99
2026-03-01 18:00:00,12.16,69.47,812.86,11.89
2026-10-28 23:00:00,34.67,70.47,850.89,18.87
2026-04-11 02:00:00,9.19,66.32,872.68,11.68
2026-10-10 13:00:00,10.03,85.17,827.31,11.76
2026-09-23 05:00:00,32.63,69.83,812.11,18.49
2026-05-24 00:00:00,15.87,70.66,891.87,13.87
2026-08-05 08:00:00,16.44,,816.77,13.61
2026-05-14 20:00:00,13.83,74.96,877.47,12.55
2026-04-12 18:00:00,8.35,68.69,857.42,12.64
2026-11-22 03:00:00,,88.72,839.08,12.6
2026-08-06 04:00:00,16.67,74.15,887.11,13.76
2026-05-19 18:00:00,11.9,72.36,909.08,11.85
2026-09-19 03:00:00,,72.2,840.72,17.29
2026-06-24 23:00:00,11.24,73.51,934.75,11.98
2026-12-03 07:00:00,30.76,,843.89,17.7
2026-12-20 05:00:00,8.68,78.59,852.19,10.96
2026-11-09 00:00:00,17.35,77.48,901.23,15.23
2026-06-15 16:00:00,18.31,87.06,806.29,14.74
2026-10-22 00:00:00,23.02,83.91,899.22,15.59
2026-01-01 17:00:00,21.69,92.22,926.37,15.48
2026-01-31 14:00:00,13.03,78.41,864.37,13.48
2026-12-05 22:00:00,27.44,76.16,890.04,17.02
2026-12-23 22:00:00,12.02,82.05,908.9,12.78
2026-12-19 22:00:00,11.12,79.15,893.78,11.68
2026-07-03 05:00:00,19.81,73.84,818.75,14.69
2026-03-18 12:00:00,23.96,88.56,912.33,16.28
2026-01-08 18:00:00,30.43,83.22,887.02,17.81
2026-01-10 11:00:00,28.37,79.82,816.43,18.93
2026-04-25 01:00:00,27.58,82.49,877.33,17.11
2026-06-08 20:00:00,26.73,,808.19,17.51
2026-12-07 14:00:00,27.99,71.1,811.35,17.13
2026-07-07 03:00:00,25.74,72.67,813.76,15.8
2026-08-16 04:00:00,32.43,74.31,842.04,18.78
2026-10-14 22:00:00,10.15,87.09,942.12,12.44
2026-03-02 23:00:00,9.95,70.86,919.33,11.26
2026-02-14 22:00:00,32.18,85.8,,17.64
2026-01-14 12:00:00,25.78,77.77,908.87,16.35
2026-06-08 19:00:00,28.69,89.17,816.0,18.07
2026-05-04 22:00:00,27.48,87.85,834.59,17.79
2026-05-21 23:00:00,13.93,73.32,877.7,13.31
2026-05-22 23:00:00,13.8,69.83,838.94,12.53
2026-12-28 18:00:00,12.22,88.57,829.28,13.26
2026-07-12 09:00:00,25.66,78.65,936.44,15.16
2026-03-25 17:00:00,31.03,93.21,809.32,18.5
2026-10-25 09:00:00,27.11,73.37,852.38,17.72
2026-08-21 11:00:00,,,916.07,16.77
2026-12-20 00:00:00,10.18,74.98,812.31,12.04
2026-01-24 20:00:00,12.29,70.33,927.41,11.5
2026-07-07 15:00:00,28.36,73.35,930.61,17.38
2026-05-03 09:00:00,27.63,87.47,801.09,16.08
2026-04-14 08:00:00,10.37,70.02,908.44,11.35
2026-04-25 09:00:00,27.01,84.54,,17.42
2026-10-11 22:00:00,8.03,90.6,849.38,12.03
2026-04-13 14:00:00,11.44,70.02,876.99,11.22
2026-01-25 07:00:00,14.78,72.76,835.16,13.47
2026-12-05 09:00:00,28.14,73.23,924.68,17.72
2026-03-07 22:00:00,9.09,71.65,923.64,12.48
2026-04-06 13:00:00,12.04,73.82,946.97,11.54
2026-05-08 06:00:00,23.44,87.76,809.13,15.54
2026-12-22 13:00:00,12.09,80.67,801.81,11.79
2026-11-19 14:00:00,10.57,88.21,803.88,12.5
2026-08-30 07:00:00,9.79,89.8,,12.44
2026-03-29 00:00:00,25.99,85.54,924.76,17.2
2026-09-15 16:00:00,,73.83,890.97,15.65
2026-06-04 16:00:00,30.39,84.56,844.44,18.71
2026-03-20 01:00:00,28.81,85.84,806.38,17.44
2026-05-22 02:00:00,11.31,72.23,848.54,12.86
2026-12-27 02:00:00,,90.02,905.88,13.68
2026-07-06 06:00:00,26.53,68.45,874.86,16.19
2026-10-05 08:00:00,,83.64,822.89,13.96
2026-06-03 22:00:00,31.1,81.98,856.72,18.66
2026-09-06 06:00:00,9.86,86.71,869.16,11.65
2026-12-22 20:00:00,9.52,77.99,949.37,11.28
2026-07-08 17:00:00,27.96,75.11,864.3,16.79
2026-05-14 21:00:00,13.58,75.2,869.01,12.08
2026-09-28 03:00:00,25.3,75.96,874.11,16.61
2026-08-02 13:00:00,10.93,76.31,860.62,11.33
2026-01-19 06:00:00,17.44,65.51,,13.5
2026-09-15 23:00:00,22.54,73.55,832.67,15.78
2026-05-22 12:00:00,13.78,70.23,880.35,12.95
2026-06-27 07:00:00,13.76,70.44,857.69,12.73
2026-12-25 01:00:00,10.92,84.35,847.43,11.31
2026-08-10 07:00:00,25.73,69.94,903.83,16.16
2026-11-11 00:00:00,13.29,79.24,862.15,12.59
2026-07-22 04:00:00,18.34,87.85,884.81,13.96
2026-01-19 03:00:00,20.32,67.49,837.28,15.44
2026-12-17 09:00:00,14.04,74.25,862.69,12.89
2026-01-04 08:00:00,25.1,87.28,910.94,16.28
2026-06-16 16:00:00,14.63,90.02,871.36,12.27
2026-04-30 10:00:00,28.65,87.93,818.04,16.93
2026-09-18 03:00:00,28.58,73.29,874.81,17.27
2026-09-13 06:00:00,21.38,76.94,865.75,15.61
2026-07-16 19:00:00,25.81,86.73,930.07,17.16
2026-02-06 18:00:00,19.7,88.84,,14.81
2026-06-22 16:00:00,7.79,76.24,863.89,11.77
2026-06-18 21:00:00,,86.57,890.53,12.61
2026-02-08 03:00:00,23.19,92.27,868.62,16.65
2026-08-24 09:00:00,24.54,85.63,861.39,15.84
2026-04-11 01:00:00,10.28,,864.12,12.78
2026-07-01 09:00:00,15.6,69.81,905.74,12.33
2026-12-30 11:00:00,17.93,88.69,865.67,14.45
2026-05-16 10:00:00,11.21,73.45,928.98,11.75
2026-07-28 05:00:00,15.07,83.66,902.36,13.84
2026-03-02 01:00:00,13.85,70.5,945.24,11.94
2026-01-26 18:00:00,11.11,72.59,898.06,12.46
2026-07-19 02:00:00,21.15,86.41,859.5,14.82
2026-11-25 20:00:00,,88.13,929.08,15.09
2026-01-21 10:00:00,16.34,68.39,,14.27
2026-08-09 07:00:00,24.29,70.79,833.52,15.74
2026-02-17 09:00:00,27.71,84.37,851.29,16.68
2026-01-31 22:00:00,10.87,81.13,917.73,12.02
2026-09-14 23:00:00,22.3,76.03,926.22,15.16
2026-01-18 07:00:00,20.52,70.29,870.95,14.51
2026-11-06 13:00:00,18.82,,925.71,14.15
2026-12-25 03:00:00,10.47,81.77,819.79,11.77
2026-02-14 04:00:00,30.85,89.06,945.39,17.6
2026-10-27 19:00:00,30.2,73.44,822.3,17.55
2026-08-12 23:00:00,28.67,71.23,911.0,16.57
2026-10-31 17:00:00,28.98,66.99,943.53,16.58
2026-12-09 11:00:00,24.68,70.9,881.83,15.83
2026-11-16 01:00:00,6.81,86.33,942.77,11.55
2026-02-01 10:00:00,10.9,81.96,800.94,11.73
2026-07-21 03:00:00,20.51,90.54,841.24,14.35
2026-07-21 15:00:00,17.48,90.47,900.41,13.68
2026-05-01 07:00:00,31.67,89.65,902.04,18.09
2026-11-12 21:00:00,12.73,85.25,810.15,13.09
2026-02-19 13:00:00,26.35,84.37,830.62,16.66
2026-07-02 08:00:00,16.19,69.18,900.81,13.27
2026-08-26 13:00:00,19.13,87.26,924.1,14.96
2026-12-20 03:00:00,10.2,76.22,816.44,11.05
2026-12-21 13:00:00,11.14,80.0,806.19,12.74
2026-01-03 13:00:00,23.96,91.92,942.67,15.97
2026-05-28 21:00:00,23.15,77.75,801.78,15.91
2026-08-07 06:00:00,19.02,73.0,850.82,14.7
2026-12-01 10:00:00,26.83,78.74,924.5,17.2
2026-11-23 05:00:00,14.49,93.24,807.54,13.68
2026-03-05 02:00:00,9.97,69.08,823.63,11.17
2026-11-01 16:00:00,28.5,67.4,845.05,17.77
2026-01-22 02:00:00,14.42,69.58,849.28,13.34
2026-03-12 18:00:00,17.01,78.81,843.35,14.11
2026-09-19 14:00:00,26.87,68.21,826.57,16.85
2026-08-16 11:00:00,29.63,75.13,824.45,17.44
2026-10-16 06:00:00,16.66,86.3,869.71,13.84
2026-07-01 05:00:00,16.99,68.22,814.18,13.68
2026-04-19 01:00:00,17.62,77.61,947.47,14.21
2026-03-21 01:00:00,31.03,87.72,877.85,17.83
2026-06-26 13:00:00,10.95,72.89,889.07,11.25
2026-12-15 16:00:00,19.14,71.55,900.93,14.88
2026-09-11 13:00:00,16.24,77.93,943.0,14.37
2026-09-24 02:00:00,29.64,68.21,932.41,18.7
2026-10-29 10:00:00,29.04,70.29,948.56,17.08
2026-09-30 15:00:00,21.61,77.76,895.97,16.26
2026-11-11 14:00:00,13.68,80.85,802.69,13.12
2026-06-18 18:00:00,11.87,88.14,929.12,12.08
2026-05-24 14:00:00,15.82,71.99,807.52,14.29
2026-01-31 10:00:00,,80.42,910.25,13.04
2026-08-01 23:00:00,15.21,80.28,808.13,13.29
2026-07-06 11:00:00,27.1,,813.82,16.42
2026-04-07 10:00:00,13.22,71.5,883.5,13.21
2026-08-11 03:00:00,24.78,69.56,814.03,16.05
2026-06-19 14:00:00,12.89,86.02,838.84,11.37
2026-01-23 16:00:00,9.4,,876.17,10.41
2026-08-22 02:00:00,28.23,78.64,872.87,16.72
2026-12-27 17:00:00,15.79,88.35,868.58,14.22
2026-03-20 20:00:00,27.79,,934.27,17.76
2026-08-01 00:00:00,10.8,81.67,806.66,12.12
2026-01-16 03:00:00,25.72,73.05,820.11,16.48
2026-07-03 23:00:00,23.43,72.52,920.69,16.26
2026-07-03 10:00:00,20.29,70.48,902.03,13.48
2026-01-11 22:00:00,24.67,76.72,849.98,16.75
2026-03-14 23:00:00,20.96,83.04,880.16,14.97
2026-09-09 18:00:00,17.33,78.45,901.52,13.57
2026-12-09 00:00:00,25.63,69.42,927.52,15.52
2026-06-09 18:00:00,25.52,92.22,890.75,16.11
2026-06-17 19:00:00,13.86,82.41,929.0,12.41
2026-08-24 21:00:00,20.92,82.27,921.62,15.75
2026-04-03 16:00:00,16.59,79.7,895.42,13.39
2026-12-04 18:00:00,29.94,80.13,,18.53
2026-11-18 23:00:00,8.58,89.09,868.89,11.02
2026-10-10 23:00:00,9.32,90.53,873.18,11.74
2026-10-11 05:00:00,12.38,92.26,899.17,12.6
2026-12-30 06:00:00,17.89,90.48,921.52,13.52
2026-12-09 22:00:00,26.09,73.27,916.32,16.93
2026-02-06 12:00:00,19.23,87.94,917.16,14.21
2026-10-05 23:00:00,12.33,87.28,885.73,12.78
2026-09-09 16:00:00,15.34,82.32,912.47,14.01
2026-11-20 13:00:00,,87.02,804.95,13.13
2026-07-31 23:00:00,11.41,84.37,821.92,12.93
2026-10-03 01:00:00,17.83,82.17,890.03,15.08
2026-09-01 03:00:00,10.87,86.4,804.56,12.29
2026-05-16 13:00:00,,76.2,933.97,11.42
2026-01-20 18:00:00,19.91,72.39,859.75,15.88
2026-11-21 17:00:00,13.3,,841.27,14.25
2026-10-25 17:00:00,29.07,72.94,850.04,17.08
2026-12-01 14:00:00,28.07,80.58,918.23,17.22
2026-11-12 13:00:00,14.29,82.65,,13.46
2026-07-11 15:00:00,31.97,80.45,923.95,17.42
2026-07-24 05:00:00,12.83,90.91,902.15,12.81
2026-11-18 00:00:00,9.26,87.02,836.52,12.25
2026-12-11 21:00:00,24.28,68.82,948.89,15.3
2026-05-09 20:00:00,17.98,86.89,947.78,14.2
2026-06-08 04:00:00,28.4,88.12,893.62,16.89
2026-09-30 13:00:00,18.0,80.36,911.95,14.18
2026-01-30 14:00:00,11.03,79.54,815.71,12.18
2026-08-07 12:00:00,20.64,77.33,814.41,15.82
2026-05-11 15:00:00,15.89,81.3,898.06,12.71
2026-08-14 03:00:00,28.85,73.79,,17.92
2026-07-08 20:00:00,29.64,75.56,825.93,17.58
2026-08-05 06:00:00,14.53,73.77,898.64,13.0
2026-06-28 05:00:00,11.84,70.85,864.95,12.04
2026-08-09 01:00:00,22.81,69.88,815.31,15.6
2026-08-13 02:00:00,28.62,65.35,866.02,17.32
2026-06-07 07:00:00,30.01,84.17,878.23,17.74
2026-11-26 13:00:00,23.02,86.62,817.18,15.61
2026-05-15 06:00:00,13.05,71.23,897.1,11.58
2026-08-26 03:00:00,17.55,86.05,827.48,14.73
2026-02-05 10:00:00,17.22,87.25,801.8,13.56
2026-06-22 17:00:00,6.12,75.89,920.17,10.2
2026-03-06 12:00:00,11.21,71.27,932.56,11.9
2026-04-05 16:00:00,13.42,71.6,860.33,12.81
2026-07-03 21:00:00,18.63,71.25,858.0,13.58
2026-04-24 20:00:00,27.65,83.97,833.18,16.68
2026-10-08 22:00:00,,92.31,886.7,10.57
2026-07-02 22:00:00,21.52,,862.84,15.19
2026-02-06 12:00:00,19.23,87.94,917.16,14.21
2026-08-29 09:00:00,12.4,87.74,907.07,12.62
2026-03-07 06:00:00,10.38,72.54,935.02,11.71
2026-08-21 02:00:00,27.73,78.98,822.23,17.32
2026-08-31 14:00:00,10.35,90.43,841.13,12.36
2026-08-09 19:00:00,23.5,68.59,867.6,15.29
2026-12-27 23:00:00,16.14,88.52,934.87,13.29
2026-12-26 16:00:00,14.37,87.61,831.44,13.28
2026-05-30 12:00:00,27.55,74.81,935.14,16.63
2026-11-19 12:00:00,12.51,87.76,856.15,12.66
2026-04-30 15:00:00,30.54,88.85,828.49,18.54
2026-05-28 11:00:00,22.27,74.74,840.8,15.78
2026-01-07 06:00:00,29.18,83.91,803.14,17.73
2026-03-17 15:00:00,23.04,87.48,907.59,16.29
2026-07-01 12:00:00,18.66,73.6,843.69,13.55
2026-06-14 00:00:00,22.27,92.46,918.11,15.81
2026-10-29 09:00:00,31.08,70.18,927.3,17.62
2026-05-03 19:00:00,,91.09,941.83,15.86
2026-08-26 09:00:00,18.62,88.04,918.11,14.89
2026-04-18 04:00:00,15.66,74.78,928.68,12.22
2026-09-04 17:00:00,,89.8,844.35,12.8
2026-08-10 12:00:00,21.95,,949.19,13.68
2026-03-25 04:00:00,29.8,89.2,907.42,17.1
2026-07-08 13:00:00,30.36,74.25,,17.7
2026-07-14 23:00:00,28.75,82.68,831.48,17.85
2026-10-22 05:00:00,24.66,81.24,853.88,15.27
2026-12-01 11:00:00,28.67,82.57,826.61,18.05
2026-10-14 04:00:00,10.8,85.51,925.85,11.19
2026-06-25 18:00:00,11.32,76.01,811.5,13.15
2026-04-01 03:00:00,23.62,81.2,888.52,14.76
2026-02-13 18:00:00,28.55,87.67,819.44,17.52
2026-01-03 03:00:00,23.0,90.12,884.76,15.95
2026-01-18 02:00:00,23.06,,864.1,16.36
2026-02-16 17:00:00,31.61,85.3,841.11,18.51
2026-01-14 16:00:00,28.03,74.54,841.7,15.72
2026-01-13 21:00:00,27.68,77.33,916.53,16.4
2026-05-12 01:00:00,15.32,86.32,935.29,11.91
2026-04-18 23:00:00,16.71,75.84,844.0,14.69
2026-12-27 14:00:00,14.33,86.69,905.93,12.72
2026-04-20 06:00:00,19.72,73.7,885.34,14.32
2026-10-13 22:00:00,14.27,89.27,923.93,13.62
2026-10-03 04:00:00,17.44,79.33,866.61,14.35
2026-05-19 00:00:00,13.32,72.38,817.09,13.19
2026-03-09 23:00:00,11.11,77.94,820.49,13.17
2026-06-15 06:00:00,18.72,90.54,842.03,14.72
2026-09-17 05:00:00,25.95,71.57,911.15,16.16
2026-07-10 08:00:00,31.94,76.65,938.08,17.5
2026-08-08 02:00:00,17.75,70.98,943.18,14.7
2026-01-01 12:00:00,21.22,88.39,923.65,16.72
2026-03-17 11:00:00,24.34,85.37,816.55,16.7
2026-09-09 06:00:00,10.91,,924.9,11.6
2026-12-05 14:00:00,31.17,70.31,939.48,17.67
2026-05-12 22:00:00,12.82,84.68,870.73,13.89
2026-11-26 04:00:00,18.98,84.46,862.13,15.15
2026-04-05 07:00:00,13.38,77.29,894.59,11.74
2026-12-03 02:00:00,31.41,75.24,868.31,18.28
2026-09-23 01:00:00,31.66,70.55,,17.96
2026-09-10 20:00:00,16.91,83.15,863.47,14.05
2026-04-28 11:00:00,26.91,86.52,831.23,17.33
2026-03-19 23:00:00,27.22,89.05,860.0,17.38
2026-09-07 21:00:00,9.96,83.63,836.33,11.08
2026-12-18 00:00:00,14.19,78.02,,12.99
2026-12-11 18:00:00,21.63,70.06,813.83,14.63
2026-03-05 03:00:00,9.9,71.77,879.98,12.77
2026-06-29 19:00:00,17.05,69.58,815.94,12.79
2026-02-04 10:00:00,18.87,86.63,900.47,14.86
2026-12-13 01:00:00,22.35,72.19,906.84,15.48
2026-01-13 06:00:00,29.12,73.3,812.5,16.9
2026-08-20 18:00:00,27.15,81.35,,17.58
2026-01-15 13:00:00,25.64,74.53,814.25,17.1
2026-05-25 13:00:00,17.22,69.36,852.34,13.47
2026-03-17 00:00:00,26.24,84.98,894.53,16.84
2026-04-15 16:00:00,13.44,69.83,866.92,12.72
2026-07-09 09:00:00,30.15,74.12,908.29,16.93
2026-11-19 23:00:00,12.36,87.26,871.33,12.39
2026-01-27 01:00:00,9.49,74.47,895.0,11.76
2026-06-25 09:00:00,8.91,75.95,,12.16
2026-12-24 13:00:00,9.5,87.48,870.59,11.13
2026-05-08 22:00:00,17.78,84.55,838.92,14.15
2026-09-21 06:00:00,31.17,66.42,849.5,16.68
2026-10-25 22:00:00,29.57,72.35,880.7,17.43
2026-03-13 01:00:00,16.34,78.7,926.66,13.35
2026-10-21 15:00:00,22.68,,913.88,16.73
2026-06-12 14:00:00,25.3,88.18,906.34,15.7
2026-03-18 23:00:00,25.01,87.79,895.79,15.61
2026-02-22 18:00:00,23.2,77.35,930.45,14.78
2026-02-02 11:00:00,14.53,82.51,903.3,13.59
2026-12-03 00:00:00,28.31,80.79,,17.75
2026-07-17 10:00:00,23.35,87.01,873.03,15.44
2026-12-06 05:00:00,28.51,72.95,819.98,16.5
2026-12-24 08:00:00,10.36,86.44,873.06,11.93
2026-04-25 15:00:00,30.1,84.82,862.8,18.01
2026-10-21 03:00:00,23.82,80.91,833.61,15.27
2026-12-17 16:00:00,13.61,73.49,850.33,13.39
2026-04-24 07:00:00,26.28,80.27,828.42,16.26
2026-04-04 11:00:00,13.93,,943.49,12.57
2026-08-23 18:00:00,22.96,83.02,882.86,15.8
2026-12-30 17:00:00,17.51,89.95,885.97,14.06
2026-04-09 09:00:00,8.55,71.17,874.7,12.39
2026-03-03 19:00:00,10.03,71.14,806.53,11.15
2026-01-21 13:00:00,14.86,67.38,801.66,13.91
2026-10-08 09:00:00,13.56,88.8,828.18,13.16
2026-07-08 06:00:00,28.9,72.08,813.66,16.94
2026-10-02 02:00:00,19.75,79.84,851.55,15.69
2026-09-26 16:00:00,24.26,78.35,843.62,15.58
2026-08-19 15:00:00,,77.02,802.95,17.34
2026-07-27 11:00:00,7.51,83.72,835.48,11.64
2026-03-31 16:00:00,22.71,79.54,828.42,16.01
2026-09-12 07:00:00,18.51,78.24,939.91,13.98
2026-05-12 02:00:00,13.49,82.18,935.3,13.38
2026-04-19 17:00:00,20.57,78.29,850.55,15.46
2026-04-19 20:00:00,18.57,76.44,834.48,14.73
2026-11-23 12:00:00,17.74,90.97,806.61,15.41
2026-05-08 07:00:00,19.48,87.83,863.47,14.36
2026-08-11 21:00:00,26.27,65.55,843.11,16.08
2026-01-22 13:00:00,13.16,70.99,909.18,12.0
2026-03-10 02:00:00,12.02,77.12,886.26,11.64
2026-09-05 15:00:00,7.92,89.37,877.9,11.09
2026-08-05 15:00:00,17.45,74.61,886.56,13.64
2026-04-09 01:00:00,8.74,70.54,828.37,11.46
2026-03-11 23:00:00,14.36,77.13,846.22,13.92
2026-12-14 02:00:00,19.04,66.72,809.72,14.86
2026-08-18 18:00:00,31.39,77.96,913.3,17.33
2026-10-15 12:00:00,14.47,90.17,831.67,12.67
2026-07-30 20:00:00,9.68,83.71,834.82,12.39
2026-12-31 10:00:00,18.92,90.49,806.74,14.7
2026-11-05 05:00:00,23.6,73.35,938.2,15.67
2026-04-11 11:00:00,12.31,70.77,847.1,12.48
2026-12-24 14:00:00,8.02,82.77,878.58,11.37
2026-10-28 03:00:00,28.6,72.17,908.74,17.01
2026-10-28 18:00:00,28.31,67.93,886.94,15.96
2026-08-25 12:00:00,21.51,85.43,850.89,15.19
2026-02-27 23:00:00,13.73,69.26,928.48,12.98
2026-09-26 18:00:00,27.14,74.91,871.07,16.46
2026-03-18 21:00:00,24.66,84.22,891.3,15.19
2026-03-25 12:00:00,26.88,92.43,837.79,17.68
2026-06-16 15:00:00,,87.21,817.71,14.91
2026-07-14 04:00:00,31.26,80.55,812.79,18.33
2026-09-05 12:00:00,8.22,87.25,805.65,11.28
2026-06-27 09:00:00,14.44,75.12,870.39,13.09
2026-04-07 19:00:00,14.34,71.56,911.9,12.17
2026-04-04 01:00:00,18.29,76.4,920.51,14.19
2026-06-16 06:00:00,14.06,85.23,882.36,13.42
2026-02-26 06:00:00,15.68,71.02,852.42,14.36
2026-05-09 06:00:00,19.47,88.97,901.19,14.2
2026-03-23 01:00:00,29.28,88.59,939.64,17.42
2026-08-07 14:00:00,18.43,72.11,861.02,13.91
2026-01-31 20:00:00,8.96,80.11,823.9,11.18
2026-01-02 06:00:00,,85.58,857.21,15.46
2026-06-18 19:00:00,13.2,84.62,863.25,12.92
2026-09-20 22:00:00,29.31,66.86,886.23,17.63
2026-11-16 16:00:00,10.52,86.29,821.78,12.58
2026-12-04 07:00:00,33.94,77.21,922.62,19.03
2026-01-17 10:00:00,24.87,71.14,825.73,16.16
2026-07-21 09:00:00,19.82,92.24,897.52,14.01
2026-06-08 03:00:00,28.19,85.08,933.08,16.84
2026-07-18 05:00:00,26.12,86.62,810.0,17.12
2026-07-24 00:00:00,12.13,93.92,869.43,13.39
2026-07-24 22:00:00,15.42,92.26,942.07,12.67
2026-03-21 03:00:00,28.26,87.18,,17.41
2026-03-16 07:00:00,23.36,79.31,809.52,15.11
2026-04-28 07:00:00,30.96,88.46,880.6,17.52
2026-03-16 22:00:00,,85.54,871.63,15.83
2026-07-03 15:00:00,21.38,66.74,885.21,15.12
2026-04-19 10:00:00,17.21,73.66,947.19,14.1
2026-08-04 08:00:00,,78.95,946.96,12.62
2026-05-29 11:00:00,25.93,73.87,867.16,16.51
2026-04-05 22:00:00,15.08,74.93,896.96,13.47
2026-04-06 19:00:00,10.69,75.15,866.15,12.6
2026-04-05 01:00:00,14.73,74.3,928.25,12.42
2026-04-03 03:00:00,19.39,78.27,940.82,15.13
2026-05-01 23:00:00,29.69,88.69,921.21,17.6
2026-07-05 03:00:00,25.42,71.04,,16.52
2026-04-16 22:00:00,13.91,70.93,889.83,12.07
2026-06-22 09:00:00,10.65,79.58,,12.27
2026-02-07 14:00:00,,88.27,902.24,15.88
2026-01-17 21:00:00,23.28,71.23,916.78,16.02
2026-11-18 03:00:00,10.4,85.67,858.18,11.68
2026-06-28 02:00:00,10.1,76.37,924.72,12.03
2026-01-25 06:00:00,12.36,74.63,897.75,11.89
2026-09-28 19:00:00,24.29,72.56,816.39,16.22
2026-07-22 08:00:00,18.58,90.7,917.94,13.39
2026-08-30 18:00:00,12.36,92.7,810.42,13.08
2026-02-23 09:00:00,22.11,75.52,898.53,14.98
2026-05-11 09:00:00,14.99,80.75,904.36,14.22
2026-12-28 08:00:00,14.06,92.3,813.3,13.41
2026-05-05 20:00:00,25.18,89.0,846.63,16.56
2026-07-12 08:00:00,31.64,78.7,869.45,19.4
2026-09-06 01:00:00,11.64,90.2,894.6,12.34
2026-05-05 09:00:00,24.03,90.34,889.78,15.56
2026-08-24 19:00:00,21.43,81.41,928.61,15.25
2026-12-10 11:00:00,27.32,70.09,941.98,15.51
2026-03-19 12:00:00,26.8,87.64,817.15,17.26
2026-03-28 15:00:00,26.46,85.37,823.62,18.13
2026-06-25 14:00:00,10.79,77.48,868.58,12.83
2026-01-03 01:00:00,20.8,91.04,895.47,14.78
2026-08-08 14:00:00,,73.63,804.5,16.17
2026-01-26 12:00:00,10.93,71.92,891.88,10.15
2026-03-14 12:00:00,,85.44,932.12,14.17
2026-07-17 13:00:00,25.96,,,16.0
2026-04-25 22:00:00,26.35,86.72,894.6,15.87
2026-07-20 02:00:00,19.01,85.38,893.73,14.6
2026-10-02 13:00:00,18.99,77.98,848.18,15.28
2026-06-18 01:00:00,9.64,85.5,948.27,11.39
2026-04-06 19:00:00,10.69,75.15,866.15,12.6
2026-01-07 10:00:00,29.37,85.15,874.95,17.2
2026-02-02 21:00:00,11.67,79.62,894.56,11.82
2026-12-14 14:00:00,22.38,67.24,893.72,15.03
2026-09-28 16:00:00,26.51,77.29,937.15,15.95
2026-03-06 06:00:00,12.51,75.15,851.43,13.16
2026-09-03 06:00:00,9.07,91.61,,11.56
2026-12-23 12:00:00,9.54,81.56,942.39,11.81
2026-12-14 15:00:00,16.44,75.41,847.91,14.23
2026-06-10 17:00:00,26.59,90.85,858.07,16.94
2026-03-11 11:00:00,13.53,76.68,946.1,12.55
2026-05-29 13:00:00,24.34,75.36,848.33,16.02
2026-02-12 21:00:00,27.37,88.16,945.31,16.92
2026-06-11 19:00:00,22.74,92.08,809.15,15.99
2026-11-17 21:00:00,8.68,90.4,857.97,11.31
2026-11-05 18:00:00,24.07,70.26,886.54,15.26
2026-10-24 16:00:00,26.58,74.54,814.86,17.87
2026-10-15 10:00:00,12.88,88.62,883.25,11.66
2026-10-05 17:00:00,12.27,84.24,824.27,12.5
2026-02-06 14:00:00,20.13,86.95,879.8,14.69
2026-11-20 12:00:00,14.66,88.1,806.1,12.5
2026-07-28 18:00:00,12.58,86.59,805.89,12.09
2026-09-04 00:00:00,8.68,90.8,828.15,11.64
2026-07-26 02:00:00,10.92,85.75,832.47,12.44
2026-04-07 23:00:00,11.09,72.17,873.82,10.61
2026-04-15 05:00:00,13.56,69.8,904.74,11.79
2026-07-01 11:00:00,19.33,68.92,801.43,15.31
2026-01-20 21:00:00,17.7,66.68,937.47,14.05
2026-12-04 00:00:00,30.61,77.23,802.53,17.88
2026-03-24 23:00:00,31.03,91.79,868.64,18.8
2026-06-14 18:00:00,18.24,89.55,897.22,14.42
2026-01-25 23:00:00,11.42,73.14,904.37,12.28
2026-11-16 10:00:00,8.46,86.29,925.33,11.2
2026-03-21 16:00:00,30.08,88.01,807.28,18.21
2026-12-02 09:00:00,29.41,75.94,801.07,15.06
2026-04-12 07:00:00,8.6,69.44,863.27,11.88
2026-04-14 02:00:00,11.53,70.16,,13.09
2026-02-01 04:00:00,11.14,,841.55,12.56
2026-01-25 03:00:00,13.24,71.77,891.28,12.31
2026-04-17 01:00:00,15.06,,861.24,14.01
2026-08-27 10:00:00,16.81,84.91,921.54,14.56
2026-11-02 02:00:00,,70.89,819.4,16.98
2026-05-06 09:00:00,23.25,86.22,841.89,16.85
2026-08-23 07:00:00,25.55,82.81,844.9,16.82
2026-03-22 12:00:00,28.92,92.09,816.01,17.74
2026-09-11 10:00:00,18.37,82.81,837.24,14.72
2026-12-22 23:00:00,9.99,78.63,908.76,11.18
2026-05-25 09:00:00,15.26,73.38,927.84,13.4
2026-11-06 17:00:00,19.48,,899.06,14.04
2026-08-04 11:00:00,12.4,72.55,861.33,12.48
2026-11-30 09:00:00,26.73,84.73,947.06,16.12
2026-02-07 02:00:00,,90.84,918.64,15.94
2026-01-30 23:00:00,10.89,81.38,816.46,11.99
2026-10-12 12:00:00,10.15,,929.6,11.79
2026-09-11 07:00:00,18.34,81.85,830.53,14.72
2026-10-29 23:00:00,29.91,72.17,898.87,17.87
2026-08-12 13:00:00,24.83,69.52,929.3,15.24
2026-07-28 06:00:00,11.59,88.03,948.36,12.6
2026-02-01 17:00:00,12.84,85.96,912.5,13.48
2026-09-28 04:00:00,26.8,75.84,872.39,17.02
2026-07-29 16:00:00,11.1,86.61,935.44,10.69
2026-12-27 15:00:00,11.45,86.86,919.67,12.32
2026-02-12 06:00:00,30.97,89.05,942.28,16.96
2026-08-28 18:00:00,,88.19,852.94,13.02
2026-11-07 01:00:00,24.49,74.82,,16.23
2026-11-12 19:00:00,9.66,80.52,833.87,11.23
2026-09-09 07:00:00,12.77,82.98,933.61,12.97
2026-05-26 01:00:00,14.48,71.35,808.97,12.41
2026-08-07 07:00:00,20.08,72.79,938.46,14.15
2026-08-06 06:00:00,17.61,74.27,879.33,14.42
2026-10-04 23:00:00,13.3,84.85,890.89,12.94
2026-06-18 10:00:00,10.98,85.26,888.28,12.54
2026-03-03 08:00:00,10.74,,809.48,12.48
2026-04-03 00:00:00,18.23,80.04,838.55,14.98
2026-02-03 07:00:00,14.8,,914.73,12.99
2026-07-01 16:00:00,19.07,70.71,941.29,15.06
2026-11-30 10:00:00,27.27,81.25,852.13,17.35
2026-12-14 18:00:00,17.66,70.42,887.66,13.83
2026-06-08 18:00:00,26.61,86.46,908.38,17.36
2026-08-22 08:00:00,25.92,81.21,929.28,17.03
2026-01-12 05:00:00,29.56,76.99,927.85,17.88
2026-12-04 21:00:00,30.61,73.95,948.64,17.54
2026-05-02 13:00:00,29.76,89.27,946.45,17.3
2026-09-11 04:00:00,14.22,80.96,941.53,13.19
2026-02-04 01:00:00,,86.84,802.85,13.47
2026-09-10 21:00:00,14.93,79.2,937.96,12.33
2026-09-07 01:00:00,11.99,84.7,948.39,12.34
2026-12-16 01:00:00,14.7,71.74,885.95,12.56
2026-10-07 00:00:00,13.61,87.21,822.31,13.17
2026-08-11 02:00:00,24.29,70.08,936.74,16.09
2026-12-15 11:00:00,16.38,72.67,822.64,12.98
2026-03-12 14:00:00,16.16,77.43,901.36,13.18
2026-11-08 04:00:00,17.74,74.33,902.87,13.41
2026-02-11 08:00:00,,87.78,,17.39
2026-04-02 08:00:00,22.88,,887.54,13.83
2026-07-21 18:00:00,19.28,93.51,,14.43
2026-05-10 05:00:00,18.77,81.86,947.87,13.9
2026-12-14 12:00:00,18.78,71.92,947.18,14.38
2026-09-15 15:00:00,26.55,71.41,804.56,18.07
2026-10-07 06:00:00,8.52,,810.45,11.46
2026-07-27 03:00:00,10.96,87.69,890.73,12.72
2026-05-28 01:00:00,20.24,71.75,904.41,15.5
2026-03-30 04:00:00,24.7,85.92,923.63,16.1
2026-08-13 17:00:00,28.57,69.36,840.9,16.86
2026-05-21 03:00:00,9.51,69.78,935.56,11.54
2026-12-26 09:00:00,,85.43,927.92,12.06
2026-07-15 09:00:00,27.24,82.52,860.91,17.99
2026-05-26 04:00:00,17.08,74.36,855.54,14.37
2026-08-13 12:00:00,,71.7,856.24,17.37
2026-03-05 20:00:00,10.48,69.31,886.97,12.46
2026-12-23 21:00:00,10.19,83.0,861.32,12.71
2026-03-12 23:00:00,18.23,78.3,948.24,12.88
2026-12-01 20:00:00,26.57,76.74,893.48,16.71
2026-12-23 13:00:00,13.3,,898.08,12.46
2026-03-31 03:00:00,21.36,,880.09,15.64
2026-06-19 03:00:00,12.18,87.31,808.09,11.15
2026-07-27 18:00:00,10.32,82.4,860.86,12.15
2026-05-04 04:00:00,28.48,90.47,919.34,17.79
2026-12-03 23:00:00,29.54,,826.85,16.85
2026-07-29 03:00:00,10.68,85.86,908.65,11.53
2026-07-31 08:00:00,11.24,82.44,850.44,12.51
2026-12-22 08:00:00,11.55,80.13,826.81,13.04
2026-02-10 16:00:00,25.9,90.84,945.15,16.14
2026-05-21 19:00:00,11.11,72.13,932.37,11.73
2026-10-05 20:00:00,14.07,85.64,906.43,13.68
2026-01-19 13:00:00,20.5,66.95,858.27,14.48
2026-11-12 18:00:00,11.01,81.83,817.68,11.53
2026-04-13 13:00:00,11.81,69.62,817.08,11.23
2026-08-25 19:00:00,20.81,87.75,840.73,15.02
2026-01-19 10:00:00,16.61,69.43,836.77,14.13
2026-08-10 20:00:00,25.02,68.99,944.13,15.33
2026-02-03 00:00:00,14.75,85.01,881.94,12.55
2026-08-03 12:00:00,14.16,76.18,848.15,12.94
2026-05-12 06:00:00,15.57,81.34,940.1,12.84
2026-09-05 02:00:00,8.63,88.89,838.92,12.52
2026-01-27 03:00:00,10.04,,898.89,11.71
2026-04-16 21:00:00,12.29,72.4,928.07,12.57
2026-04-26 00:00:00,29.07,87.77,919.34,18.04
2026-01-13 01:00:00,27.83,78.89,906.92,16.98
2026-03-12 07:00:00,15.82,76.86,835.94,14.02
2026-11-22 08:00:00,17.33,91.18,913.94,14.25
2026-06-16 11:00:00,16.3,87.11,921.62,13.96
2026-07-11 13:00:00,31.94,76.85,829.7,18.05
2026-05-30 18:00:00,27.93,78.34,886.93,17.55
2026-11-06 02:00:00,21.91,73.96,901.15,15.59
2026-10-24 11:00:00,26.33,73.83,,17.02
2026-01-05 15:00:00,27.11,87.7,828.64,17.79
2026-07-02 06:00:00,21.1,69.7,841.31,13.82
2026-03-26 21:00:00,28.13,,873.46,16.78
2026-06-27 23:00:00,12.19,71.21,870.11,12.0
2026-08-03 02:00:00,11.5,78.21,891.47,11.75
2026-02-24 03:00:00,21.55,72.04,867.97,14.36
2026-05-08 15:00:00,19.4,88.49,906.97,14.24
2026-12-19 04:00:00,10.6,78.08,899.31,11.7
2026-07-20 21:00:00,19.47,87.72,877.48,14.78
2026-03-23 15:00:00,30.3,90.37,829.1,18.18
2026-07-24 19:00:00,13.88,91.24,934.77,13.18
2026-03-20 19:00:00,28.42,89.84,813.03,16.6
2026-12-06 00:00:00,28.34,75.46,843.41,17.78
2026-05-03 15:00:00,27.42,92.99,913.37,17.73
2026-02-18 04:00:00,28.02,86.44,935.03,17.33
2026-09-23 08:00:00,28.69,69.85,925.83,16.99
2026-09-21 04:00:00,,66.63,925.77,18.07
2026-05-13 03:00:00,14.05,83.84,834.95,13.32
2026-03-16 06:00:00,19.89,85.01,881.43,14.07
2026-08-09 00:00:00,,69.36,907.42,14.55
2026-01-02 03:00:00,22.49,89.25,918.95,14.55
2026-01-06 22:00:00,26.1,84.13,949.03,16.14
2026-03-18 07:00:00,25.73,86.61,912.12,17.19
2026-06-01 03:00:00,28.89,75.73,851.82,16.46
2026-12-04 06:00:00,30.05,76.8,915.48,17.24
2026-03-03 11:00:00,,70.34,888.02,12.29
2026-02-16 20:00:00,32.23,86.71,873.69,18.5
2026-06-14 09:00:00,21.12,,905.37,15.56
2026-09-25 13:00:00,27.51,67.91,810.91,18.07
2026-02-20 06:00:00,25.93,79.71,804.62,15.88
2026-12-12 20:00:00,23.69,71.92,880.12,15.47
2026-05-11 11:00:00,15.43,86.11,853.88,13.2
2026-03-14 03:00:00,17.99,81.96,864.66,14.31
2026-09-04 07:00:00,9.87,87.6,861.21,11.2
2026-10-25 14:00:00,,76.89,842.98,17.71
2026-02-23 14:00:00,19.23,76.57,948.1,15.73
2026-10-01 23:00:00,21.32,78.07,899.21,15.14
2026-06-29 17:00:00,15.98,71.83,,12.66
2026-01-03 10:00:00,,90.28,861.99,17.04
2026-10-21 04:00:00,19.69,,876.18,14.33
2026-04-29 07:00:00,29.75,88.43,894.13,17.64
2026-08-28 22:00:00,14.75,91.32,872.65,12.51
2026-07-31 12:00:00,10.46,83.94,842.03,11.73
2026-04-13 01:00:00,9.38,73.41,860.7,11.22
2026-12-12 14:00:00,23.25,71.34,888.73,14.82
2026-10-12 03:00:00,,88.77,939.79,10.65
2026-03-31 23:00:00,23.02,81.4,,15.31
2026-03-31 14:00:00,22.55,82.39,890.81,16.81
2026-12-21 16:00:00,10.56,80.27,825.77,11.71
2026-11-25 14:00:00,21.96,90.7,801.32,17.03
2026-01-07 11:00:00,27.89,86.26,846.01,16.62
2026-05-31 01:00:00,25.35,78.85,828.35,16.4
2026-11-08 18:00:00,16.55,75.92,948.76,13.54
2026-06-30 07:00:00,17.67,69.62,868.91,14.43
2026-03-21 19:00:00,28.4,88.77,897.31,17.65
2026-08-09 05:00:00,22.73,69.38,903.6,15.24
2026-01-05 01:00:00,26.8,88.37,937.99,16.62
2026-07-10 17:00:00,32.61,75.89,844.77,19.31
2026-06-28 16:00:00,16.16,71.6,893.71,13.3
2026-02-26 07:00:00,14.66,76.1,,13.92
2026-10-20 12:00:00,23.99,81.4,804.45,15.94
2026-06-25 11:00:00,9.84,77.02,841.33,11.06
2026-07-23 12:00:00,16.35,92.5,945.85,14.37
2026-08-15 17:00:00,28.76,71.94,820.82,16.82
2026-03-21 08:00:00,28.71,90.98,929.42,17.48
2026-01-24 15:00:00,10.5,73.47,930.26,11.61
2026-01-11 07:00:00,28.82,81.72,816.12,18.24
2026-12-31 08:00:00,22.0,88.91,830.64,16.02
2026-06-13 03:00:00,21.76,90.61,872.08,15.32
2026-09-09 22:00:00,14.26,82.49,910.54,13.46
2026-04-26 10:00:00,28.22,83.25,810.81,16.87
2026-03-06 18:00:00,9.78,70.48,914.0,11.19
2026-11-08 20:00:00,16.74,75.42,839.65,13.49
2026-04-09 11:00:00,12.2,71.63,869.98,12.62
2026-11-14 00:00:00,10.24,81.6,860.88,13.26
2026-12-29 21:00:00,15.18,91.22,814.06,13.65
2026-12-11 10:00:00,25.1,69.51,939.71,16.8
2026-04-08 01:00:00,12.86,75.38,931.84,11.7
2026-03-19 16:00:00,29.16,91.01,916.28,18.35
2026-01-15 19:00:00,24.1,75.22,809.16,16.68
2026-10-05 14:00:00,,,872.71,13.39
2026-10-25 16:00:00,28.78,71.85,800.49,17.77
2026-12-17 20:00:00,13.91,70.51,911.68,12.91
2026-09-14 20:00:00,24.69,74.91,862.86,14.9
2026-08-30 13:00:00,12.84,92.26,926.26,12.7
2026-10-16 18:00:00,13.57,88.83,818.88,12.84
2026-08-27 03:00:00,17.81,87.93,922.19,14.76
2026-12-04 04:00:00,29.82,76.18,829.65,18.25
2026-08-04 10:00:00,14.71,76.55,,12.97
2026-11-24 05:00:00,18.67,89.39,846.41,13.78
2026-06-18 02:00:00,12.63,91.14,840.53,13.52
2026-09-25 19:00:00,,73.44,803.36,18.77
2026-02-13 02:00:00,28.34,88.06,871.41,18.27
2026-08-20 07:00:00,29.14,75.89,,17.26
2026-11-09 06:00:00,14.98,75.03,912.65,13.17
2026-08-20 15:00:00,29.38,80.41,936.02,17.43
2026-01-23 10:00:00,14.93,70.81,814.18,12.31
2026-09-20 17:00:00,30.94,71.39,855.91,17.12
2026-07-27 06:00:00,8.78,89.71,863.59,11.18
2026-11-18 08:00:00,10.21,90.14,894.3,11.52
2026-07-14 03:00:00,27.87,82.97,805.41,18.36
2026-05-21 04:00:00,10.51,72.17,804.45,11.29
2026-08-16 12:00:00,29.89,73.9,917.04,18.17
2026-09-27 16:00:00,26.62,73.72,894.08,16.71
2026-02-28 05:00:00,12.93,69.57,917.31,11.5
2026-10-08 12:00:00,11.02,88.35,873.64,13.35
2026-09-01 01:00:00,12.81,90.12,860.91,12.71
2026-08-08 23:00:00,21.8,72.18,,15.89
2026-09-24 19:00:00,30.05,75.4,805.45,17.66
2026-04-30 00:00:00,28.9,88.47,871.86,16.13
2026-05-06 05:00:00,22.21,89.97,876.31,14.3
2026-05-11 07:00:00,17.72,81.6,896.72,13.94
2026-10-12 05:00:00,13.03,90.53,823.53,13.65
2026-10-05 06:00:00,13.47,83.59,940.02,12.91
2026-03-11 17:00:00,13.26,77.97,917.54,12.44
2026-01-26 08:00:00,7.94,74.87,,11.22
2026-07-09 11:00:00,29.24,72.03,,17.6
2026-01-30 18:00:00,10.77,74.72,860.18,12.0
2026-04-22 07:00:00,23.93,80.35,943.78,16.12
2026-11-10 03:00:00,15.9,77.42,869.43,13.37
2026-06-23 19:00:00,9.79,76.52,947.12,10.66
2026-09-02 13:00:00,9.9,92.89,,12.69
2026-03-16 09:00:00,20.17,85.94,809.27,15.06
2026-07-28 21:00:00,,,889.65,12.02
2026-12-21 23:00:00,11.81,79.75,811.79,13.46
2026-06-22 22:00:00,9.94,79.44,922.25,12.84
2026-03-10 17:00:00,17.16,76.96,933.52,14.7
2026-06-10 02:00:00,,,818.72,17.15
2026-12-15 23:00:00,15.92,72.82,811.19,13.77
2026-06-30 03:00:00,14.44,69.16,863.01,12.89
2026-04-03 20:00:00,14.49,78.81,900.17,11.98
2026-08-15 06:00:00,28.47,74.06,908.02,16.78
2026-07-22 13:00:00,15.69,90.66,938.95,13.17
2026-03-13 04:00:00,16.71,82.76,910.62,14.63
2026-09-07 17:00:00,12.41,82.46,843.69,13.1
2026-08-28 21:00:00,15.09,,916.1,12.36
2026-10-30 22:00:00,26.93,71.44,843.11,17.38
2026-08-06 08:00:00,17.65,75.41,877.43,13.82
2026-05-09 01:00:00,21.92,82.28,831.91,16.06
2026-01-01 21:00:00,21.16,,823.89,14.6
2026-05-07 01:00:00,22.29,88.24,899.65,15.01
2026-11-14 05:00:00,10.08,86.68,871.28,12.02
2026-11-19 01:00:00,11.31,92.97,,12.28
2026-12-17 17:00:00,13.79,69.17,858.24,12.99
2026-08-04 09:00:00,12.5,76.15,904.23,12.61
2026-09-13 12:00:00,22.85,,937.3,15.9
2026-09-03 08:00:00,6.75,94.35,841.82,11.25
2026-09-18 06:00:00,28.14,73.78,900.39,16.42
2026-04-15 06:00:00,11.66,70.88,909.84,11.36
2026-06-17 07:00:00,14.1,87.69,919.61,11.91
2026-10-26 01:00:00,29.64,73.0,863.67,16.91
2026-02-11 09:00:00,26.42,90.59,829.46,17.73
2026-03-06 16:00:00,8.78,70.59,916.17,10.7
2026-10-03 14:00:00,18.0,79.46,933.2,13.78
2026-02-28 16:00:00,13.26,68.49,889.67,12.18
2026-04-22 17:00:00,23.28,78.87,857.11,16.01
2026-04-13 02:00:00,9.06,72.05,939.8,11.93
2026-07-08 14:00:00,26.6,76.52,917.2,16.1
2026-12-09 09:00:00,23.72,70.47,913.35,16.07
2026-06-25 23:00:00,12.76,76.27,819.16,13.73
2026-12-29 17:00:00,17.22,87.04,903.79,14.24
2026-07-19 06:00:00,19.98,87.27,827.86,15.41
2026-09-01 00:00:00,9.96,92.43,,11.77
2026-08-04 17:00:00,11.89,74.2,847.85,11.86
2026-12-07 07:00:00,,71.44,914.48,17.9
2026-06-21 13:00:00,7.65,82.87,926.28,11.21
2026-09-26 10:00:00,25.84,70.1,,16.26
2026-11-24 21:00:00,20.08,88.73,862.83,15.07
2026-01-14 21:00:00,25.82,77.09,,16.95
2026-03-21 09:00:00,29.58,89.63,877.82,18.28
2026-10-09 22:00:00,13.33,89.35,917.01,12.77
2026-09-15 02:00:00,21.41,79.53,942.35,13.93
2026-03-31 04:00:00,23.74,81.3,919.09,15.76
2026-04-17 04:00:00,16.12,71.65,881.47,13.08
2026-12-09 01:00:00,27.71,71.92,924.4,16.25
2026-11-27 00:00:00,24.58,87.26,896.94,16.68
2026-01-12 01:00:00,27.59,79.99,801.63,17.48
2026-03-17 02:00:00,22.46,,826.31,15.72
2026-11-28 13:00:00,28.3,85.78,881.0,17.36
2026-12-23 03:00:00,11.78,84.57,899.95,12.87
2026-09-08 02:00:00,10.59,80.65,893.02,12.37
2026-01-23 08:00:00,12.24,68.98,,12.22
2026-12-09 14:00:00,27.34,65.47,912.33,16.39
2026-03-14 05:00:00,,80.55,867.54,14.41
2026-11-30 15:00:00,,,890.93,18.75
2026-01-08 23:00:00,,80.89,803.29,17.82
2026-03-17 12:00:00,26.6,84.05,,17.03
2026-01-16 18:00:00,27.45,,877.51,16.12
2026-03-02 06:00:00,11.08,73.07,896.67,13.01
2026-06-18 05:00:00,13.34,84.71,890.28,12.55
2026-07-09 19:00:00,,76.34,827.03,17.64
2026-03-27 20:00:00,29.3,85.45,891.78,16.72
2026-04-07 04:00:00,13.3,76.03,858.87,11.91
2026-02-11 15:00:00,28.59,88.76,919.63,18.6
2026-11-17 14:00:00,11.16,87.92,815.2,13.78
2026-03-10 03:00:00,11.96,74.02,911.78,11.87
2026-02-17 19:00:00,27.15,88.98,810.8,17.78
2026-05-04 05:00:00,26.67,88.24,839.16,16.92
2026-11-13 17:00:00,10.24,82.54,946.64,11.74
2026-04-11 21:00:00,11.79,69.13,821.45,12.07
2026-02-23 17:00:00,18.54,76.36,937.09,15.08
2026-11-25 19:00:00,22.16,90.1,944.27,14.61
2026-11-23 23:00:00,17.54,90.4,849.45,14.71
2026-09-25 10:00:00,29.58,70.91,818.87,17.37
2026-01-31 08:00:00,10.46,78.92,842.19,10.83
2026-12-25 11:00:00,11.63,86.1,837.79,12.48
2026-06-04 05:00:00,32.06,87.63,949.7,19.14
2026-07-19 07:00:00,20.98,90.82,862.54,15.77
2026-08-05 01:00:00,12.23,76.01,929.69,12.62
2026-07-01 15:00:00,19.56,71.05,899.57,14.05
2026-12-29 14:00:00,13.86,87.81,854.25,12.4
2026-01-09 21:00:00,30.97,84.6,907.01,17.83
2026-02-13 15:00:00,27.05,90.84,861.52,17.42
2026-09-24 00:00:00,30.37,69.64,818.31,18.26
2026-12-25 15:00:00,13.76,87.18,944.82,13.8
2026-10-09 14:00:00,13.33,90.78,870.31,13.4
2026-01-05 13:00:00,26.93,84.89,945.26,17.1
2026-04-22 03:00:00,20.93,78.22,824.15,14.96
2026-05-19 03:00:00,10.86,72.6,861.11,12.43
2026-02-15 22:00:00,33.12,87.8,812.09,19.88
2026-10-26 02:00:00,28.11,74.48,827.37,17.39
2026-08-09 18:00:00,24.05,74.92,833.46,15.87
2026-10-03 08:00:00,16.08,82.0,931.49,12.94
2026-07-20 12:00:00,21.38,89.55,916.23,16.71
2026-04-26 06:00:00,28.32,86.05,943.96,18.02
2026-07-04 22:00:00,23.56,72.28,877.66,14.5
2026-09-23 03:00:00,30.98,71.55,857.35,18.02
2026-06-29 18:00:00,,70.89,,13.46
2026-10-20 14:00:00,20.22,81.36,862.18,15.89
2026-08-06 18:00:00,17.26,73.38,945.8,13.64
2026-03-11 15:00:00,13.97,80.0,913.88,12.28
2026-07-23 17:00:00,16.04,91.11,840.05,15.18
2026-09-02 19:00:00,8.89,89.63,944.45,10.87
2026-09-08 20:00:00,13.21,86.05,882.81,12.4
2026-10-17 20:00:00,16.55,,803.94,14.42
2026-10-30 13:00:00,29.71,75.25,919.81,17.53
2026-12-08 18:00:00,26.73,67.59,945.28,16.42
2026-11-28 06:00:00,22.49,82.74,872.78,15.55
2026-12-10 21:00:00,23.15,69.38,856.44,15.24
2026-08-18 02:00:00,26.57,76.12,865.22,16.57
2026-01-28 20:00:00,6.06,72.15,845.23,8.98
2026-10-01 02:00:00,20.67,77.77,815.24,14.9
2026-05-14 04:00:00,13.02,80.65,822.2,12.82
2026-04-15 23:00:00,11.69,69.54,870.55,11.79
2026-10-14 17:00:00,12.07,90.0,874.5,11.97
2026-09-12 19:00:00,17.29,77.21,834.13,13.85
2026-02-24 15:00:00,21.43,72.04,813.14,15.56
2026-12-17 19:00:00,12.77,73.54,878.52,12.16
2026-07-19 05:00:00,23.02,89.33,809.53,15.66
2026-08-02 08:00:00,9.67,77.01,846.17,11.25
2026-08-13 04:00:00,26.91,69.85,808.71,17.12
2026-02-17 20:00:00,31.67,,863.42,18.37
2026-10-23 18:00:00,24.75,81.12,894.32,15.96
2026-11-23 08:00:00,17.38,91.46,803.64,14.38
2026-09-05 11:00:00,13.53,85.11,846.55,12.64
2026-10-31 20:00:00,27.97,66.92,855.43,17.37
2026-04-02 02:00:00,18.13,,906.86,13.84
2026-09-02 03:00:00,9.78,91.15,949.55,12.48
2026-02-28 13:00:00,12.78,71.62,806.37,12.73
2026-04-24 10:00:00,24.67,82.15,909.04,16.17
2026-05-15 20:00:00,12.11,75.31,865.14,12.94
2026-04-12 15:00:00,7.83,69.92,839.76,11.26
2026-04-16 09:00:00,11.8,75.76,948.77,12.17
2026-08-08 04:00:00,22.21,71.1,932.47,14.51
2026-08-23 13:00:00,25.0,80.86,934.24,15.92
2026-01-03 06:00:00,25.32,90.02,802.54,16.76
2026-10-22 03:00:00,24.66,,842.93,15.85
2026-10-24 18:00:00,26.62,74.44,864.14,16.47
2026-10-28 09:00:00,31.66,73.65,901.83,18.09
2026-10-15 15:00:00,12.5,88.58,811.36,13.25
2026-05-08 05:00:00,19.73,89.65,812.09,15.15
2026-01-28 19:00:00,12.28,74.82,887.84,11.25
2026-07-12 12:00:00,29.2,81.47,,17.39
2026-02-09 11:00:00,23.84,91.84,851.25,16.64
2026-02-02 14:00:00,14.33,84.87,935.83,13.07
2026-01-28 11:00:00,9.78,75.08,940.86,10.94
2026-11-08 19:00:00,16.85,71.12,834.13,13.19
2026-11-20 04:00:00,10.66,,894.75,12.15
2026-04-07 06:00:00,,71.6,836.22,12.74
2026-11-20 05:00:00,15.61,90.95,813.57,14.49
2026-02-07 09:00:00,21.73,85.13,840.75,15.24
2026-06-18 20:00:00,13.57,85.51,850.86,13.75
2026-04-02 17:00:00,18.91,76.74,866.13,13.64
2026-09-09 10:00:00,11.43,84.42,904.24,12.31
2026-09-29 01:00:00,24.06,79.64,920.11,15.79
2026-04-15 09:00:00,11.05,73.79,880.74,11.48
2026-02-07 23:00:00,22.82,89.98,892.71,15.51
2026-12-13 06:00:00,19.44,,939.4,14.91
2026-11-22 18:00:00,14.82,92.7,839.88,13.98
2026-11-03 15:00:00,28.71,69.11,891.94,17.13
2026-12-13 21:00:00,22.21,71.83,807.53,15.34
2026-10-12 08:00:00,11.45,87.28,827.89,12.29
2026-05-18 16:00:00,11.75,73.45,890.39,12.73
2026-02-15 21:00:00,25.65,87.73,881.01,16.46
2026-06-12 10:00:00,23.72,90.94,828.43,15.79
2026-04-13 15:00:00,8.89,66.86,878.16,12.27
2026-11-30 16:00:00,27.34,80.12,846.74,17.64
2026-11-14 23:00:00,,86.21,,11.71
2026-04-11 17:00:00,10.53,71.92,889.02,12.13
2026-01-20 03:00:00,16.7,69.33,833.15,13.53
2026-01-12 19:00:00,27.11,73.81,,16.12
2026-04-20 04:00:00,20.5,,819.71,14.95
2026-07-02 07:00:00,,70.97,909.59,14.86
2026-02-24 04:00:00,19.99,75.15,940.65,14.54
2026-05-24 23:00:00,19.66,69.62,919.58,15.25
2026-05-12 14:00:00,15.84,81.47,871.47,13.17
2026-09-09 14:00:00,15.03,79.37,888.26,12.46
2026-04-10 10:00:00,9.79,69.07,887.58,11.87
2026-04-27 16:00:00,29.72,87.5,921.23,18.36
2026-02-20 02:00:00,27.37,82.31,846.54,16.73
2026-07-07 13:00:00,25.62,72.76,886.95,17.04
2026-08-16 06:00:00,31.36,73.49,802.08,18.06
2026-05-28 06:00:00,25.31,75.17,888.91,15.75
2026-09-18 08:00:00,24.89,,906.52,16.14
2026-08-29 18:00:00,14.34,86.25,837.05,13.03
2026-10-24 08:00:00,28.8,75.58,850.31,16.99
2026-12-02 22:00:00,27.34,73.87,811.95,16.11
2026-02-12 13:00:00,27.77,91.67,872.87,18.41
2026-10-16 22:00:00,16.31,86.51,800.05,13.36
2026-10-20 07:00:00,21.17,80.15,883.57,15.57
2026-02-22 22:00:00,24.73,78.26,934.03,17.16
2026-06-26 18:00:00,10.78,70.47,896.85,11.55
2026-03-23 17:00:00,30.4,86.0,944.27,18.56
2026-07-10 11:00:00,29.36,75.21,806.96,17.8
2026-08-30 21:00:00,,89.26,948.33,13.42
2026-10-28 21:00:00,26.58,70.41,862.8,16.57
2026-01-04 00:00:00,24.88,87.97,821.18,16.61
2026-07-02 00:00:00,18.17,67.36,944.08,14.02
2026-12-06 20:00:00,29.53,71.61,816.16,17.42
2026-09-05 07:00:00,10.79,84.18,947.85,12.16
2026-03-16 20:00:00,22.64,86.19,945.11,15.93
2026-08-23 17:00:00,24.64,82.64,846.45,16.56
2026-05-25 01:00:00,16.15,70.39,894.68,14.66
2026-04-24 15:00:00,28.55,81.01,809.11,17.77
2026-04-26 01:00:00,26.96,79.38,883.56,15.71
2026-07-11 23:00:00,30.72,74.48,835.24,17.85
2026-06-07 03:00:00,28.66,85.95,894.88,16.83
2026-04-02 16:00:00,21.97,73.39,935.64,15.6
2026-05-12 03:00:00,13.42,77.41,941.62,12.95
2026-01-14 17:00:00,27.99,73.59,916.95,16.61
2026-03-21 17:00:00,29.9,87.93,904.5,18.14
2026-11-20 07:00:00,10.28,93.5,,11.5
2026-02-19 09:00:00,29.39,78.46,915.63,17.28
2026-11-10 10:00:00,15.03,80.38,935.22,12.23
2026-02-15 19:00:00,30.52,90.99,906.61,18.31
2026-07-17 02:00:00,24.09,84.73,876.23,15.37
2026-11-02 00:00:00,28.77,69.67,948.76,16.97
2026-03-01 11:00:00,11.09,68.06,845.15,11.91
2026-07-26 08:00:00,12.96,90.1,848.7,12.6
2026-01-27 09:00:00,9.51,74.08,935.07,10.8
2026-10-27 16:00:00,29.58,70.59,822.61,18.24
2026-11-03 21:00:00,26.58,70.92,892.19,16.6
2026-11-10 16:00:00,12.17,79.62,801.69,12.21
2026-11-12 15:00:00,9.88,76.58,839.45,11.67
2026-06-02 08:00:00,28.89,79.34,833.15,16.61
2026-01-17 23:00:00,21.99,69.29,823.3,15.01
2026-11-06 04:00:00,21.15,72.88,839.08,14.86
2026-06-24 08:00:00,9.42,74.59,822.49,11.97
2026-03-24 20:00:00,28.96,85.85,864.48,18.31
2026-11-04 11:00:00,25.16,70.69,807.02,16.53
2026-03-15 11:00:00,18.4,83.64,808.7,14.91
2026-01-13 18:00:00,30.03,74.27,888.8,17.73
2026-06-29 10:00:00,14.02,75.9,910.47,13.26
2026-04-06 09:00:00,15.6,78.36,905.1,14.05
2026-02-04 19:00:00,17.46,85.37,853.86,15.08
2026-10-26 09:00:00,28.84,72.62,939.69,16.34
2026-09-17 06:00:00,25.93,69.3,833.72,15.85
2026-10-16 05:00:00,17.81,85.89,860.73,14.71
2026-12-24 07:00:00,10.92,83.9,860.59,12.42
2026-07-26 03:00:00,9.99,89.37,874.93,12.4
2026-12-11 06:00:00,23.83,70.98,829.93,16.47
2026-03-18 02:00:00,23.44,88.78,892.07,15.72
2026-04-19 12:00:00,17.37,75.04,884.36,15.18
2026-06-15 02:00:00,18.61,87.1,801.64,13.5
2026-02-21 10:00:00,24.21,81.26,884.22,16.15
2026-06-18 03:00:00,15.22,86.13,899.56,14.23
2026-06-16 18:00:00,15.83,86.45,908.27,13.09
2026-07-19 03:00:00,17.96,87.73,811.13,15.15
2026-02-21 02:00:00,25.96,78.65,,16.05
2026-11-24 17:00:00,17.18,85.85,,14.16
2026-02-05 20:00:00,,88.17,945.65,13.85
2026-08-10 22:00:00,24.07,72.89,833.72,15.96
2026-11-27 20:00:00,21.01,88.61,877.88,15.86
2026-01-26 06:00:00,9.5,72.18,904.0,10.86
2026-03-26 01:00:00,26.45,88.37,824.32,18.71
2026-02-28 00:00:00,17.7,70.03,877.53,14.17
2026-03-14 02:00:00,18.11,79.71,947.05,14.31
2026-01-23 12:00:00,14.57,71.43,869.74,13.42
2026-01-18 09:00:00,21.67,69.93,949.58,13.61
2026-10-19 20:00:00,20.83,86.31,896.93,15.04
2026-08-20 03:00:00,29.38,76.33,892.42,17.54
2026-11-04 02:00:00,25.45,71.31,837.39,16.81
2026-09-30 21:00:00,22.32,77.8,886.64,15.69
2026-09-04 23:00:00,10.31,87.23,877.45,12.02
2026-03-13 02:00:00,17.78,78.55,810.92,14.16
2026-07-13 07:00:00,25.33,83.39,896.93,15.68
2026-09-10 09:00:00,16.46,80.12,932.05,13.56
2026-12-10 05:00:00,24.19,74.52,866.85,16.51
2026-06-15 05:00:00,18.87,90.93,927.68,14.39
2026-10-20 13:00:00,18.55,82.07,899.01,14.7
2026-08-26 18:00:00,,90.07,894.14,15.45
2026-09-08 21:00:00,13.49,82.83,836.14,12.54
2026-09-23 00:00:00,31.32,68.18,820.13,18.99
2026-04-11 09:00:00,8.28,69.89,839.0,10.73
2026-10-15 04:00:00,10.78,89.72,813.52,11.56
2026-08-10 01:00:00,25.11,71.63,802.84,16.2
2026-12-26 21:00:00,10.62,,899.35,12.28
2026-01-30 03:00:00,10.17,77.61,889.51,11.42
2026-02-16 15:00:00,31.43,89.31,925.59,17.64
2026-10-27 10:00:00,26.49,,902.54,16.03
2026-08-26 23:00:00,17.18,86.03,881.6,13.66
2026-09-17 03:00:00,,73.36,816.84,16.88
2026-06-20 11:00:00,13.35,86.39,,14.19
2026-03-31 06:00:00,23.62,80.01,876.2,16.15
2026-05-28 18:00:00,24.03,75.16,840.29,15.97
2026-10-18 18:00:00,20.26,84.95,805.23,16.14
2026-02-19 11:00:00,27.56,80.67,837.4,17.62
2026-03-17 01:00:00,23.37,87.13,811.81,16.48
2026-01-17 15:00:00,24.61,73.94,884.59,17.0
2026-01-31 09:00:00,10.14,80.48,877.4,12.35
2026-03-15 18:00:00,21.37,87.27,856.29,14.98
2026-08-05 09:00:00,14.78,78.52,899.13,13.3
2026-03-18 14:00:00,25.75,88.22,869.7,16.59
2026-05-30 10:00:00,24.53,76.43,868.25,16.05
2026-11-25 03:00:00,18.89,86.72,818.35,13.73
2026-06-27 03:00:00,12.35,71.25,887.71,12.51
2026-02-28 05:00:00,12.93,69.57,917.31,11.5
2026-02-09 17:00:00,27.42,89.25,806.31,17.9
2026-12-17 12:00:00,12.34,71.44,940.38,13.45
2026-10-05 11:00:00,14.45,84.77,801.23,12.77
2026-02-14 03:00:00,29.11,90.72,876.53,17.2
2026-11-15 07:00:00,7.42,87.26,887.0,11.05
2026-04-23 09:00:00,22.8,82.99,807.45,17.04
2026-02-25 18:00:00,17.69,72.14,894.79,12.72
2026-07-12 01:00:00,28.71,78.8,802.65,18.22
2026-07-18 23:00:00,24.17,90.13,935.73,15.63
2026-11-28 19:00:00,26.53,,840.97,17.45
2026-05-13 09:00:00,12.08,77.95,902.37,12.51
2026-09-24 05:00:00,30.75,70.0,919.79,18.09
2026-01-12 13:00:00,28.25,80.54,864.74,16.97
2026-12-19 17:00:00,10.84,78.48,890.13,11.58
2026-06-08 13:00:00,29.07,87.56,940.19,16.66
2026-11-15 00:00:00,11.71,88.5,826.35,12.52
2026-04-28 16:00:00,29.79,89.26,892.62,18.02
2026-03-31 22:00:00,24.18,79.99,823.8,15.6
2026-04-14 19:00:00,10.66,70.48,930.59,11.48
2026-11-08 06:00:00,19.65,73.2,928.04,13.06
2026-03-18 19:00:00,,85.48,883.82,16.31
2026-09-17 20:00:00,25.88,74.11,874.33,15.45
2026-09-10 10:00:00,18.94,82.07,875.2,15.71
2026-12-10 12:00:00,24.19,68.4,821.51,15.41
2026-02-11 16:00:00,29.87,87.01,819.82,17.87
2026-03-25 20:00:00,28.41,90.87,850.07,18.1
2026-03-22 15:00:00,27.42,87.82,881.73,17.24
2026-07-02 20:00:00,20.83,,890.1,13.76
2026-10-09 08:00:00,9.94,88.59,930.89,12.81
2026-02-14 13:00:00,30.35,86.84,917.02,17.43
2026-01-25 20:00:00,10.54,73.71,865.34,11.3
2026-04-16 16:00:00,15.35,70.52,808.39,13.34
2026-12-13 18:00:00,22.64,69.48,887.12,16.11
2026-07-03 07:00:00,22.81,72.38,914.61,14.32
2026-12-13 23:00:00,19.21,66.93,937.06,13.24
2026-05-23 10:00:00,12.3,66.99,944.72,11.65
2026-05-19 02:00:00,9.68,69.63,813.62,11.84
2026-10-06 04:00:00,13.11,86.19,889.99,13.62
2026-09-14 12:00:00,21.52,77.43,824.7,15.64
2026-06-01 04:00:00,25.47,77.52,927.17,17.04
2026-09-25 23:00:00,24.44,67.85,881.67,16.1
2026-08-02 17:00:00,12.27,77.82,826.43,12.08
2026-07-31 09:00:00,8.01,84.38,828.27,10.8
2026-10-03 07:00:00,17.61,80.53,907.61,13.96
2026-10-13 03:00:00,9.49,92.69,838.81,11.47
2026-05-31 07:00:00,28.38,,908.98,16.51
2026-02-08 10:00:00,23.45,91.43,852.89,15.49
2026-08-07 08:00:00,18.74,72.08,807.31,13.8
2026-11-20 01:00:00,10.88,89.94,916.0,11.64
2026-06-17 10:00:00,14.01,81.35,902.23,13.14
2026-02-21 19:00:00,23.34,78.52,835.99,16.54
2026-06-10 13:00:00,24.27,92.78,808.66,15.63
2026-05-07 09:00:00,,87.48,930.59,15.39
2026-12-25 14:00:00,8.97,84.75,873.95,11.46
2026-12-21 02:00:00,7.78,80.16,855.25,11.71
2026-04-02 03:00:00,19.8,81.76,894.33,15.38
2026-04-17 17:00:00,15.52,74.6,820.92,12.79
2026-07-30 22:00:00,9.66,82.94,908.66,11.77
2026-01-08 11:00:00,33.67,83.73,927.81,19.12
2026-09-21 09:00:00,29.77,,826.2,17.74
2026-08-19 10:00:00,31.15,73.1,859.2,17.84
2026-02-08 23:00:00,23.36,88.1,901.83,15.51
2026-06-26 23:00:00,15.16,72.74,898.31,13.13
2026-10-02 11:00:00,18.34,82.99,812.85,14.57
2026-11-06 05:00:00,21.71,73.95,887.4,15.32
2026-09-30 12:00:00,22.5,73.26,926.14,15.04
2026-07-18 08:00:00,22.1,86.87,815.97,15.71
2026-11-03 18:00:00,27.21,72.17,842.4,17.36
2026-05-27 00:00:00,19.28,68.91,898.7,13.56
2026-03-08 08:00:00,11.54,73.16,820.25,11.53
2026-05-02 15:00:00,30.63,,828.92,18.52
2026-03-12 19:00:00,16.57,83.09,898.65,12.88
2026-10-04 09:00:00,14.44,83.3,924.96,13.96
2026-09-25 04:00:00,26.33,69.24,874.94,16.46
2026-02-27 20:00:00,14.98,67.59,913.01,13.11
2026-05-31 05:00:00,25.46,73.79,891.37,15.79
2026-06-13 20:00:00,22.02,88.98,891.56,15.84
2026-06-17 02:00:00,15.32,89.87,842.08,13.88
2026-03-11 19:00:00,14.28,78.55,936.13,12.28
2026-04-05 10:00:00,12.13,75.71,854.66,13.54
2026-01-23 11:00:00,12.5,68.44,870.94,11.64
2026-12-22 07:00:00,10.36,79.23,,13.2
2026-06-09 21:00:00,27.39,90.86,939.0,16.5
2026-10-13 08:00:00,14.7,89.8,835.04,13.6
2026-06-25 22:00:00,10.95,72.93,857.22,11.4
2026-06-27 22:00:00,12.73,73.42,877.19,12.42
2026-07-12 20:00:00,31.42,82.19,836.97,17.47
2026-07-21 10:00:00,15.95,89.86,913.23,13.31
2026-09-29 17:00:00,23.28,75.02,833.25,15.28
2026-05-26 02:00:00,17.91,72.47,932.48,15.15
2026-06-20 12:00:00,11.01,81.25,927.47,12.14
2026-01-07 09:00:00,29.25,86.07,892.1,17.11
2026-08-18 22:00:00,27.65,76.65,829.71,16.98
2026-05-13 18:00:00,10.6,79.67,911.17,12.98
2026-04-27 04:00:00,28.44,89.5,911.25,17.04
2026-09-10 08:00:00,14.97,77.99,925.33,12.45
2026-05-29 17:00:00,25.88,74.89,811.82,16.91
2026-04-09 05:00:00,10.9,71.03,939.01,12.35
2026-09-25 05:00:00,29.5,71.7,918.57,16.93
2026-02-11 13:00:00,28.6,88.89,808.74,18.53
2026-10-19 03:00:00,21.69,86.18,815.12,16.06
2026-02-12 03:00:00,28.54,90.27,887.08,18.06
2026-01-02 18:00:00,22.79,,908.34,16.06
2026-12-05 23:00:00,29.54,75.28,886.49,19.1
2026-09-14 18:00:00,20.31,75.02,815.49,15.59
2026-05-24 12:00:00,16.9,73.26,846.74,14.29
2026-06-23 15:00:00,9.64,78.77,813.76,11.51
2026-08-30 01:00:00,14.78,86.3,906.6,12.9
2026-03-20 10:00:00,26.19,91.29,886.73,16.35
2026-05-06 00:00:00,,88.82,870.52,15.77
2026-04-27 02:00:00,27.91,86.95,810.64,18.32
2026-09-16 13:00:00,27.42,72.5,810.58,18.62
2026-11-28 20:00:00,24.64,85.39,802.95,16.35
2026-11-05 16:00:00,19.82,75.75,884.43,13.79
2026-09-25 17:00:00,29.36,71.46,924.38,17.94
2026-02-27 18:00:00,17.0,68.78,860.32,14.33
2026-01-30 07:00:00,8.43,78.79,841.43,11.04
2026-03-02 07:00:00,12.72,67.02,827.11,12.63
2026-10-24 19:00:00,27.32,77.98,810.97,16.0
2026-03-30 13:00:00,25.3,86.22,935.25,17.02
2026-12-25 17:00:00,10.05,81.38,849.28,11.43
2026-05-11 20:00:00,16.19,82.74,890.47,13.97
2026-06-25 05:00:00,9.57,74.45,910.04,11.22
2026-09-25 16:00:00,27.81,71.38,944.62,16.24
2026-03-03 22:00:00,8.43,67.48,835.4,10.28
2026-08-21 20:00:00,28.64,81.6,920.5,16.9
2026-11-29 22:00:00,28.75,86.92,842.48,17.46
2026-07-14 05:00:00,28.59,82.96,905.76,17.88
2026-07-20 22:00:00,18.41,83.66,866.64,14.56
2026-08-31 16:00:00,11.05,87.98,886.37,11.64
2026-05-31 20:00:00,25.35,77.95,802.02,16.12
2026-02-12 14:00:00,28.63,87.29,895.95,18.35
2026-01-21 12:00:00,16.34,69.14,801.04,14.49
2026-03-08 22:00:00,11.53,72.1,892.69,11.42
2026-10-10 06:00:00,8.41,,893.82,12.06
2026-09-15 04:00:00,22.31,74.37,924.92,14.94
2026-11-08 09:00:00,19.93,75.42,,14.51
2026-06-22 13:00:00,12.56,79.49,815.77,13.12
2026-08-28 05:00:00,15.16,88.09,843.25,12.1
2026-05-09 07:00:00,18.67,85.37,924.17,15.24
2026-11-13 10:00:00,13.41,82.2,,13.04
2026-04-29 23:00:00,29.21,89.2,814.74,18.53
2026-09-14 01:00:00,20.65,78.35,887.01,14.64
2026-08-06 07:00:00,17.9,73.04,891.67,13.43
2026-07-19 23:00:00,22.43,90.09,900.5,15.23
2026-02-17 05:00:00,30.31,84.7,919.6,18.15
2026-07-30 17:00:00,10.14,81.74,880.1,12.47
2026-04-24 09:00:00,,83.51,849.12,16.46
2026-10-26 18:00:00,28.47,70.93,,16.85
2026-02-08 11:00:00,22.26,87.93,909.28,16.47
2026-10-07 18:00:00,8.44,86.29,802.89,10.81
2026-06-12 11:00:00,23.57,,904.05,16.19
2026-10-15 17:00:00,13.74,90.07,828.36,13.8
2026-07-22 09:00:00,18.62,87.54,887.28,13.81
2026-05-25 02:00:00,16.82,70.66,849.69,13.54
2026-08-21 22:00:00,25.92,82.0,865.83,16.46
2026-05-13 22:00:00,11.6,80.81,913.99,12.28
2026-02-28 08:00:00,12.64,67.75,876.55,11.17
2026-07-23 22:00:00,13.18,90.78,866.38,12.18
2026-05-29 18:00:00,24.14,73.32,877.14,16.2
2026-10-23 12:00:00,23.52,75.47,806.62,15.63
2026-11-23 22:00:00,,87.17,852.34,14.47
2026-08-25 01:00:00,19.87,88.31,838.3,15.81
2026-12-04 15:00:00,27.19,73.33,918.42,17.13
2026-04-20 00:00:00,18.06,,907.98,14.13
2026-08-30 05:00:00,13.81,88.51,833.94,14.24
2026-03-26 18:00:00,30.58,90.15,912.02,17.24
2026-03-29 14:00:00,24.58,85.34,886.77,16.55
2026-07-25 13:00:00,14.31,87.98,,13.58
2026-05-19 13:00:00,11.13,74.46,808.05,11.97
2026-02-13 11:00:00,29.26,86.97,898.31,17.82
2026-03-05 16:00:00,9.27,69.78,845.87,11.86
2026-01-29 11:00:00,10.91,77.18,842.63,10.71
2026-08-30 02:00:00,13.67,90.45,848.47,12.77
2026-01-14 11:00:00,30.48,75.68,922.78,18.24
2026-07-24 08:00:00,15.15,90.62,812.17,13.8
2026-10-14 11:00:00,10.53,90.65,896.48,12.56
2026-06-21 04:00:00,10.4,82.8,881.09,12.05
2026-11-14 07:00:00,8.99,84.07,851.1,12.0
2026-07-11 06:00:00,29.06,75.95,,16.97
2026-05-17 10:00:00,8.65,76.04,913.91,10.72
2026-08-02 15:00:00,12.02,77.54,878.99,11.94
2026-06-15 08:00:00,21.14,88.95,805.71,15.23
2026-12-15 06:00:00,16.53,72.4,,14.16
2026-07-18 13:00:00,24.05,89.36,945.07,16.31
2026-06-23 12:00:00,9.35,79.1,889.93,10.95
2026-07-06 16:00:00,24.81,68.57,900.81,15.55
2026-01-22 10:00:00,13.95,68.85,902.86,12.9
2026-10-17 19:00:00,13.71,84.41,918.67,12.63
2026-03-21 20:00:00,28.06,92.01,885.46,16.95
2026-09-26 02:00:00,,,916.57,16.25
2026-07-06 14:00:00,24.4,73.37,,16.51
2026-10-25 12:00:00,23.32,75.95,,15.17
2026-09-19 11:00:00,28.7,72.98,921.32,16.58
2026-12-22 19:00:00,10.97,84.59,839.24,12.9
2026-03-06 08:00:00,9.13,,902.78,10.57
2026-05-23 19:00:00,16.85,,806.5,13.11
2026-04-22 16:00:00,24.68,80.2,,16.64
2026-05-16 06:00:00,11.04,76.11,878.77,12.51
2026-04-21 17:00:00,23.42,77.73,913.41,15.21
2026-04-29 12:00:00,30.32,87.74,875.59,17.77
2026-05-06 18:00:00,22.68,87.36,916.88,15.76
2026-10-21 00:00:00,22.52,76.9,835.8,15.49
2026-03-02 22:00:00,10.95,65.88,943.07,12.06
2026-05-02 21:00:00,28.84,91.01,919.61,17.25
2026-09-23 19:00:00,29.9,73.17,904.35,17.14
2026-03-13 07:00:00,16.93,80.69,853.43,14.16
2026-12-21 09:00:00,9.86,81.55,841.7,11.51
2026-05-30 17:00:00,23.76,76.03,920.43,16.43
2026-05-22 16:00:00,13.97,69.18,918.64,12.36
2026-02-01 15:00:00,13.61,81.06,861.55,13.1
2026-03-05 22:00:00,9.3,71.33,846.54,11.87
2026-06-01 19:00:00,28.36,80.94,880.78,16.99
2026-06-11 18:00:00,21.38,89.5,914.34,14.91
2026-03-18 15:00:00,25.54,88.41,944.86,15.9
2026-02-17 00:00:00,29.62,85.92,879.76,18.44
2026-01-02 17:00:00,23.16,87.34,835.29,15.33
2026-07-23 05:00:00,16.51,87.01,810.48,13.31
2026-02-08 04:00:00,23.75,87.27,910.66,16.56
2026-05-01 22:00:00,28.37,93.03,948.45,15.97
2026-08-26 21:00:00,21.73,86.31,845.67,15.48
2026-03-24 07:00:00,29.41,83.37,907.52,17.04
2026-11-30 02:00:00,26.08,84.16,930.75,16.78
2026-01-10 15:00:00,30.29,82.58,893.08,18.31
2026-11-24 11:00:00,19.1,86.43,846.2,14.98
2026-10-06 16:00:00,9.84,88.81,905.02,12.15
2026-03-05 05:00:00,11.01,71.46,864.42,12.27
2026-03-02 11:00:00,14.23,70.82,885.0,12.37
2026-07-22 22:00:00,20.93,88.5,880.75,14.8
2026-06-21 20:00:00,10.8,81.06,895.68,10.71
2026-05-07 06:00:00,18.8,84.47,911.21,13.92
2026-12-24 13:00:00,9.5,87.48,870.59,11.13
2026-07-06 07:00:00,28.03,72.03,,16.67
2026-04-20 10:00:00,21.98,78.51,919.74,14.02
2026-01-29 03:00:00,8.92,73.69,927.11,11.33
2026-05-01 01:00:00,26.52,,939.5,16.24
2026-08-29 08:00:00,15.2,91.65,861.48,13.16
2026-06-20 18:00:00,10.79,,867.25,12.36
2026-11-27 15:00:00,24.91,,899.27,18.09
2026-08-10 05:00:00,22.28,68.56,939.99,14.39
2026-11-02 16:00:00,27.0,70.34,878.1,16.31
2026-10-01 06:00:00,21.83,,824.87,15.5
2026-05-25 10:00:00,16.72,68.02,,13.15
2026-05-16 12:00:00,11.23,73.27,832.78,11.2
2026-07-29 06:00:00,9.77,84.71,905.87,12.04
2026-07-05 22:00:00,26.84,73.18,945.72,15.99
2026-08-24 15:00:00,21.51,82.02,,16.09
2026-08-02 05:00:00,10.74,79.55,930.92,11.26
2026-06-04 12:00:00,30.58,86.74,828.79,17.2
2026-11-05 08:00:00,22.24,71.34,840.18,15.01
2026-06-24 13:00:00,10.11,77.12,852.44,11.4
2026-02-23 11:00:00,23.63,76.09,834.67,16.37
2026-08-06 15:00:00,16.3,73.17,852.18,12.91
2026-05-03 04:00:00,26.85,92.94,871.33,16.87
2026-10-11 21:00:00,7.0,91.32,823.91,12.0
2026-01-11 23:00:00,27.97,80.49,905.07,17.74
2026-12-30 12:00:00,,92.18,876.57,15.14
2026-05-04 02:00:00,25.76,90.93,915.22,16.47
2026-11-19 02:00:00,13.41,92.15,888.18,12.2
2026-02-02 09:00:00,13.11,85.03,836.2,12.56
2026-05-05 13:00:00,28.84,85.7,887.0,17.37
2026-05-02 20:00:00,28.64,92.36,921.01,17.58
2026-06-02 11:00:00,32.3,80.27,891.14,18.8
2026-01-14 06:00:00,28.07,73.23,873.47,17.7
2026-09-11 19:00:00,17.29,76.06,889.83,14.08
2026-07-11 12:00:00,,77.23,858.45,16.78
2026-09-14 21:00:00,21.48,74.36,890.03,14.95
2026-08-29 10:00:00,17.61,88.38,901.28,14.07
2026-07-29 01:00:00,13.16,84.54,923.64,12.58
2026-05-07 23:00:00,,87.24,833.51,16.45
2026-05-08 21:00:00,20.8,85.95,925.75,15.33
2026-11-27 23:00:00,24.83,86.48,815.07,16.88
2026-09-16 18:00:00,26.83,73.55,915.15,17.52
2026-04-18 12:00:00,17.2,74.02,849.8,13.86
2026-11-07 15:00:00,17.72,77.2,882.48,14.46
2026-06-07 19:00:00,27.62,88.09,897.96,17.73
2026-04-18 02:00:00,16.04,74.36,800.22,13.03
2026-07-15 05:00:00,29.13,86.6,835.66,17.03
2026-01-13 05:00:00,29.9,76.18,804.06,17.92
2026-12-31 12:00:00,16.28,90.53,894.71,13.08
2026-08-22 05:00:00,25.96,80.67,877.83,16.97
2026-07-13 06:00:00,26.57,79.81,885.46,17.49
2026-10-09 06:00:00,11.71,91.2,910.41,12.41
2026-08-31 02:00:00,14.23,89.38,831.56,14.65
2026-12-07 08:00:00,27.77,71.14,801.56,17.01
2026-08-09 08:00:00,21.41,69.29,892.47,13.88
2026-06-08 23:00:00,25.19,86.54,818.08,16.42
2026-09-11 18:00:00,18.2,75.89,800.89,14.65
2026-05-15 03:00:00,12.17,80.94,864.26,13.4
2026-11-16 15:00:00,6.99,90.33,817.58,11.86
2026-11-14 22:00:00,11.91,83.8,924.09,12.32
2026-05-16 21:00:00,10.21,75.14,902.46,11.59
2026-08-11 08:00:00,24.7,71.43,,16.06
2026-07-20 21:00:00,19.47,87.72,877.48,14.78
2026-01-22 05:00:00,13.87,69.24,819.65,12.9
2026-07-27 19:00:00,10.73,88.51,817.86,13.0
2026-09-26 01:00:00,26.28,73.88,925.07,17.12
2026-01-16 01:00:00,27.54,70.27,859.89,17.37
2026-01-28 23:00:00,6.94,74.63,929.12,10.54
2026-10-16 04:00:00,12.28,,895.02,12.69
2026-08-09 18:00:00,24.05,74.92,833.46,15.87
2026-05-21 13:00:00,14.65,70.97,824.53,13.42
2026-07-24 03:00:00,15.38,90.18,935.56,13.5
2026-06-26 01:00:00,11.83,70.77,941.26,12.46
2026-07-19 20:00:00,22.26,85.45,920.54,15.13
2026-03-01 04:00:00,13.91,67.49,,13.2
2026-07-21 07:00:00,17.25,92.78,884.06,13.44
2026-12-02 12:00:00,28.73,79.71,,16.78
2026-11-14 10:00:00,8.57,82.15,869.81,11.38
2026-08-30 19:00:00,15.65,89.22,848.92,13.94
2026-01-13 13:00:00,27.48,76.44,848.27,16.93
2026-03-23 21:00:00,30.13,88.51,896.85,18.41
2026-03-19 13:00:00,28.27,89.41,841.04,17.32
2026-07-26 06:00:00,12.22,87.32,806.53,11.95
2026-06-21 12:00:00,10.14,76.87,947.84,11.95
2026-10-13 00:00:00,9.73,90.3,843.96,11.87
2026-05-02 02:00:00,28.48,91.65,926.54,16.68
2026-01-22 20:00:00,13.07,70.69,918.88,11.97
2026-11-10 02:00:00,13.49,79.07,909.55,11.51
2026-05-29 05:00:00,23.92,75.21,901.42,15.55
2026-05-18 14:00:00,10.4,70.97,839.76,11.84
2026-02-16 18:00:00,30.77,83.33,860.24,18.8
2026-09-17 18:00:00,26.39,71.1,813.6,16.78
2026-11-08 08:00:00,16.23,77.6,858.33,14.21
2026-11-13 21:00:00,9.79,85.8,801.26,12.89
2026-01-18 13:00:00,23.85,70.11,934.32,15.71
2026-05-18 04:00:00,,74.77,842.45,12.88
2026-06-18 22:00:00,11.25,86.17,832.91,11.65
2026-11-03 07:00:00,26.44,72.15,857.56,16.01
2026-12-22 15:00:00,11.07,82.76,890.46,13.18
2026-03-10 10:00:00,12.79,78.55,881.71,12.78
2026-01-10 06:00:00,31.03,81.17,930.15,17.2
2026-10-25 18:00:00,29.28,77.23,898.92,17.22
2026-12-13 08:00:00,21.01,72.14,913.21,13.9
2026-06-01 20:00:00,27.24,75.09,949.76,16.32
2026-01-17 05:00:00,22.57,72.75,902.44,16.78
2026-03-29 02:00:00,27.05,84.28,896.03,17.56
2026-05-02 19:00:00,28.44,90.15,852.03,17.9
2026-12-02 01:00:00,28.78,79.26,878.95,18.09
2026-03-20 04:00:00,26.93,87.4,887.79,17.19
2026-09-25 20:00:00,30.51,72.62,925.03,17.87
2026-10-30 10:00:00,28.86,71.76,845.65,16.98
2026-06-23 01:00:00,8.89,84.6,946.04,11.58
2026-04-09 07:00:00,11.24,73.06,813.97,12.61
2026-09-20 23:00:00,31.42,71.09,869.95,18.02
2026-12-18 08:00:00,11.9,75.71,824.48,12.39
2026-11-16 19:00:00,8.92,,871.27,11.13
2026-06-16 13:00:00,15.65,86.18,814.19,13.89
2026-01-29 12:00:00,8.35,79.95,809.31,11.65
2026-11-18 22:00:00,9.04,88.31,895.72,11.87
2026-12-22 17:00:00,12.55,80.23,935.7,11.49
2026-05-26 22:00:00,19.95,74.07,924.32,14.57
2026-02-14 00:00:00,29.58,88.83,859.44,17.46
2026-07-02 16:00:00,,68.8,,14.29
2026-02-20 07:00:00,25.94,80.59,887.88,16.59
2026-05-04 17:00:00,26.8,90.56,861.57,17.17
2026-12-14 21:00:00,19.93,66.88,828.22,14.18
2026-06-07 21:00:00,30.84,90.15,942.48,18.09
2026-12-15 17:00:00,16.98,66.75,891.28,13.4
2026-10-07 17:00:00,11.85,90.65,861.83,12.85
2026-06-20 03:00:00,8.64,83.0,805.01,11.78
2026-09-01 23:00:00,8.14,92.9,876.49,13.03
2026-01-20 01:00:00,17.08,70.72,823.39,14.16
2026-06-18 13:00:00,12.62,82.04,926.73,12.1
2026-07-05 16:00:00,23.48,72.08,887.6,15.85
2026-10-10 12:00:00,11.82,88.26,919.77,13.52
2026-05-24 15:00:00,14.84,71.52,829.48,13.07
2026-09-10 00:00:00,12.36,80.76,857.02,12.5
2026-08-17 01:00:00,29.25,73.48,924.62,17.28
2026-08-17 05:00:00,29.97,72.51,820.34,18.18
2026-03-03 01:00:00,12.04,71.86,923.23,12.34
2026-08-01 08:00:00,12.23,78.89,842.4,12.57
2026-10-27 00:00:00,31.14,70.48,863.76,16.9
2026-02-16 14:00:00,30.16,83.72,909.08,17.22
2026-09-28 02:00:00,24.53,75.84,836.64,17.2
2026-04-22 13:00:00,21.12,82.59,942.23,14.88
2026-02-26 15:00:00,17.09,69.8,881.73,12.96
2026-08-23 19:00:00,25.13,81.31,948.2,15.21
2026-12-18 15:00:00,13.28,75.31,830.8,13.08
2026-09-16 01:00:00,25.72,71.95,945.79,16.67
2026-07-27 02:00:00,13.41,88.38,819.63,11.91
2026-02-08 21:00:00,20.68,89.21,935.48,14.12
2026-09-13 11:00:00,19.16,73.34,847.12,15.13
2026-09-14 16:00:00,22.26,74.93,886.0,15.13
2026-07-29 19:00:00,13.59,85.53,922.98,12.75
2026-11-06 01:00:00,20.64,76.21,896.39,13.76
2026-07-17 07:00:00,27.01,87.16,902.48,15.96
2026-09-06 09:00:00,13.76,89.05,814.1,13.63
2026-02-02 00:00:00,12.07,82.79,905.7,11.48
2026-05-31 15:00:00,28.27,77.91,862.79,16.99
2026-06-21 23:00:00,12.99,80.62,866.47,11.9
2026-06-30 17:00:00,17.75,69.02,805.88,13.77
2026-10-29 15:00:00,28.46,,943.11,17.0
2026-10-23 16:00:00,30.01,76.3,934.83,18.38
2026-01-18 15:00:00,22.53,,939.49,14.74
2026-02-05 14:00:00,20.57,86.28,894.23,14.69
2026-09-28 21:00:00,,77.83,925.65,14.7
2026-08-17 11:00:00,30.04,72.97,804.57,16.45
2026-10-06 14:00:00,11.8,86.26,908.07,12.84
2026-08-08 16:00:00,19.39,73.5,851.9,14.66
2026-05-12 12:00:00,12.11,82.0,860.35,12.66
2026-02-08 12:00:00,25.17,87.94,891.65,16.92
2026-09-03 10:00:00,9.79,91.96,925.08,11.64
2026-07-17 15:00:00,25.71,88.08,944.15,16.99
2026-01-12 12:00:00,29.47,77.97,852.61,17.45
2026-09-22 06:00:00,29.77,,823.99,17.4
2026-03-28 05:00:00,29.01,85.84,866.03,17.93
2026-01-20 22:00:00,21.78,68.34,927.47,14.61
2026-01-01 08:00:00,19.87,90.09,933.25,14.8
2026-11-19 20:00:00,12.85,90.32,864.4,13.14
2026-01-11 04:00:00,28.04,79.64,833.55,16.6
2026-04-03 13:00:00,16.81,78.6,915.14,13.6
2026-04-09 12:00:00,9.57,73.1,925.45,12.0
2026-03-19 05:00:00,28.02,86.87,802.79,17.15
2026-03-01 22:00:00,12.96,72.68,873.28,12.61
2026-09-22 18:00:00,26.88,68.3,934.86,16.0
2026-06-22 15:00:00,10.55,80.58,919.03,11.17
2026-05-19 08:00:00,10.61,74.03,932.52,12.39
2026-08-22 19:00:00,28.22,79.43,844.53,17.63
2026-06-16 14:00:00,18.53,88.96,851.33,15.68
2026-10-11 12:00:00,8.77,93.83,910.33,12.43
2026-06-14 12:00:00,19.12,95.94,899.47,14.26
2026-12-06 03:00:00,30.17,,940.32,17.53
2026-09-03 23:00:00,11.61,87.41,835.05,13.18
2026-02-07 18:00:00,20.1,88.85,889.63,15.44
2026-07-27 23:00:00,11.55,86.81,,11.8
2026-04-17 11:00:00,15.82,71.21,876.14,13.52
2026-04-08 02:00:00,11.11,,934.23,11.26
2026-09-12 22:00:00,19.88,77.52,932.11,14.39
2026-06-29 23:00:00,15.29,71.82,909.33,14.35
2026-07-25 20:00:00,,87.51,824.11,12.35
2026-06-05 17:00:00,29.71,86.84,,17.07
2026-03-11 18:00:00,17.13,78.63,,13.88
2026-06-19 12:00:00,10.34,85.18,935.45,11.94
2026-11-07 13:00:00,20.97,78.34,802.4,15.72
2026-03-01 05:00:00,14.66,70.76,873.76,13.17
2026-05-23 09:00:00,14.49,68.28,874.75,13.64
2026-10-01 00:00:00,21.83,81.8,884.68,14.9
2026-02-24 05:00:00,22.41,75.29,937.15,14.66
2026-09-14 04:00:00,18.98,78.49,852.19,15.01
2026-04-24 21:00:00,25.54,86.17,836.72,16.76
2026-04-10 08:00:00,10.21,72.87,814.56,11.97
2026-02-18 11:00:00,26.36,85.48,848.87,16.83
2026-10-06 09:00:00,13.22,85.83,808.07,13.45
2026-05-10 20:00:00,16.17,82.6,,14.06
2026-08-14 06:00:00,26.52,71.46,830.97,16.26
2026-03-27 16:00:00,27.47,87.79,847.29,16.35
2026-02-01 11:00:00,16.32,78.92,821.32,14.06
2026-11-22 10:00:00,15.86,90.61,875.65,13.7
2026-09-03 13:00:00,7.82,86.59,943.25,11.71
2026-04-07 16:00:00,12.62,74.33,829.08,12.05
2026-06-24 10:00:00,13.69,78.48,871.57,12.6
2026-09-22 12:00:00,28.24,71.32,921.04,17.31
2026-05-13 14:00:00,10.93,80.35,,11.62
2026-12-02 03:00:00,30.53,77.77,846.0,19.14
2026-02-27 11:00:00,18.23,68.74,888.21,13.22
2026-12-09 05:00:00,25.53,68.73,901.51,16.97
2026-04-27 15:00:00,,84.88,,17.99
2026-04-15 07:00:00,11.28,68.27,869.1,12.39
2026-01-29 09:00:00,8.46,76.39,871.29,10.97
2026-08-21 16:00:00,28.82,76.79,,16.51
2026-10-23 14:00:00,26.84,75.67,814.57,16.43
2026-07-24 14:00:00,13.06,93.17,811.06,12.91
2026-07-30 11:00:00,10.58,83.79,843.59,11.92
2026-08-18 07:00:00,27.72,76.17,923.1,16.52
2026-10-19 07:00:00,20.28,84.36,804.44,16.05
2026-09-12 06:00:00,16.21,78.11,946.81,14.15
2026-05-03 00:00:00,30.71,89.38,886.93,17.4
2026-06-12 16:00:00,25.08,89.24,884.44,16.34
2026-12-19 23:00:00,13.51,79.79,941.76,11.62
2026-05-22 07:00:00,11.57,69.52,,11.04
2026-07-10 19:00:00,31.15,76.23,899.75,17.63
2026-01-19 16:00:00,18.51,70.8,881.51,14.79
2026-06-13 08:00:00,24.32,,822.32,15.98
2026-01-11 06:00:00,29.1,79.42,868.47,17.11
2026-12-04 12:00:00,26.4,77.41,870.59,16.14
2026-01-11 16:00:00,31.55,75.78,826.73,18.06
2026-12-03 08:00:00,28.84,78.63,853.32,16.58
2026-08-29 16:00:00,15.09,89.67,835.93,13.5
2026-05-25 00:00:00,18.28,69.77,874.36,12.41
2026-04-16 12:00:00,14.49,74.33,881.43,12.73
2026-11-04 17:00:00,24.65,70.96,896.03,16.89
2026-12-12 10:00:00,22.08,68.89,845.03,15.4
2026-07-10 15:00:00,29.53,79.49,811.09,17.46
2026-01-14 02:00:00,29.72,79.7,834.67,17.81
2026-10-12 09:00:00,9.45,92.13,873.2,12.39
2026-02-06 11:00:00,22.63,85.24,891.17,15.17
2026-10-24 05:00:00,27.2,77.68,941.36,17.31
2026-01-15 01:00:00,26.14,,906.67,16.36
2026-01-13 00:00:00,29.22,76.77,932.84,17.41
2026-11-15 19:00:00,9.47,86.26,826.34,11.84
2026-12-16 02:00:00,17.24,73.09,859.66,12.95
2026-10-24 02:00:00,23.61,77.23,899.73,15.99
2026-12-30 19:00:00,17.81,87.66,811.33,14.02
2026-01-07 21:00:00,29.88,86.13,931.77,18.1
2026-04-16 21:00:00,12.29,72.4,928.07,12.57
2026-07-24 04:00:00,13.83,92.65,913.18,13.53
2026-02-26 14:00:00,14.67,70.58,869.18,12.1
2026-05-20 17:00:00,11.29,71.59,869.75,12.3
2026-08-15 08:00:00,29.7,70.64,828.06,17.34
2026-11-03 14:00:00,,69.49,915.93,14.78
2026-01-12 10:00:00,27.76,77.97,898.45,17.01
2026-06-10 07:00:00,25.58,,853.78,17.15
2026-09-26 08:00:00,,74.51,900.03,14.9
2026-10-28 07:00:00,,73.93,832.19,18.79
2026-04-02 22:00:00,21.06,80.22,937.32,15.25
2026-08-03 16:00:00,14.02,80.53,899.17,13.99
2026-10-18 20:00:00,16.09,81.92,942.39,13.55
2026-03-19 22:00:00,25.84,91.24,824.27,16.68
2026-05-12 08:00:00,9.83,80.44,805.99,11.43
2026-01-27 08:00:00,9.92,73.66,853.03,12.48
2026-07-16 01:00:00,27.03,87.7,931.79,17.18
2026-12-17 05:00:00,10.79,73.08,855.24,11.65
2026-11-14 09:00:00,12.81,84.23,881.72,12.32
2026-01-30 06:00:00,9.46,78.01,921.07,10.49
2026-11-04 05:00:00,22.08,66.94,838.67,15.98
2026-05-06 13:00:00,21.59,89.17,915.64,15.68
2026-03-01 10:00:00,15.88,67.68,928.83,12.25
2026-05-08 10:00:00,18.75,86.51,833.45,13.97
2026-09-16 08:00:00,23.9,74.39,868.62,15.3
2026-03-25 14:00:00,29.68,83.23,,17.41
2026-02-26 21:00:00,16.17,71.56,828.75,14.07
2026-06-13 16:00:00,19.2,92.09,912.63,14.68
2026-04-03 22:00:00,16.13,77.24,943.47,13.08
2026-09-18 20:00:00,30.1,72.26,808.65,17.21
2026-01-19 23:00:00,17.59,72.61,820.61,13.92
2026-06-12 22:00:00,20.12,89.71,,14.3
2026-09-03 17:00:00,11.68,87.47,,12.7
2026-04-29 09:00:00,27.72,89.71,912.96,17.88
2026-12-06 12:00:00,29.86,73.83,,18.44
2026-12-19 15:00:00,,77.21,846.1,11.94
2026-03-01 03:00:00,13.91,72.58,946.06,12.16
2026-07-10 14:00:00,28.72,78.91,844.61,16.59
2026-08-21 07:00:00,24.57,80.82,906.78,16.16
2026-03-30 06:00:00,,,899.5,15.38
2026-06-10 04:00:00,28.85,91.22,831.69,18.09
2026-03-09 16:00:00,14.87,74.44,886.73,12.99
2026-01-05 14:00:00,,89.7,831.97,16.65
2026-11-02 19:00:00,28.72,71.39,905.46,17.19
2026-01-22 22:00:00,11.65,71.18,801.48,12.9
2026-05-01 21:00:00,28.61,88.75,932.38,18.25
2026-04-25 10:00:00,27.87,86.54,811.38,17.54
2026-12-02 23:00:00,,76.73,906.28,17.52
2026-10-12 16:00:00,8.76,88.59,891.06,12.05
2026-07-01 01:00:00,17.59,65.99,886.46,13.29
2026-06-22 20:00:00,9.27,80.54,837.68,12.03
2026-06-03 12:00:00,30.52,80.5,928.23,17.96
2026-09-16 02:00:00,20.28,74.42,924.01,14.62
2026-07-02 01:00:00,19.58,71.91,932.78,14.67
2026-12-10 01:00:00,25.04,70.99,846.23,16.05
2026-11-08 03:00:00,17.89,75.28,922.44,14.1
2026-08-09 03:00:00,22.87,69.45,879.07,15.78
2026-01-06 21:00:00,,86.56,822.22,18.35
2026-05-30 04:00:00,28.4,74.89,,16.79
2026-03-20 06:00:00,25.34,,824.94,16.86
2026-03-10 06:00:00,15.81,75.37,817.76,13.48
2026-07-09 06:00:00,26.46,73.93,898.52,17.06
2026-11-05 17:00:00,24.33,71.24,887.48,15.51
2026-10-16 00:00:00,12.66,86.23,870.7,12.63
2026-05-30 21:00:00,27.72,,872.85,17.03
2026-02-24 19:00:00,17.95,73.44,,14.59
2026-06-20 05:00:00,11.1,83.32,,12.88
2026-07-03 11:00:00,22.2,,806.64,15.15
2026-10-03 06:00:00,16.18,85.98,859.75,13.55
2026-02-05 23:00:00,21.77,89.36,926.11,14.4
2026-05-07 00:00:00,20.14,85.54,850.12,14.81
2026-12-29 15:00:00,,87.62,917.71,14.2
2026-07-09 03:00:00,30.25,71.85,805.59,18.52
2026-10-17 18:00:00,14.78,87.93,,13.26
2026-09-23 15:00:00,31.49,74.06,811.79,18.57
2026-09-24 17:00:00,,,875.12,16.78
2026-06-23 10:00:00,9.6,77.3,922.25,12.01
2026-04-26 12:00:00,28.33,84.53,,18.47
2026-03-13 10:00:00,16.52,81.43,851.69,13.64
2026-12-13 11:00:00,21.59,71.8,918.15,15.34
2026-08-30 22:00:00,9.31,88.32,834.35,12.34
2026-02-04 08:00:00,15.69,88.01,868.17,13.45
2026-07-14 17:00:00,27.02,84.0,811.56,17.93
2026-03-04 03:00:00,14.28,72.19,903.02,13.75
2026-08-23 01:00:00,24.72,85.24,912.68,15.65
2026-06-17 21:00:00,15.33,88.33,837.7,13.55
2026-04-05 06:00:00,,77.03,865.44,14.87
2026-08-14 20:00:00,,71.31,846.57,17.56
2026-12-16 04:00:00,,74.33,847.37,13.08
2026-11-25 12:00:00,20.28,91.28,834.03,15.08
2026-08-02 14:00:00,11.58,80.64,936.17,12.12
2026-07-04 08:00:00,,69.55,808.25,15.63
2026-10-18 16:00:00,18.26,85.8,856.02,14.28
2026-05-31 12:00:00,26.75,78.67,844.4,16.16
2026-12-11 07:00:00,,71.45,867.26,16.36
2026-02-13 06:00:00,29.52,88.91,814.98,18.18
2026-01-10 16:00:00,30.02,80.42,899.89,17.63
2026-09-30 01:00:00,21.64,78.56,,14.09
2026-11-27 07:00:00,23.31,87.16,864.67,16.55
2026-01-20 10:00:00,18.92,69.11,,13.45
2026-06-27 17:00:00,13.42,74.73,847.96,12.72
2026-04-06 22:00:00,12.21,69.79,849.55,12.42
2026-10-30 05:00:00,31.27,69.3,883.18,17.32
2026-03-01 20:00:00,11.94,70.66,866.63,12.94
2026-02-21 21:00:00,22.9,76.63,935.05,16.27
2026-01-12 02:00:00,31.89,77.67,930.52,17.5
2026-03-12 01:00:00,15.1,77.49,875.31,13.45
2026-07-25 23:00:00,11.07,87.29,849.83,11.51
2026-10-22 01:00:00,23.46,76.61,853.65,15.69
2026-02-09 07:00:00,24.48,89.82,873.07,16.47
2026-12-22 01:00:00,10.4,81.46,933.81,12.88
2026-06-30 01:00:00,,69.96,833.09,13.82
2026-09-16 20:00:00,24.76,75.17,,16.63
2026-01-30 04:00:00,,78.84,907.56,11.52
2026-05-19 23:00:00,8.63,71.5,912.96,12.08
2026-11-13 15:00:00,11.45,85.59,894.82,11.78
2026-04-01 05:00:00,20.24,79.42,860.31,14.61
2026-01-03 07:00:00,25.24,,935.01,16.48
2026-05-27 01:00:00,18.04,72.26,855.86,14.48
2026-10-22 02:00:00,26.49,81.51,858.22,16.42
2026-06-19 16:00:00,9.64,83.7,829.41,11.56
2026-11-26 18:00:00,21.69,86.45,,15.86
2026-04-29 16:00:00,29.09,86.39,940.22,17.53
2026-09-16 14:00:00,24.51,72.89,809.74,16.22
2026-11-26 10:00:00,21.76,87.08,814.38,14.85
2026-08-16 10:00:00,28.38,73.76,923.14,17.4
2026-03-13 19:00:00,18.87,82.5,856.68,15.7
2026-11-02 04:00:00,28.35,68.5,913.81,16.36
2026-08-13 22:00:00,,72.92,907.38,16.7
2026-04-06 14:00:00,11.95,75.42,,11.82
2026-02-03 17:00:00,14.04,84.13,856.51,14.16
2026-03-12 02:00:00,13.84,78.47,891.54,13.34
2026-05-31 08:00:00,24.78,78.83,899.26,16.09
2026-02-17 07:00:00,31.03,83.47,896.8,18.34
2026-04-23 11:00:00,26.89,80.69,809.65,16.96
2026-01-10 07:00:00,27.58,82.96,946.35,15.83
2026-05-27 12:00:00,19.69,71.97,929.86,15.11
2026-05-17 12:00:00,11.77,72.81,837.81,12.52
2026-11-02 01:00:00,27.6,68.16,852.3,16.97
2026-01-13 20:00:00,28.85,78.93,,17.74
2026-09-06 12:00:00,12.73,86.25,915.96,12.09
2026-02-21 20:00:00,,80.63,888.11,15.36
2026-12-15 08:00:00,18.23,71.2,882.61,14.08
2026-07-30 18:00:00,9.91,84.14,937.4,11.19
2026-05-14 22:00:00,12.36,75.44,865.14,12.92
2026-05-21 16:00:00,11.65,70.1,868.0,11.36
2026-01-03 08:00:00,22.65,88.82,924.05,15.18
2026-03-16 23:00:00,23.35,88.53,809.36,16.47
2026-08-18 03:00:00,,74.39,924.13,19.28
2026-09-04 18:00:00,10.99,90.49,880.99,12.25
2026-01-28 03:00:00,11.7,73.31,865.17,11.57
2026-02-02 23:00:00,14.59,83.99,821.77,13.35
2026-04-12 05:00:00,9.6,66.55,912.77,10.56
2026-09-27 08:00:00,25.04,74.33,828.81,15.62
2026-07-25 10:00:00,14.42,93.1,801.7,13.76
2026-04-03 06:00:00,17.56,76.5,838.73,14.43
2026-03-15 14:00:00,24.27,82.82,864.02,15.78
2026-08-23 23:00:00,24.15,83.23,893.5,16.18
2026-04-29 13:00:00,28.35,86.7,856.55,17.03
2026-05-06 02:00:00,23.79,,852.86,16.94
2026-05-30 19:00:00,27.82,77.68,943.41,16.47
2026-04-30 14:00:00,28.9,92.48,800.5,18.45
2026-10-26 04:00:00,30.51,70.8,822.05,18.32
2026-04-25 14:00:00,30.32,86.59,843.6,17.89
2026-07-30 13:00:00,9.66,83.03,,11.11
2026-10-29 02:00:00,29.91,69.39,920.93,16.99
2026-01-20 14:00:00,17.31,69.95,871.0,12.91
2026-12-09 16:00:00,27.79,68.79,856.58,17.69
2026-11-30 21:00:00,27.94,78.1,926.8,15.76
2026-10-06 23:00:00,10.53,90.53,943.45,11.75
2026-04-28 03:00:00,28.72,87.13,913.37,17.94
2026-07-28 14:00:00,11.81,84.66,916.57,12.95
2026-05-28 20:00:00,21.46,75.01,904.54,15.48
2026-11-10 13:00:00,13.39,76.6,910.77,12.12
2026-03-26 08:00:00,24.75,91.93,900.15,16.4
2026-03-08 18:00:00,10.24,74.42,851.13,12.47
2026-08-29 20:00:00,12.33,89.93,908.09,12.47
2026-06-06 09:00:00,29.09,87.87,868.12,18.1
2026-08-31 17:00:00,9.39,,855.89,12.98
2026-06-26 08:00:00,10.37,76.8,879.55,12.38
2026-12-25 20:00:00,11.63,86.34,929.06,12.23
2026-09-27 21:00:00,24.78,74.71,845.07,15.73
2026-01-16 19:00:00,22.89,73.91,928.2,15.33
2026-04-08 16:00:00,7.83,72.96,850.68,12.26
2026-08-31 18:00:00,11.69,92.31,821.08,13.34
2026-11-03 12:00:00,26.43,72.36,934.45,16.96
2026-10-30 17:00:00,28.63,68.29,874.18,16.83
2026-03-19 19:00:00,29.04,87.29,936.85,17.94
2026-01-28 10:00:00,10.3,75.74,931.4,12.03
2026-10-15 08:00:00,11.76,85.78,853.64,12.62
2026-06-30 10:00:00,17.55,69.6,924.4,12.63
2026-12-09 18:00:00,25.65,70.82,944.74,15.34
2026-05-24 11:00:00,,71.24,,14.26
2026-05-26 18:00:00,19.32,69.16,832.63,14.79
2026-09-28 00:00:00,27.01,75.38,831.84,17.77
2026-07-29 10:00:00,8.48,80.39,816.26,10.96
2026-10-18 10:00:00,15.76,79.58,811.78,13.33
2026-11-12 03:00:00,13.83,81.61,845.36,12.92
2026-12-26 06:00:00,,89.08,918.65,13.28
2026-04-13 03:00:00,9.21,69.9,806.18,11.66
2026-05-27 09:00:00,18.05,69.9,858.83,14.86
2026-09-22 07:00:00,29.74,67.03,925.55,16.88
2026-09-09 17:00:00,15.79,84.14,864.23,13.57
2026-09-26 11:00:00,29.22,74.05,945.82,16.85
2026-06-12 02:00:00,24.65,92.72,849.36,16.95
2026-11-11 04:00:00,14.62,79.5,853.03,13.69
2026-09-17 13:00:00,25.5,71.26,937.67,15.93
2026-02-21 07:00:00,23.54,79.45,830.74,15.38
2026-11-07 19:00:00,16.99,75.88,820.14,14.66
2026-11-01 08:00:00,29.17,72.19,809.76,17.92
2026-04-04 21:00:00,15.6,74.48,805.96,12.39
2026-07-13 05:00:00,27.79,79.47,929.72,16.02
2026-10-18 07:00:00,17.04,80.62,822.51,14.51
2026-02-26 04:00:00,15.52,72.34,854.82,12.18
2026-07-20 10:00:00,21.67,88.76,808.46,15.01
2026-05-22 05:00:00,12.88,67.88,844.53,12.51
2026-06-08 05:00:00,28.93,88.13,946.61,17.98
2026-09-04 15:00:00,8.36,86.6,813.27,12.18
2026-06-03 17:00:00,29.48,82.3,851.9,16.82
2026-03-24 16:00:00,31.38,93.06,942.53,19.4
2026-02-01 12:00:00,13.16,85.37,833.49,12.41
2026-11-04 13:00:00,25.03,71.26,809.89,17.88
2026-01-05 16:00:00,27.29,83.96,899.11,16.91
2026-02-27 17:00:00,15.56,73.38,879.21,13.45
2026-01-28 00:00:00,9.67,74.18,810.22,11.23
2026-12-06 18:00:00,30.7,73.27,905.12,17.73
2026-06-16 01:00:00,13.81,88.25,860.07,13.18
2026-05-31 11:00:00,27.13,77.14,,16.65
2026-09-29 09:00:00,23.47,78.28,933.42,15.27
2026-02-20 09:00:00,29.46,79.03,939.28,18.52
2026-05-05 08:00:00,23.05,90.9,807.4,16.71
2026-10-05 16:00:00,12.63,86.08,877.92,13.34
2026-08-21 17:00:00,25.93,78.8,818.09,17.47
2026-11-14 06:00:00,12.9,82.98,919.55,13.52
2026-07-16 05:00:00,26.96,86.19,897.68,17.55
2026-05-04 07:00:00,25.27,93.17,863.77,15.44
2026-08-01 15:00:00,11.24,80.64,858.17,12.45
2026-08-14 01:00:00,28.05,69.86,808.76,18.37
2026-01-25 12:00:00,12.44,73.29,848.96,12.12
2026-07-09 15:00:00,30.68,77.34,809.79,18.25
2026-04-02 00:00:00,17.09,,801.46,15.22
2026-06-17 00:00:00,14.68,86.88,871.13,13.04
2026-01-03 22:00:00,25.36,88.23,839.13,17.6
2026-11-10 01:00:00,14.63,75.44,926.16,12.12
2026-11-23 13:00:00,16.64,87.0,828.37,14.36
2026-12-02 04:00:00,30.57,80.03,870.06,17.07
2026-08-03 04:00:00,11.77,77.94,917.52,11.44
2026-12-23 00:00:00,10.1,84.04,902.45,12.04
2026-09-15 11:00:00,24.67,74.02,829.47,15.74
2026-09-14 03:00:00,20.57,77.55,854.53,15.2
2026-12-06 02:00:00,27.24,74.37,914.68,16.99
2026-07-22 18:00:00,16.87,88.73,883.35,14.5
2026-07-04 23:00:00,24.89,71.91,870.89,16.16
2026-06-04 21:00:00,33.45,,853.32,19.12
2026-04-10 02:00:00,9.62,69.55,825.96,11.4
2026-08-11 12:00:00,24.12,65.71,845.27,15.03
2026-08-23 14:00:00,23.28,79.96,822.89,16.16
2026-07-06 09:00:00,27.03,,947.5,16.91
2026-10-13 09:00:00,9.44,87.67,941.78,11.13
2026-04-28 10:00:00,30.38,90.35,853.34,18.43
2026-03-09 10:00:00,11.17,74.43,900.28,11.93
2026-12-24 01:00:00,7.63,87.12,816.57,12.32
2026-09-28 23:00:00,22.52,74.0,834.1,16.13
2026-11-19 00:00:00,11.59,91.68,944.67,11.75
2026-03-09 13:00:00,9.78,76.84,858.21,12.18
2026-08-21 19:00:00,22.8,75.77,,15.03
2026-08-22 17:00:00,25.74,78.59,917.93,16.62
2026-05-05 06:00:00,26.75,88.98,900.94,15.86
2026-11-20 03:00:00,,91.16,826.27,13.05
2026-10-07 23:00:00,12.5,84.86,818.24,13.29
2026-03-29 03:00:00,26.96,87.34,806.04,16.46
2026-09-28 17:00:00,26.73,77.64,814.8,17.0
2026-07-26 09:00:00,,87.29,811.09,13.3
2026-01-02 14:00:00,20.7,,818.41,15.49
2026-07-03 16:00:00,22.84,69.0,842.02,15.61
2026-03-04 19:00:00,11.6,70.21,835.81,12.0
2026-03-31 00:00:00,23.91,80.38,913.76,17.42
2026-03-28 09:00:00,27.73,86.34,826.9,17.37
2026-12-03 03:00:00,31.07,79.61,933.55,18.16
2026-03-23 16:00:00,29.89,89.58,858.71,18.37
2026-04-25 19:00:00,27.24,87.93,841.96,16.89
2026-03-20 17:00:00,28.31,86.27,803.01,16.96
2026-01-31 00:00:00,11.47,80.53,852.63,12.13
2026-02-08 22:00:00,24.71,89.22,873.68,16.92
2026-08-03 07:00:00,12.17,76.25,878.13,11.76
2026-06-04 20:00:00,34.85,83.72,926.53,19.7
2026-01-10 21:00:00,30.2,83.58,854.73,18.63
2026-12-07 11:00:00,30.7,73.46,,16.9
2026-02-13 08:00:00,31.76,,823.95,19.2
2026-01-22 03:00:00,13.95,66.23,815.38,12.87
2026-01-25 21:00:00,9.44,73.93,891.41,12.02
2026-01-29 17:00:00,10.93,78.87,,12.32
2026-03-05 13:00:00,11.65,71.5,893.81,12.95
2026-03-19 17:00:00,24.76,88.08,892.3,16.58
2026-02-01 22:00:00,12.86,79.93,944.85,12.93
2026-12-16 08:00:00,15.82,70.9,904.71,13.1
2026-10-21 09:00:00,21.78,81.85,804.24,15.66
2026-08-18 11:00:00,25.93,76.28,,16.38
2026-05-04 21:00:00,29.15,89.03,881.1,17.43
2026-09-25 22:00:00,27.47,70.06,830.84,16.84
2026-06-21 15:00:00,8.88,82.79,,11.45
2026-07-18 07:00:00,25.15,86.56,900.45,17.09
2026-07-10 02:00:00,28.32,78.92,824.27,18.06
2026-03-08 10:00:00,7.4,74.91,813.65,11.54
2026-12-21 00:00:00,11.3,76.96,825.63,11.1
2026-07-11 04:00:00,29.28,73.85,835.92,17.68
2026-02-21 01:00:00,,78.67,871.52,15.8
2026-08-28 20:00:00,16.51,90.49,949.84,13.67
2026-04-06 03:00:00,12.33,76.49,863.67,12.35
2026-09-14 05:00:00,21.65,74.2,870.2,14.35
2026-03-09 04:00:00,12.89,75.11,851.34,12.73
2026-04-18 06:00:00,20.17,71.01,800.49,15.85
2026-03-21 14:00:00,31.66,,856.67,19.48
2026-04-19 11:00:00,16.45,75.63,815.79,13.6
2026-11-27 08:00:00,23.64,86.79,935.63,16.26
2026-09-24 18:00:00,28.77,63.91,877.48,17.11
2026-03-23 05:00:00,29.8,88.89,929.17,16.53
2026-04-21 21:00:00,21.02,80.23,923.08,14.74
2026-08-12 00:00:00,26.64,69.53,862.7,16.35
2026-11-26 12:00:00,22.94,87.22,826.24,16.38
2026-11-26 11:00:00,21.29,87.03,919.53,14.84
2026-10-22 06:00:00,,81.47,828.61,14.6
2026-06-23 08:00:00,10.02,76.2,931.54,10.11
2026-12-28 22:00:00,13.32,88.14,931.21,13.34
2026-09-15 10:00:00,25.67,,887.98,15.44
2026-07-07 01:00:00,27.07,69.26,931.81,16.43
2026-05-17 09:00:00,11.12,73.32,937.95,12.77
2026-12-30 13:00:00,17.02,88.41,939.87,13.78
2026-01-02 22:00:00,22.55,87.83,870.57,14.54
2026-08-20 17:00:00,28.09,76.81,907.79,15.75
2026-04-23 22:00:00,24.34,84.73,850.21,15.75
2026-04-23 18:00:00,25.54,81.25,886.18,16.68
2026-06-18 11:00:00,13.8,85.85,846.41,12.92
2026-12-02 06:00:00,28.26,83.24,906.6,17.88
2026-02-04 02:00:00,16.09,83.22,869.67,13.09
2026-12-18 01:00:00,13.17,72.77,896.65,12.96
2026-09-02 21:00:00,10.89,89.12,867.5,12.37
2026-04-24 05:00:00,27.3,82.81,,17.13
2026-05-18 01:00:00,9.57,71.81,847.9,11.0
2026-04-03 15:00:00,17.37,78.94,945.37,14.8
2026-01-15 21:00:00,25.05,74.76,922.49,16.04
2026-04-27 21:00:00,26.89,87.37,895.62,16.05
2026-06-06 10:00:00,28.71,85.93,855.76,17.57
2026-08-01 04:00:00,8.7,84.09,879.16,11.76
2026-02-27 21:00:00,13.74,70.24,945.83,12.8
2026-03-20 02:00:00,29.65,89.55,819.36,17.09
2026-11-29 05:00:00,25.25,81.87,843.35,16.78
2026-05-06 11:00:00,25.81,89.77,,17.62
2026-03-27 01:00:00,28.14,89.22,852.47,17.2
2026-12-12 02:00:00,23.97,69.46,910.62,15.0
2026-03-29 08:00:00,27.24,,926.06,17.14
2026-08-30 06:00:00,11.17,87.86,923.2,12.62
2026-09-18 19:00:00,27.43,70.5,913.78,16.76
2026-11-23 04:00:00,16.44,92.59,817.43,14.47
2026-11-15 16:00:00,8.57,86.81,918.58,10.69
2026-08-13 03:00:00,26.91,70.84,906.34,15.35
2026-12-11 01:00:00,24.78,71.03,886.29,15.94
2026-08-08 20:00:00,19.27,73.65,907.55,15.87
2026-04-30 12:00:00,30.69,94.47,890.09,18.24
2026-03-30 21:00:00,24.85,,946.44,16.46
2026-04-13 19:00:00,10.92,73.24,836.12,13.08
2026-08-05 16:00:00,15.63,73.14,800.8,12.67
2026-08-25 22:00:00,22.41,85.38,894.95,15.13
2026-12-10 14:00:00,25.16,71.17,811.53,16.31
2026-08-17 07:00:00,31.64,73.27,939.38,18.2
2026-04-27 23:00:00,28.35,86.97,946.43,17.44
2026-11-21 18:00:00,14.15,90.66,895.0,12.34
2026-06-28 00:00:00,10.99,,939.16,11.16
2026-03-22 23:00:00,29.29,92.54,825.35,17.29
2026-06-12 13:00:00,22.67,89.88,917.3,16.12
2026-12-30 08:00:00,16.77,91.38,939.42,12.64
2026-07-02 05:00:00,19.74,70.01,923.65,14.86
2026-08-10 14:00:00,24.05,69.13,845.71,14.94
2026-02-02 08:00:00,12.34,,911.58,12.79
2026-03-04 06:00:00,12.7,70.34,931.34,13.35
2026-11-04 06:00:00,25.59,68.98,873.55,15.29
2026-09-02 08:00:00,,86.14,815.83,13.62
2026-09-15 13:00:00,23.03,74.29,930.93,15.63
2026-10-08 01:00:00,12.77,87.77,900.08,12.53
2026-10-28 22:00:00,29.69,73.63,843.02,17.76
2026-03-30 15:00:00,26.02,82.25,810.74,16.92
2026-01-26 00:00:00,11.96,75.41,909.34,12.51
2026-10-25 15:00:00,25.75,76.01,922.23,15.61
2026-06-04 17:00:00,26.78,84.29,836.78,18.16
2026-05-18 06:00:00,8.21,72.18,855.17,11.46
2026-03-17 17:00:00,23.43,85.75,869.01,16.69
2026-03-03 06:00:00,12.79,71.93,821.75,11.97
2026-06-15 01:00:00,21.44,88.62,928.41,14.58
2026-10-25 19:00:00,24.45,74.04,936.19,15.93
2026-03-31 01:00:00,26.02,81.96,844.89,16.65
2026-08-20 05:00:00,30.59,77.04,927.97,17.69
2026-06-10 23:00:00,25.02,89.73,889.95,16.45
2026-09-27 05:00:00,25.1,76.14,843.72,16.04
2026-10-31 13:00:00,27.54,71.37,815.07,17.96
2026-05-24 08:00:00,15.81,70.9,855.98,13.78
2026-10-23 11:00:00,28.17,74.79,810.14,16.52
2026-02-06 16:00:00,24.08,84.84,905.44,15.75
2026-06-06 12:00:00,29.87,87.31,891.82,17.44
2026-10-21 06:00:00,18.76,79.65,884.69,14.97
2026-05-26 14:00:00,20.08,68.19,858.1,14.77
2026-10-03 20:00:00,12.87,83.84,901.79,11.83
2026-01-09 19:00:00,31.69,85.03,897.47,18.84
2026-04-07 11:00:00,12.81,73.16,925.23,12.19
2026-08-29 02:00:00,13.8,89.42,894.95,12.48
2026-10-09 04:00:00,9.65,89.92,,12.38
2026-06-23 14:00:00,9.56,80.78,936.2,12.13
2026-12-18 19:00:00,10.36,75.53,859.0,12.56
2026-06-07 12:00:00,28.94,85.74,838.48,17.38
2026-06-10 15:00:00,25.59,90.68,919.36,16.56
2026-01-20 00:00:00,18.55,72.61,870.1,15.26
2026-05-09 13:00:00,19.08,84.61,833.09,14.66
2026-07-18 21:00:00,23.16,90.67,859.06,15.89
2026-01-24 18:00:00,11.91,74.24,933.14,11.42
2026-11-23 01:00:00,17.7,84.59,898.67,14.51
2026-07-14 10:00:00,27.89,80.76,825.03,17.54
2026-05-18 20:00:00,,72.94,817.82,13.08
2026-09-25 11:00:00,28.47,74.35,856.64,17.55
2026-02-17 13:00:00,31.52,85.43,905.35,18.52
2026-06-05 09:00:00,26.52,86.78,855.22,16.66
2026-06-14 06:00:00,19.07,87.49,853.6,15.47
2026-06-26 03:00:00,11.75,71.55,909.3,11.84
2026-02-05 14:00:00,20.57,86.28,894.23,14.69
2026-11-04 00:00:00,23.33,73.84,861.65,16.05
2026-03-19 18:00:00,28.85,91.28,889.04,17.12
2026-09-20 00:00:00,31.19,72.38,,18.04
2026-03-29 06:00:00,27.9,84.17,803.66,18.1
2026-02-22 00:00:00,24.9,76.29,939.09,16.71
2026-08-30 09:00:00,13.65,91.28,878.15,11.87
2026-07-22 00:00:00,16.98,89.02,850.09,14.19
2026-08-20 00:00:00,28.23,76.03,901.4,16.5
2026-09-23 14:00:00,29.6,71.19,914.73,17.03
2026-02-17 22:00:00,27.74,84.6,920.73,16.54
2026-11-16 05:00:00,10.22,89.16,860.05,11.71
2026-11-12 04:00:00,13.01,80.69,929.64,12.77
2026-05-07 13:00:00,22.3,85.74,820.4,15.98
2026-06-07 11:00:00,29.06,85.95,827.3,17.82
2026-06-20 09:00:00,10.71,80.76,858.82,11.04
2026-10-21 19:00:00,23.69,83.81,854.48,16.56
2026-05-19 21:00:00,11.46,70.47,887.74,11.7
2026-11-05 07:00:00,25.3,70.63,924.54,14.8
2026-06-21 17:00:00,10.19,76.71,831.99,12.04
2026-04-09 00:00:00,11.84,71.4,872.35,12.4
2026-12-04 11:00:00,30.25,76.98,878.89,17.33
2026-07-20 01:00:00,,89.47,857.89,15.88
2026-12-29 20:00:00,18.54,86.55,834.85,15.47
2026-11-14 12:00:00,9.29,82.92,815.22,11.81
2026-07-14 18:00:00,29.8,80.71,806.74,17.41
2026-03-07 03:00:00,11.56,71.59,902.81,12.06
2026-03-03 16:00:00,11.79,73.46,810.07,12.45
2026-07-22 03:00:00,21.44,88.32,871.74,14.72
2026-09-18 12:00:00,31.57,72.97,829.84,18.9
2026-11-18 05:00:00,9.2,89.3,910.84,11.66
2026-11-30 22:00:00,27.5,83.7,873.91,17.31
2026-11-25 10:00:00,,88.59,874.83,14.62
2026-03-30 11:00:00,24.21,84.66,,15.09
2026-07-02 14:00:00,19.18,69.77,,14.58
2026-01-01 19:00:00,19.24,89.58,819.11,14.21
2026-01-31 23:00:00,11.89,78.79,865.05,12.45
2026-07-30 10:00:00,11.14,87.63,904.83,12.01
2026-11-21 19:00:00,15.88,90.71,946.45,13.46
2026-01-20 13:00:00,16.93,70.1,,13.39
2026-12-15 09:00:00,17.56,70.45,934.79,12.9
2026-07-16 22:00:00,,87.31,929.7,15.82
2026-08-25 05:00:00,23.74,86.63,859.21,16.61
2026-04-26 03:00:00,27.3,83.48,867.63,16.33
2026-07-10 07:00:00,27.9,79.03,826.24,17.85
2026-06-04 15:00:00,27.99,81.77,912.06,16.11
2026-01-29 06:00:00,11.52,78.36,897.34,12.31
2026-06-03 15:00:00,30.07,80.01,932.54,17.13
2026-03-06 11:00:00,10.5,72.31,912.03,11.92
2026-04-10 22:00:00,10.34,71.57,876.65,11.67
2026-08-18 04:00:00,30.89,72.79,875.58,18.42
2026-07-06 08:00:00,28.1,72.49,867.63,18.05
2026-08-14 00:00:00,26.83,72.58,937.47,15.26
2026-11-27 09:00:00,21.01,87.06,893.24,15.05
2026-09-07 06:00:00,14.21,87.02,876.64,12.93
2026-03-24 11:00:00,30.59,86.87,935.18,17.77
2026-05-11 02:00:00,16.8,81.95,898.02,14.22
2026-12-20 18:00:00,12.54,74.73,914.18,12.66
2026-02-10 07:00:00,28.78,,861.58,17.45
2026-07-02 23:00:00,22.05,70.53,871.26,15.27
2026-02-14 11:00:00,31.54,87.02,886.1,18.17
2026-05-30 20:00:00,,75.62,834.72,16.07
2026-07-04 11:00:00,22.08,72.83,818.98,15.66
2026-04-17 12:00:00,11.13,74.8,803.64,11.34
2026-06-27 14:00:00,13.67,72.38,857.2,13.3
2026-12-26 01:00:00,12.58,83.38,914.32,12.18
2026-12-19 05:00:00,10.95,77.37,814.25,12.56
2026-02-21 06:00:00,24.82,82.0,810.08,15.72
2026-03-07 00:00:00,10.16,72.52,844.14,11.42
2026-09-13 18:00:00,20.55,76.23,946.06,14.61
2026-06-24 19:00:00,9.56,74.3,860.83,12.27
2026-05-15 07:00:00,12.0,75.62,841.34,13.4
2026-09-20 12:00:00,29.02,73.31,826.48,17.44
2026-11-23 02:00:00,15.93,88.08,846.57,13.25
2026-11-30 03:00:00,30.51,80.16,875.78,18.28
2026-08-16 05:00:00,28.22,71.72,805.87,16.88
2026-09-05 21:00:00,8.1,87.57,845.38,9.96
2026-10-27 22:00:00,32.46,73.88,800.31,19.08
2026-05-06 21:00:00,22.45,86.71,838.62,16.97
2026-04-26 11:00:00,27.44,86.53,823.42,16.61
2026-10-01 05:00:00,22.55,78.72,855.32,15.92
2026-06-02 06:00:00,29.04,83.31,882.13,17.84
2026-06-20 19:00:00,11.07,79.58,828.06,12.03
2026-08-29 15:00:00,,86.13,909.27,11.55
2026-04-17 09:00:00,15.48,70.23,,11.89
2026-10-30 18:00:00,30.91,70.9,848.49,18.02
2026-02-07 16:00:00,22.29,87.83,910.86,15.51
2026-04-29 00:00:00,32.29,93.11,,19.09
2026-12-01 16:00:00,30.88,80.4,853.73,17.85
2026-12-14 16:00:00,15.38,73.45,803.06,13.62
2026-12-30 16:00:00,18.41,87.74,914.41,14.27
2026-04-21 10:00:00,20.23,77.02,803.42,16.06
2026-03-09 06:00:00,11.38,74.84,890.0,11.47
2026-08-19 17:00:00,28.48,74.53,915.29,16.14
2026-06-20 22:00:00,12.9,83.26,913.18,12.12
2026-08-27 23:00:00,16.63,83.4,827.5,14.77
2026-06-11 09:00:00,22.51,87.99,815.6,15.49
2026-08-01 07:00:00,10.35,81.44,908.85,12.04
2026-08-19 16:00:00,27.46,75.53,870.94,16.99
2026-10-09 18:00:00,10.62,84.91,881.93,11.31
2026-05-08 13:00:00,19.83,83.29,866.95,15.42
2026-12-18 06:00:00,11.81,75.67,946.65,11.47
2026-09-06 19:00:00,10.87,86.12,947.83,12.45
2026-04-03 17:00:00,19.48,78.13,903.88,14.7
2026-03-25 16:00:00,30.63,90.81,891.13,16.9
2026-05-27 04:00:00,21.07,70.31,803.29,16.18
2026-02-05 05:00:00,18.54,89.81,896.58,14.75
2026-10-05 03:00:00,13.95,86.57,915.72,12.94
2026-06-13 18:00:00,21.83,88.9,895.08,14.71
2026-11-15 02:00:00,13.01,86.42,836.92,13.6
2026-05-14 16:00:00,12.82,77.9,813.86,12.64
2026-08-19 05:00:00,28.43,71.54,905.1,17.46
2026-08-07 19:00:00,18.88,75.92,943.1,14.21
2026-05-16 22:00:00,8.77,75.13,902.04,10.42
2026-10-05 12:00:00,15.19,86.97,907.9,13.61
2026-02-22 07:00:00,22.28,77.62,896.15,15.24
2026-05-18 03:00:00,6.28,74.86,875.37,10.86
2026-03-05 01:00:00,7.3,72.46,867.86,10.88
2026-04-05 13:00:00,14.49,75.59,901.96,12.39
2026-03-12 09:00:00,15.26,78.64,831.53,14.06
2026-07-11 02:00:00,,77.62,914.8,18.12
2026-09-24 01:00:00,31.59,68.76,893.33,17.61
2026-08-02 06:00:00,9.29,80.05,925.51,12.63
2026-10-20 21:00:00,,,873.9,15.84
2026-07-05 04:00:00,21.56,72.35,863.2,14.84
2026-12-16 03:00:00,16.31,75.63,844.04,13.7
2026-08-15 05:00:00,,69.35,825.7,16.14
2026-05-07 10:00:00,22.34,90.04,868.69,16.47
2026-09-09 03:00:00,10.94,82.68,924.63,11.89
2026-01-26 09:00:00,12.83,73.7,930.19,12.18
2026-11-28 02:00:00,26.04,87.21,911.33,17.25
2026-11-23 19:00:00,16.57,88.9,858.96,14.01
2026-10-30 09:00:00,30.73,68.73,852.4,18.17
2026-03-03 02:00:00,13.63,,876.3,12.95
2026-02-11 07:00:00,24.29,90.22,817.71,16.24
2026-03-13 13:00:00,17.82,83.2,861.35,14.58
2026-12-28 07:00:00,16.45,91.74,917.29,13.8
2026-01-06 03:00:00,25.62,86.24,801.39,16.02
2026-08-15 23:00:00,32.46,71.54,893.02,18.81
2026-05-12 00:00:00,15.32,80.74,884.97,12.69
2026-01-08 15:00:00,30.39,84.49,940.7,18.86
2026-05-10 06:00:00,19.9,85.08,920.0,14.69
2026-02-14 19:00:00,,90.03,886.93,17.91
2026-07-02 15:00:00,20.55,70.03,911.22,13.25
2026-09-18 23:00:00,28.57,68.53,904.3,16.4
2026-06-01 23:00:00,28.89,78.17,936.43,16.73
2026-12-17 01:00:00,16.32,77.19,890.99,14.26
2026-07-18 04:00:00,22.02,88.48,928.06,15.51
2026-11-24 07:00:00,16.72,85.66,827.42,13.61
2026-04-25 20:00:00,28.25,84.3,880.63,17.53
2026-01-02 00:00:00,20.9,87.47,830.57,16.49
2026-08-21 21:00:00,29.12,78.15,892.17,17.91
2026-06-11 15:00:00,24.04,89.24,825.02,16.42
2026-03-02 18:00:00,13.34,72.38,856.89,12.01
2026-07-19 12:00:00,18.96,92.97,855.39,14.31
2026-12-08 03:00:00,29.15,70.79,824.42,16.8
2026-04-16 23:00:00,13.83,68.06,840.94,12.62
2026-03-30 08:00:00,28.42,82.65,840.72,17.49
2026-04-25 23:00:00,29.02,84.52,,17.37
2026-03-27 00:00:00,27.75,87.1,857.39,17.33
2026-09-10 23:00:00,13.55,79.42,859.8,13.02
2026-05-18 21:00:00,10.15,74.87,900.49,11.77
2026-12-30 20:00:00,18.51,90.61,893.18,13.81
2026-09-03 01:00:00,12.34,90.09,819.86,12.38
2026-01-24 11:00:00,11.7,67.96,828.59,11.99
2026-07-07 06:00:00,28.61,72.17,884.64,16.59
2026-06-16 19:00:00,16.44,87.73,942.95,12.96
2026-12-19 08:00:00,13.27,76.65,833.66,12.91
2026-05-20 10:00:00,10.53,70.47,925.06,11.98
2026-05-23 03:00:00,13.23,70.75,863.58,11.98
2026-08-26 07:00:00,20.67,81.57,942.86,14.71
2026-10-14 07:00:00,12.71,88.24,947.0,12.13
2026-07-29 11:00:00,9.36,84.01,896.09,11.37
2026-07-01 22:00:00,18.24,72.14,874.88,13.75
2026-02-16 00:00:00,31.64,86.87,887.74,16.92
2026-05-05 12:00:00,23.59,,839.36,16.65
2026-03-02 10:00:00,12.18,69.4,849.01,11.85
2026-09-23 13:00:00,31.78,,879.61,17.87
2026-05-04 06:00:00,28.68,88.0,818.34,17.98
2026-12-20 16:00:00,11.55,,916.41,11.82
2026-09-03 11:00:00,11.19,87.14,822.18,12.15
2026-12-09 17:00:00,25.64,70.77,849.96,15.54
2026-12-30 04:00:00,17.93,85.66,829.34,14.57
2026-12-14 05:00:00,20.21,69.48,899.74,14.49
2026-07-28 09:00:00,9.64,87.12,809.3,10.98
2026-10-11 15:00:00,11.13,,881.41,12.33
2026-11-06 21:00:00,20.5,72.63,820.83,15.01
2026-10-24 00:00:00,27.35,76.51,819.53,16.19
2026-04-12 23:00:00,10.02,68.86,,12.04
2026-06-27 20:00:00,11.15,71.31,936.83,10.91
2026-04-25 16:00:00,27.08,83.35,866.78,17.63
2026-02-01 02:00:00,12.25,80.79,909.91,12.28
2026-10-25 01:00:00,29.63,78.79,946.84,17.35
2026-08-02 00:00:00,11.37,82.75,903.34,12.83
2026-11-09 10:00:00,12.14,79.22,856.11,12.27
2026-07-23 21:00:00,14.66,89.39,878.55,13.01
2026-05-03 08:00:00,27.11,88.69,857.13,17.55
2026-02-03 03:00:00,16.1,88.1,821.32,14.48
2026-07-13 00:00:00,30.29,81.5,850.68,18.17
2026-05-24 04:00:00,16.2,68.87,852.56,12.73
2026-11-15 06:00:00,12.33,87.6,900.16,12.2
2026-11-11 13:00:00,15.74,77.69,836.32,12.96
2026-04-07 01:00:00,17.31,72.57,806.28,14.35
2026-07-14 15:00:00,26.23,85.14,823.33,16.78
2026-11-17 05:00:00,11.47,84.51,894.36,11.11
2026-12-10 22:00:00,24.8,70.54,891.75,16.9
2026-10-13 19:00:00,12.61,88.84,927.8,11.83
2026-03-23 10:00:00,29.03,89.5,843.04,17.52
2026-06-25 00:00:00,10.76,78.18,912.46,12.31
2026-10-15 21:00:00,12.19,91.18,820.19,12.59
2026-07-31 00:00:00,11.31,86.99,872.79,12.69
2026-05-25 23:00:00,20.32,70.3,826.41,15.4
2026-03-27 22:00:00,28.52,84.2,835.52,16.52
2026-07-04 03:00:00,19.47,70.79,807.72,15.32
2026-05-03 01:00:00,,92.6,832.91,18.06
2026-10-28 20:00:00,31.65,67.27,829.7,19.56
2026-09-07 18:00:00,12.96,87.45,,13.23
2026-04-08 17:00:00,12.67,67.82,864.13,12.38
2026-01-21 06:00:00,15.65,70.77,910.85,12.99
2026-10-02 04:00:00,18.8,83.0,843.67,15.57
2026-07-16 21:00:00,21.4,87.73,,14.9
2026-03-17 04:00:00,20.95,90.66,912.31,15.13
2026-04-26 02:00:00,29.55,82.81,832.2,17.79
2026-07-26 17:00:00,9.88,86.85,859.05,12.24
2026-09-17 02:00:00,25.43,70.12,899.2,17.0
2026-06-19 18:00:00,11.2,84.9,939.67,12.53
2026-05-02 18:00:00,28.28,93.9,,18.21
2026-07-27 10:00:00,11.45,87.32,812.06,12.64
2026-12-15 22:00:00,,72.11,814.38,13.38
2026-10-20 23:00:00,20.9,79.21,882.91,15.56
2026-11-10 21:00:00,13.45,81.45,815.7,12.82
2026-09-06 10:00:00,10.68,87.92,946.23,12.38
2026-12-04 12:00:00,26.4,77.41,870.59,16.14
2026-04-16 20:00:00,13.05,72.73,932.69,13.01
2026-01-31 03:00:00,12.22,80.1,929.61,12.69
2026-06-17 20:00:00,16.59,84.48,803.48,14.54
2026-08-27 00:00:00,19.95,83.86,884.93,15.26
2026-01-08 07:00:00,30.75,84.17,,17.09
2026-03-24 09:00:00,31.41,87.81,944.28,18.59
2026-06-23 22:00:00,9.78,79.85,817.88,11.94
2026-07-31 01:00:00,9.9,85.44,919.45,12.0
2026-01-09 06:00:00,29.97,84.79,929.93,17.46
2026-10-08 23:00:00,8.28,91.61,880.05,10.59
2026-11-21 12:00:00,13.61,92.95,904.02,13.68
2026-06-26 20:00:00,11.78,73.29,936.69,11.02
2026-06-12 03:00:00,24.42,,839.77,17.58
2026-05-08 00:00:00,21.9,88.91,865.99,15.94
2026-06-20 07:00:00,11.48,80.78,875.5,12.5
2026-11-01 11:00:00,30.52,68.91,858.11,19.0
2026-10-07 20:00:00,12.88,88.15,888.17,12.12
2026-12-17 13:00:00,14.26,71.65,896.29,12.44
2026-02-12 16:00:00,31.33,86.37,837.98,18.99
2026-04-06 18:00:00,13.97,72.42,859.66,13.64
2026-03-30 03:00:00,24.34,80.74,942.03,16.18
2026-11-18 04:00:00,9.4,,928.5,10.44
2026-12-20 01:00:00,10.24,75.71,816.4,12.61
2026-03-03 00:00:00,10.32,72.55,861.14,12.86
2026-11-16 00:00:00,12.3,82.88,858.87,12.17
2026-12-27 18:00:00,13.47,84.15,945.38,12.21
2026-02-04 09:00:00,18.61,82.61,869.0,14.12
2026-09-14 09:00:00,20.24,75.31,887.95,15.56
2026-07-28 08:00:00,9.7,90.29,845.92,11.61
2026-04-02 05:00:00,20.94,84.51,879.44,14.43
2026-05-29 12:00:00,25.64,76.65,906.04,17.19
2026-09-09 23:00:00,16.61,81.03,946.09,13.65
2026-02-09 01:00:00,25.31,90.96,838.67,17.15
2026-05-22 15:00:00,12.57,70.35,873.08,12.05
2026-04-04 14:00:00,14.73,75.51,920.95,13.65
2026-09-21 02:00:00,31.32,70.64,896.65,18.05
2026-03-25 06:00:00,29.57,90.27,872.05,17.74
2026-02-03 23:00:00,13.54,83.53,877.01,12.61
2026-05-27 16:00:00,21.93,76.69,851.21,15.27
2026-11-24 22:00:00,21.35,89.14,907.89,13.86
2026-08-15 03:00:00,29.4,70.77,945.88,16.97
2026-02-18 15:00:00,,82.67,,17.64
2026-09-23 17:00:00,29.91,72.09,882.54,16.98
2026-08-28 01:00:00,19.04,92.53,900.43,15.26
2026-08-31 13:00:00,12.47,83.27,,13.22
2026-10-02 17:00:00,17.37,81.09,941.71,14.85
2026-01-29 22:00:00,11.24,79.26,828.65,11.71
2026-11-23 09:00:00,16.08,,859.59,12.05
2026-12-08 22:00:00,28.27,70.21,,17.26
2026-12-05 01:00:00,28.07,77.55,923.57,16.02
2026-04-24 01:00:00,23.65,82.02,859.04,15.47
2026-11-25 17:00:00,20.02,88.26,823.21,13.86
2026-04-22 20:00:00,24.43,77.72,890.96,16.47
2026-02-28 03:00:00,14.78,72.97,898.01,12.67
2026-02-19 00:00:00,25.81,83.21,808.43,16.07
2026-10-19 05:00:00,18.61,83.07,803.61,14.29
2026-10-23 15:00:00,23.32,78.15,,15.79
2026-03-14 07:00:00,16.37,81.52,811.6,13.96
2026-11-30 20:00:00,27.81,77.17,846.3,17.54
2026-06-13 21:00:00,21.75,89.73,923.34,14.52
2026-04-18 21:00:00,17.16,,911.37,13.64
2026-03-04 18:00:00,11.23,69.59,902.93,10.89
2026-05-24 01:00:00,15.0,71.75,822.43,12.97
2026-05-03 11:00:00,27.3,87.01,895.0,17.1
2026-06-26 05:00:00,11.2,75.27,875.34,11.1
2026-10-28 04:00:00,27.26,70.93,837.08,16.97
2026-02-24 18:00:00,20.0,75.95,934.49,14.99
2026-11-29 02:00:00,28.23,83.03,941.49,17.75
2026-07-15 17:00:00,29.51,84.66,831.28,17.9
2026-11-27 06:00:00,21.67,85.14,936.48,14.6
2026-02-25 07:00:00,18.84,70.69,844.08,13.56
2026-08-08 17:00:00,,67.86,883.81,16.23
2026-03-22 21:00:00,29.19,91.22,885.99,17.44
2026-04-19 15:00:00,15.21,79.11,829.58,13.29
2026-01-16 04:00:00,26.09,74.18,847.1,16.88
2026-04-22 22:00:00,24.77,,813.2,16.37
2026-03-04 20:00:00,10.29,70.18,925.39,11.43
2026-10-19 04:00:00,,86.22,,15.32
2026-09-19 22:00:00,27.4,69.33,804.93,16.55
2026-08-28 23:00:00,16.74,90.56,801.53,14.49
2026-05-16 01:00:00,14.79,71.41,827.81,13.66
2026-09-22 21:00:00,27.67,69.23,864.99,16.71
2026-10-03 21:00:00,16.66,84.61,882.34,13.85
2026-02-05 02:00:00,15.91,87.0,880.52,13.94
2026-03-06 23:00:00,9.77,76.1,806.97,13.34
2026-10-07 01:00:00,13.76,87.01,914.6,13.63
2026-09-20 05:00:00,29.82,69.78,861.97,18.13
2026-10-03 15:00:00,16.77,83.63,829.55,12.86
2026-12-31 05:00:00,20.99,90.57,893.98,15.02
2026-01-26 21:00:00,11.04,71.4,836.06,10.97
2026-06-16 07:00:00,15.82,92.44,841.77,13.89
2026-10-24 07:00:00,27.02,77.34,874.31,17.22
2026-12-06 19:00:00,28.71,71.81,809.04,17.08
2026-01-03 23:00:00,27.18,87.76,803.44,17.68
2026-02-26 10:00:00,16.29,71.68,868.05,14.42
2026-12-26 15:00:00,11.62,89.04,917.46,11.8
2026-01-30 17:00:00,11.4,77.89,808.78,11.82
2026-02-01 18:00:00,16.55,83.96,918.16,14.02
2026-07-15 08:00:00,25.84,84.37,819.65,17.09
2026-06-01 16:00:00,27.55,80.9,948.68,17.59
2026-06-17 14:00:00,11.77,,886.17,12.51
2026-07-10 00:00:00,28.02,74.57,916.86,16.11
2026-12-18 12:00:00,12.89,77.4,947.64,11.4
2026-08-31 11:00:00,,87.6,818.3,12.42
2026-02-03 02:00:00,12.84,83.16,932.14,12.14
2026-10-03 17:00:00,20.19,85.33,912.41,14.7
2026-05-13 14:00:00,10.93,80.35,,11.62
2026-05-06 16:00:00,21.21,85.27,805.6,14.36
2026-12-25 23:00:00,9.94,86.61,,12.28
2026-05-05 11:00:00,25.49,83.0,843.95,16.4
2026-12-10 10:00:00,25.11,72.91,881.43,15.79
2026-03-11 22:00:00,16.45,81.62,871.28,13.85
2026-01-26 10:00:00,11.54,70.0,949.53,11.75
2026-12-05 16:00:00,29.55,73.41,801.16,17.25
2026-07-15 15:00:00,27.4,84.8,,17.66
2026-01-22 08:00:00,14.58,68.13,895.66,13.14
2026-08-19 00:00:00,28.35,72.12,903.6,16.35
2026-02-06 06:00:00,19.31,91.87,930.31,14.48
2026-02-06 03:00:00,19.86,92.54,858.98,13.91
2026-11-04 19:00:00,24.52,74.43,905.38,16.16
2026-06-02 14:00:00,29.63,78.36,836.87,17.68
2026-11-02 17:00:00,24.4,75.25,876.55,15.81
2026-12-09 02:00:00,28.08,68.87,870.88,17.13
2026-03-02 08:00:00,13.65,70.05,838.61,12.68
2026-03-11 04:00:00,15.86,79.36,805.89,13.93
2026-04-26 15:00:00,28.28,88.74,,18.01
2026-03-23 09:00:00,28.94,86.14,902.62,16.84
2026-05-22 14:00:00,16.54,68.7,902.95,13.5
2026-01-01 13:00:00,18.06,91.28,908.33,15.12
2026-11-24 14:00:00,16.37,91.48,936.13,13.5
2026-08-22 18:00:00,26.62,79.45,840.97,15.79
2026-05-08 18:00:00,22.61,89.22,863.34,16.63
2026-01-29 20:00:00,8.69,,922.18,11.33
2026-04-25 04:00:00,27.83,85.1,808.12,18.03
2026-08-19 11:00:00,28.06,74.73,847.19,16.92
2026-10-06 02:00:00,14.58,83.87,814.62,13.42
2026-01-22 19:00:00,15.13,71.68,801.36,13.13
2026-09-30 16:00:00,21.93,,847.44,15.92
2026-11-30 19:00:00,28.59,77.65,837.22,16.83
2026-05-03 14:00:00,28.71,86.57,897.06,17.81
2026-05-28 03:00:00,24.74,70.46,862.56,16.51
2026-04-29 03:00:00,29.52,90.28,801.45,18.68
2026-06-10 14:00:00,25.33,,892.79,15.29
2026-07-23 18:00:00,13.79,90.64,,12.69
2026-12-24 06:00:00,10.08,81.19,840.42,12.01
2026-12-12 23:00:00,21.5,,801.81,15.4
2026-02-05 17:00:00,19.36,84.97,837.9,14.21
2026-04-01 19:00:00,20.78,82.01,860.62,14.58
2026-02-15 14:00:00,31.1,85.97,803.13,19.41
2026-03-14 10:00:00,20.44,84.73,802.55,15.9
2026-11-04 04:00:00,24.42,68.98,808.88,15.68
2026-12-23 09:00:00,10.05,82.9,942.14,10.58
2026-04-14 06:00:00,9.2,70.74,857.23,10.82
2026-11-15 08:00:00,7.05,85.52,897.27,11.55
2026-08-25 21:00:00,18.36,83.54,831.13,16.11
2026-08-10 21:00:00,24.77,69.13,860.83,17.11
2026-11-21 15:00:00,12.67,88.09,806.46,13.16
2026-04-06 07:00:00,13.2,72.95,931.06,11.72
2026-01-03 09:00:00,23.51,89.49,826.13,16.28
2026-05-18 08:00:00,12.55,69.69,890.53,12.36
2026-10-26 16:00:00,30.77,73.08,863.41,17.77
2026-12-28 19:00:00,16.06,84.92,897.41,14.29
2026-04-18 18:00:00,,73.95,815.55,13.97
2026-01-24 22:00:00,12.96,,862.0,13.28
2026-06-05 12:00:00,26.95,82.89,,17.15
2026-04-19 18:00:00,19.71,74.32,915.66,14.18
2026-09-07 00:00:00,13.51,87.21,825.17,11.87
2026-12-24 21:00:00,10.3,84.43,809.94,13.27
2026-10-24 10:00:00,28.53,78.25,880.73,17.65
2026-06-09 05:00:00,28.01,88.16,901.54,16.52
2026-06-21 07:00:00,9.46,81.85,842.07,11.82
2026-04-07 13:00:00,11.16,70.56,892.59,12.02
2026-08-23 03:00:00,24.85,83.18,850.99,16.62
2026-09-30 18:00:00,19.29,78.65,857.37,14.8
2026-03-28 06:00:00,29.02,89.86,900.53,18.36
2026-04-03 05:00:00,17.66,79.49,929.58,13.46
2026-12-17 04:00:00,16.42,72.31,863.85,14.42
2026-08-07 04:00:00,16.52,73.54,,13.8
2026-01-07 03:00:00,26.72,82.75,940.95,16.63
2026-04-16 18:00:00,12.13,71.61,855.87,12.46
2026-08-30 20:00:00,14.64,87.44,813.12,13.65
2026-11-28 11:00:00,28.08,84.33,806.96,17.38
2026-02-15 06:00:00,31.53,,909.07,18.59
2026-06-04 03:00:00,29.52,83.04,844.86,17.47
2026-02-19 03:00:00,26.58,78.58,946.52,17.36
2026-11-23 21:00:00,19.5,,825.98,15.65
2026-08-05 04:00:00,13.97,80.61,845.41,14.26
2026-08-22 09:00:00,26.0,80.76,865.82,16.3
2026-08-27 05:00:00,17.92,84.93,886.31,13.94
2026-04-07 14:00:00,11.21,,935.0,10.46
2026-11-18 06:00:00,11.04,92.4,,12.72
2026-01-05 10:00:00,29.72,88.3,868.71,18.28
2026-07-22 12:00:00,16.28,92.87,831.48,14.75
2026-10-31 05:00:00,29.24,70.21,889.71,17.36
2026-02-15 12:00:00,31.09,88.57,835.53,18.19
2026-11-03 10:00:00,28.05,73.69,842.1,17.71
2026-11-28 01:00:00,22.88,85.67,836.88,15.42
2026-12-21 20:00:00,8.76,81.33,826.73,11.71
2026-05-23 15:00:00,15.16,67.27,880.46,12.96
2026-11-15 01:00:00,11.3,85.54,852.52,11.04
2026-11-23 06:00:00,15.99,86.79,913.12,13.06
2026-03-22 11:00:00,,91.69,891.71,17.14
2026-03-18 22:00:00,28.15,88.89,845.5,17.77
2026-01-05 06:00:00,26.17,87.06,809.21,16.74
2026-05-20 01:00:00,10.47,,846.53,12.45
2026-04-15 17:00:00,12.29,72.87,916.16,12.19
2026-01-21 23:00:00,16.35,68.52,867.04,13.11
2026-06-03 19:00:00,31.0,85.46,,18.66
2026-04-11 22:00:00,,71.55,900.15,13.34
2026-12-22 02:00:00,9.34,81.59,824.45,11.82
2026-05-07 11:00:00,22.85,86.25,908.64,15.42
2026-06-16 08:00:00,13.5,85.66,840.79,12.21
2026-01-07 05:00:00,29.21,87.09,813.74,18.07
2026-01-06 19:00:00,26.55,87.48,886.75,17.43
2026-01-13 04:00:00,27.78,,805.75,17.33
2026-08-04 18:00:00,14.54,78.13,923.88,13.91
2026-07-08 03:00:00,26.89,70.69,846.33,16.46
2026-01-21 02:00:00,14.48,69.98,912.66,12.59
2026-05-03 13:00:00,27.1,91.16,816.15,18.53
2026-08-04 04:00:00,15.1,80.85,896.71,13.55
2026-08-30 10:00:00,12.96,88.56,888.34,12.31
2026-11-07 21:00:00,18.82,,897.0,13.84
2026-10-27 07:00:00,28.13,75.81,932.68,17.23
2026-05-04 20:00:00,24.17,91.31,856.51,17.04
2026-03-03 17:00:00,10.12,68.8,821.2,11.87
2026-03-09 05:00:00,11.49,73.37,818.75,12.97
2026-05-01 14:00:00,30.19,85.61,943.5,17.54
2026-08-11 17:00:00,28.51,74.57,842.45,18.21
2026-08-18 01:00:00,28.89,76.49,877.19,18.33
2026-11-06 22:00:00,18.24,72.65,925.83,13.72
2026-07-23 07:00:00,17.18,90.18,886.95,13.46
2026-08-20 22:00:00,29.55,78.34,920.16,17.14
2026-04-10 03:00:00,10.62,70.24,892.46,11.92
2026-12-16 17:00:00,14.55,76.76,826.45,13.51
2026-06-13 07:00:00,21.52,90.26,909.81,16.79
2026-06-22 03:00:00,10.23,79.47,933.2,12.43
2026-06-29 02:00:00,13.0,,915.47,10.3
2026-10-14 20:00:00,12.54,,813.16,12.65
2026-11-15 22:00:00,11.65,87.43,865.58,11.78
2026-08-01 11:00:00,11.09,80.77,860.67,11.32
2026-01-28 22:00:00,11.91,77.95,855.11,13.16
2026-10-05 02:00:00,,84.96,912.65,13.4
2026-12-17 02:00:00,15.45,73.7,947.78,14.57
2026-05-03 18:00:00,27.7,88.34,941.86,16.74
2026-03-05 10:00:00,9.69,72.88,848.92,11.62
2026-01-17 20:00:00,21.74,73.27,901.21,15.2
2026-05-11 00:00:00,15.47,82.91,854.8,12.68
2026-05-27 19:00:00,23.83,74.25,846.47,16.61
2026-02-22 10:00:00,22.84,75.92,834.81,15.83
2026-11-04 21:00:00,25.17,69.41,923.26,15.4
2026-04-14 17:00:00,8.73,70.13,862.04,12.37
2026-07-30 23:00:00,8.17,84.47,806.3,11.63
2026-03-01 02:00:00,15.5,73.38,881.73,13.33
2026-01-19 18:00:00,19.04,67.38,,14.31
2026-12-12 00:00:00,22.43,69.46,801.06,14.43
2026-02-17 15:00:00,29.6,84.49,943.78,16.97
2026-08-28 14:00:00,15.98,86.8,935.68,13.26
2026-04-20 02:00:00,19.99,77.49,821.65,14.93
2026-07-23 09:00:00,17.66,89.15,919.82,13.17
2026-07-13 19:00:00,30.24,82.65,820.08,17.55
2026-03-25 21:00:00,28.13,91.79,883.66,17.59
2026-07-01 17:00:00,17.44,67.97,942.81,13.59
2026-10-24 20:00:00,29.45,74.76,861.62,17.96
2026-08-16 15:00:00,28.84,73.53,881.98,16.75
2026-06-29 05:00:00,12.61,75.6,826.91,12.56
2026-04-26 04:00:00,28.67,83.72,904.01,16.98
2026-09-11 00:00:00,16.15,81.69,839.54,14.52
2026-06-21 11:00:00,9.97,78.73,816.14,11.89
2026-08-05 11:00:00,15.16,75.26,854.92,13.09
2026-11-21 13:00:00,15.44,,,13.13
2026-08-31 19:00:00,11.87,89.02,880.23,13.0
2026-12-23 03:00:00,11.78,84.57,899.95,12.87
2026-01-10 12:00:00,,84.04,837.13,16.68
2026-07-15 01:00:00,27.43,,921.65,16.44
2026-06-06 02:00:00,26.59,85.82,894.17,16.5
2026-01-20 20:00:00,18.17,71.1,915.68,13.8
2026-03-31 12:00:00,22.8,,909.63,16.08
2026-11-29 15:00:00,29.4,83.85,866.11,18.42
2026-10-02 09:00:00,19.03,82.49,854.76,14.27
2026-07-06 18:00:00,25.44,69.78,894.71,15.95
2026-09-20 13:00:00,27.22,70.21,920.47,15.71
2026-06-08 22:00:00,26.03,90.25,921.48,17.26
2026-09-22 15:00:00,28.44,70.51,815.1,18.01
2026-06-16 17:00:00,15.82,90.38,859.95,13.01
2026-07-05 02:00:00,,69.58,,16.51
2026-04-30 20:00:00,28.37,89.51,880.17,18.34
2026-11-24 15:00:00,17.6,88.1,935.59,13.91
2026-12-23 15:00:00,11.84,78.78,815.96,12.87
2026-12-03 21:00:00,30.28,77.12,831.83,16.83
2026-09-23 02:00:00,,71.45,,16.49
2026-05-30 08:00:00,25.56,74.05,937.18,15.11
2026-12-29 13:00:00,15.08,88.15,909.24,13.72
2026-01-27 17:00:00,12.57,73.78,890.37,11.91
2026-07-31 17:00:00,10.71,82.03,912.56,12.67
2026-02-26 16:00:00,16.73,77.01,942.61,13.22
2026-05-24 21:00:00,15.61,72.91,825.17,13.95
2026-11-06 07:00:00,23.13,71.52,844.42,15.98
2026-03-28 07:00:00,29.38,87.51,,17.03
2026-08-20 02:00:00,31.76,74.51,920.24,18.02
2026-11-08 01:00:00,17.29,77.39,874.03,13.35
2026-09-04 04:00:00,12.51,88.16,935.45,13.05
2026-03-14 20:00:00,,83.84,931.12,15.44
2026-07-22 23:00:00,18.29,86.43,895.2,14.52
2026-10-11 23:00:00,10.45,91.15,,11.05
2026-12-06 17:00:00,27.06,72.36,919.33,16.08
2026-01-10 05:00:00,27.2,84.17,906.58,17.22
2026-08-28 03:00:00,16.93,89.33,938.61,13.65
2026-07-29 09:00:00,8.18,87.38,813.11,11.33
2026-01-30 12:00:00,7.54,77.22,935.56,10.61
2026-08-24 01:00:00,22.83,80.27,910.47,16.43
2026-06-17 11:00:00,14.59,86.69,905.58,12.05
2026-08-24 22:00:00,22.24,83.61,936.7,15.45
2026-05-18 13:00:00,,69.57,816.26,11.78
2026-12-27 04:00:00,13.03,86.76,848.04,13.35
2026-10-25 23:00:00,29.69,73.63,,16.74
2026-09-08 23:00:00,12.58,84.77,857.43,13.61
2026-11-08 11:00:00,20.47,72.8,832.06,14.91
2026-10-02 16:00:00,20.58,80.43,859.36,14.84
2026-01-01 01:00:00,19.86,87.41,885.81,13.76
2026-01-27 11:00:00,7.64,75.65,,12.09
2026-12-23 23:00:00,10.98,82.68,814.86,12.08
2026-06-08 01:00:00,28.39,89.2,834.61,17.16
2026-08-17 03:00:00,32.46,74.41,879.2,17.72
2026-06-11 06:00:00,22.82,93.75,842.2,15.95
2026-02-06 08:00:00,17.65,87.34,833.27,13.66
2026-05-08 14:00:00,20.12,,917.08,14.3
2026-09-28 08:00:00,26.11,74.64,935.65,15.14
2026-05-29 23:00:00,25.33,72.74,844.74,16.77
2026-09-08 10:00:00,12.27,83.72,813.73,12.84
2026-07-08 08:00:00,27.73,72.98,822.09,17.34
2026-06-19 17:00:00,11.69,86.71,936.18,11.48
2026-10-29 18:00:00,28.65,68.85,876.91,17.83
2026-05-04 08:00:00,,89.24,941.54,17.07
2026-12-03 22:00:00,26.96,75.84,906.99,17.25
2026-10-25 03:00:00,27.48,75.3,877.26,17.62
2026-12-08 15:00:00,27.8,,819.81,17.32
2026-02-22 16:00:00,23.75,78.51,800.69,15.01
2026-12-09 08:00:00,29.07,72.9,824.39,17.09
2026-02-26 11:00:00,13.2,72.45,894.87,12.8
2026-05-27 22:00:00,21.3,73.33,920.81,14.55
2026-03-22 03:00:00,29.78,91.44,879.7,18.1
2026-02-23 00:00:00,21.32,77.5,886.0,15.54
2026-12-23 06:00:00,8.03,81.3,873.88,11.52
2026-02-24 17:00:00,20.9,75.09,939.62,14.36
2026-09-01 08:00:00,11.85,92.66,884.75,11.95
2026-05-13 20:00:00,13.65,76.74,863.27,12.8
2026-07-24 11:00:00,12.28,92.75,886.76,10.78
2026-02-26 08:00:00,18.11,70.98,905.41,14.39
2026-04-03 02:00:00,16.68,79.45,928.92,13.68
2026-05-12 11:00:00,11.57,81.03,893.12,11.75
2026-02-24 08:00:00,21.51,71.92,896.5,15.7
2026-10-18 14:00:00,19.66,88.19,806.85,15.08
2026-02-17 23:00:00,25.97,,933.86,15.47
2026-05-17 03:00:00,9.51,78.67,903.54,12.68
2026-02-05 04:00:00,,,906.6,14.38
2026-05-29 07:00:00,21.92,73.99,821.2,15.96
2026-08-25 03:00:00,22.95,82.81,890.17,15.55
2026-06-30 13:00:00,17.03,68.17,821.41,14.11
2026-05-02 03:00:00,27.38,88.89,869.8,17.19
2026-04-23 06:00:00,25.08,,856.42,16.4
2026-10-10 21:00:00,11.03,89.44,829.7,12.39
2026-04-10 13:00:00,11.65,72.22,942.36,11.29
2026-07-31 10:00:00,10.66,79.85,838.35,12.01
2026-08-13 16:00:00,28.46,72.65,807.78,17.6
2026-03-06 03:00:00,5.7,72.17,913.18,11.11
2026-11-20 00:00:00,13.14,89.61,832.1,13.25
2026-10-01 19:00:00,17.89,78.5,870.71,13.07
2026-06-24 20:00:00,11.97,75.0,,10.62
2026-07-19 01:00:00,24.66,89.94,807.85,16.36
2026-09-26 20:00:00,25.81,74.71,907.56,15.49
2026-03-11 03:00:00,15.53,77.21,917.21,12.72
2026-12-19 10:00:00,10.39,75.96,909.47,12.57
2026-04-11 03:00:00,9.6,74.91,903.04,11.53
2026-09-05 19:00:00,12.06,90.4,809.3,13.25
2026-05-05 02:00:00,26.7,86.85,848.54,17.05
2026-10-12 01:00:00,7.99,90.54,940.66,11.82
2026-11-15 18:00:00,11.71,89.11,911.39,12.12
2026-02-09 20:00:00,25.95,90.46,888.33,15.79
2026-10-23 20:00:00,25.85,81.1,857.98,15.53
2026-02-11 14:00:00,26.82,89.62,884.51,17.36
2026-03-29 17:00:00,28.18,88.15,904.2,16.68
2026-12-30 14:00:00,22.39,89.07,,16.1
2026-04-02 21:00:00,19.62,78.68,859.87,15.73
2026-09-06 22:00:00,11.63,86.55,880.33,11.15
2026-07-17 18:00:00,25.11,88.91,863.11,17.13
2026-03-14 18:00:00,21.05,81.95,856.7,16.25
2026-10-05 18:00:00,11.72,86.69,816.31,13.08
2026-02-08 01:00:00,25.0,86.05,,17.55
2026-12-18 05:00:00,12.21,76.46,829.95,13.37
2026-03-02 05:00:00,10.94,72.44,814.64,12.67
2026-10-01 12:00:00,20.34,,878.04,13.65
2026-01-06 20:00:00,28.78,85.95,942.59,18.02
2026-05-05 19:00:00,24.97,91.31,893.47,15.79
2026-05-01 11:00:00,26.3,89.23,923.61,16.77
2026-08-24 03:00:00,,,900.38,16.93
2026-06-02 21:00:00,29.78,80.7,927.39,18.1
2026-11-01 04:00:00,27.64,69.4,870.65,17.13
2026-04-12 13:00:00,11.44,73.56,818.19,12.53
2026-11-28 22:00:00,,83.13,943.59,16.44
2026-11-20 23:00:00,,89.67,937.24,12.28
2026-07-26 00:00:00,14.74,89.81,877.37,13.92
2026-05-12 07:00:00,13.7,78.14,820.62,12.59
2026-12-19 03:00:00,12.65,75.82,836.69,12.21
2026-07-28 16:00:00,9.11,84.24,921.69,11.58
2026-05-11 18:00:00,15.75,78.18,922.59,13.9
2026-01-18 20:00:00,22.3,70.53,910.35,14.96
2026-06-03 16:00:00,31.61,83.09,862.42,17.81
2026-03-30 16:00:00,25.36,86.51,837.34,17.31
2026-03-03 04:00:00,,68.95,,11.19
2026-06-21 00:00:00,10.72,81.68,946.89,10.87
2026-06-29 16:00:00,16.09,72.33,904.17,13.98
2026-07-03 18:00:00,21.17,68.26,898.73,14.79
2026-06-17 22:00:00,15.37,87.23,818.21,14.22
2026-09-01 02:00:00,11.81,86.24,834.84,13.0
2026-08-16 16:00:00,27.02,70.19,866.67,17.57
2026-06-28 15:00:00,14.12,72.6,863.39,14.54
2026-10-07 09:00:00,9.99,90.75,935.92,10.54
2026-03-12 21:00:00,17.17,77.88,923.04,14.09
2026-10-04 22:00:00,15.6,84.56,867.21,12.6
2026-12-19 18:00:00,12.28,73.92,830.01,12.06
2026-02-25 09:00:00,19.82,76.37,930.4,15.64
2026-09-21 16:00:00,31.96,68.89,814.11,18.43
2026-07-16 04:00:00,28.5,86.51,807.3,17.08
2026-07-04 01:00:00,19.73,74.27,805.59,14.87
2026-07-17 17:00:00,24.54,89.8,929.41,16.84
2026-07-15 23:00:00,,82.73,944.72,17.14
2026-11-07 12:00:00,17.91,77.07,917.81,13.95
2026-05-11 03:00:00,15.46,82.71,862.88,14.37
2026-11-26 09:00:00,21.46,88.45,,16.18
2026-06-29 13:00:00,14.46,69.92,814.98,12.45
2026-05-09 23:00:00,19.83,79.6,928.32,14.55
2026-05-08 19:00:00,19.93,85.8,,15.01
2026-09-17 07:00:00,,77.78,888.47,17.07
2026-05-11 06:00:00,12.94,82.12,877.01,13.72
2026-10-27 02:00:00,28.79,71.45,841.69,16.58
2026-02-05 19:00:00,19.74,86.11,828.96,14.66
2026-05-03 12:00:00,29.34,91.12,810.86,17.39
2026-04-29 21:00:00,30.32,87.25,861.39,19.16
2026-10-18 09:00:00,18.53,84.3,889.09,14.67
2026-05-14 00:00:00,15.55,77.33,814.22,13.51
2026-04-26 08:00:00,27.67,86.77,879.04,16.72
2026-03-25 00:00:00,31.67,85.07,948.16,18.33
2026-03-13 12:00:00,17.96,78.84,831.11,13.89
2026-10-04 03:00:00,18.16,85.23,882.32,14.63
2026-11-21 14:00:00,13.98,92.54,922.62,11.97
2026-04-30 09:00:00,29.45,85.73,931.62,16.29
2026-09-05 20:00:00,7.83,89.39,859.81,10.59
2026-08-25 17:00:00,20.37,86.36,844.83,15.39
2026-02-25 03:00:00,20.07,76.79,814.34,15.88
2026-07-14 12:00:00,27.5,82.05,820.18,17.17
2026-09-13 22:00:00,20.74,75.26,844.57,15.04
2026-06-21 21:00:00,8.68,80.28,881.43,11.45
2026-05-17 02:00:00,8.77,71.57,895.35,11.44
2026-04-21 08:00:00,21.47,77.55,816.87,13.6
2026-05-03 06:00:00,29.42,88.95,,18.84
2026-05-27 06:00:00,22.29,68.12,802.46,15.85
2026-08-02 02:00:00,11.31,79.96,866.16,11.15
2026-09-05 22:00:00,10.57,84.99,836.05,11.75
2026-03-08 01:00:00,11.73,71.74,832.03,13.33
2026-04-04 02:00:00,15.06,74.56,929.92,13.48
2026-09-14 13:00:00,20.46,79.1,838.54,14.46
2026-07-12 06:00:00,30.02,79.38,880.11,16.82
2026-04-17 19:00:00,15.91,76.52,914.94,12.88
2026-04-28 12:00:00,29.4,87.74,868.44,18.13
2026-01-31 01:00:00,8.47,,812.54,10.6
2026-10-05 05:00:00,14.85,85.54,853.08,13.75
2026-09-30 07:00:00,23.66,78.01,945.39,14.71
2026-03-24 19:00:00,,87.78,849.51,18.4
2026-05-25 12:00:00,16.79,72.72,811.92,14.17
2026-01-30 13:00:00,13.23,78.47,814.76,12.27
2026-05-23 23:00:00,17.04,72.27,880.63,13.02
2026-12-20 04:00:00,11.27,74.42,805.91,12.32
2026-08-27 17:00:00,17.39,83.66,904.88,14.58
2026-10-12 00:00:00,7.25,90.15,927.07,11.55
2026-09-02 02:00:00,10.3,92.52,871.6,12.16
2026-07-16 07:00:00,27.8,81.34,926.86,16.72
2026-03-20 22:00:00,28.39,87.73,945.85,17.44
2026-04-17 05:00:00,17.78,70.41,845.27,13.71
2026-11-08 23:00:00,17.73,74.83,868.4,13.74
2026-12-18 14:00:00,12.52,76.78,894.08,12.72
2026-03-30 19:00:00,24.12,84.65,941.82,15.38
2026-12-05 10:00:00,30.53,72.82,925.38,18.01
2026-11-17 07:00:00,10.95,87.87,812.23,12.31
2026-06-30 06:00:00,15.36,73.01,940.55,12.94
2026-09-28 20:00:00,26.61,74.22,838.5,16.69
2026-02-18 01:00:00,27.16,85.58,879.07,18.14
2026-01-23 05:00:00,11.88,71.26,843.6,12.2
2026-11-25 04:00:00,18.6,92.32,,14.66
2026-09-10 17:00:00,15.01,82.04,860.36,13.58
2026-12-16 14:00:00,15.85,71.33,902.11,12.11
2026-07-01 06:00:00,14.85,72.72,860.57,13.08
2026-11-15 13:00:00,9.27,86.27,841.32,11.31
2026-05-23 01:00:00,16.79,70.16,843.12,13.72
2026-09-25 18:00:00,27.34,74.41,839.95,17.17
2026-10-01 10:00:00,20.23,84.83,843.74,16.22
2026-02-03 10:00:00,15.09,85.63,875.78,13.29
2026-03-02 11:00:00,14.23,70.82,885.0,12.37
2026-03-15 06:00:00,22.86,80.35,821.77,15.27
2026-07-25 18:00:00,13.86,87.02,869.63,12.09
2026-10-03 16:00:00,18.34,85.29,865.95,14.37
2026-01-24 19:00:00,14.35,70.83,838.92,12.86
2026-11-02 23:00:00,25.32,69.63,882.33,16.17
2026-06-28 13:00:00,14.03,74.86,903.03,13.17
2026-04-09 19:00:00,9.54,71.58,926.61,10.8
2026-12-21 21:00:00,12.07,77.46,922.85,11.83
2026-01-19 05:00:00,18.0,73.34,882.32,14.28
2026-02-11 22:00:00,29.38,91.64,837.42,18.05
2026-01-04 11:00:00,24.83,88.02,819.71,16.39
2026-12-27 08:00:00,13.22,,878.95,13.29
2026-05-21 14:00:00,9.46,69.45,927.94,11.28
2026-09-30 08:00:00,20.94,76.61,907.68,16.41
2026-06-28 08:00:00,16.59,70.2,901.69,13.18
2026-12-27 03:00:00,12.88,86.8,857.47,13.25
2026-05-06 22:00:00,22.46,84.22,922.52,15.56
2026-10-13 04:00:00,14.45,88.31,818.64,14.06
2026-06-28 03:00:00,13.03,73.9,819.96,12.94
2026-04-11 14:00:00,11.53,71.4,916.75,12.83
2026-10-06 06:00:00,11.99,86.66,869.6,13.23
2026-02-24 09:00:00,19.29,74.49,,14.21
2026-07-23 19:00:00,13.14,93.38,947.06,13.5
2026-07-16 17:00:00,27.16,84.67,849.29,17.3
2026-10-10 22:00:00,9.87,86.38,858.98,11.09
2026-11-05 10:00:00,22.88,68.99,829.82,15.5
2026-09-23 16:00:00,30.37,,888.5,16.96
2026-08-01 14:00:00,11.46,78.77,811.23,10.32
2026-08-02 01:00:00,,79.35,893.19,11.81
2026-02-12 02:00:00,30.18,81.87,,18.06
2026-05-28 02:00:00,24.13,72.1,876.39,15.49
2026-03-17 18:00:00,24.26,87.53,839.79,16.04
2026-01-24 17:00:00,11.4,72.6,922.86,11.73
2026-12-04 03:00:00,31.24,76.58,815.99,18.22
2026-05-09 21:00:00,18.68,85.24,844.28,15.31
2026-07-05 11:00:00,24.16,71.12,,14.63
2026-04-26 14:00:00,27.93,87.84,850.53,17.03
2026-12-23 02:00:00,10.13,,832.27,10.96
2026-05-31 16:00:00,25.74,78.2,948.02,16.57
2026-08-31 10:00:00,10.33,,928.9,11.42
2026-11-30 23:00:00,30.13,80.94,924.15,16.89
2026-07-07 02:00:00,27.72,71.38,851.56,16.65
2026-12-09 10:00:00,26.41,69.7,866.01,16.7
2026-10-17 03:00:00,13.35,84.81,949.1,13.08
2026-11-21 16:00:00,12.53,86.94,820.61,13.19
2026-03-05 19:00:00,7.35,68.25,908.85,10.5
2026-12-28 21:00:00,15.43,91.33,924.38,13.27
2026-12-01 09:00:00,28.3,,868.14,15.64
2026-09-21 17:00:00,30.05,65.69,851.75,17.07
2026-11-14 15:00:00,9.33,85.51,842.12,11.22
2026-12-27 09:00:00,11.22,,,13.36
2026-04-09 23:00:00,12.46,68.01,816.95,12.5
2026-02-18 21:00:00,28.38,81.33,860.94,17.5
2026-08-30 15:00:00,,89.01,874.86,12.77
2026-09-24 20:00:00,30.05,72.34,943.48,18.29
2026-10-12 11:00:00,10.37,91.13,924.04,11.61
2026-02-14 12:00:00,29.11,89.23,935.09,17.06
2026-01-31 15:00:00,12.24,77.91,940.83,12.05
2026-03-18 03:00:00,27.25,87.81,893.19,17.55
2026-06-01 06:00:00,28.77,,896.17,17.87
2026-10-27 03:00:00,28.35,70.42,838.91,17.65
2026-10-20 03:00:00,20.32,82.42,891.53,14.58
2026-10-25 08:00:00,27.0,79.54,800.44,17.39
2026-07-18 10:00:00,24.88,90.38,866.4,16.78
2026-04-07 17:00:00,13.08,75.97,910.01,11.91
2026-11-02 03:00:00,28.05,72.27,821.66,17.4
2026-11-08 00:00:00,21.82,76.48,900.06,14.97
2026-08-13 14:00:00,27.17,69.92,835.58,17.62
2026-12-18 03:00:00,11.75,73.18,942.97,12.61
2026-02-27 09:00:00,17.18,67.73,827.19,14.3
2026-05-26 16:00:00,20.68,73.26,830.66,14.16
2026-10-08 08:00:00,9.35,89.08,850.93,12.25
2026-12-10 00:00:00,22.9,67.82,811.45,16.91
2026-03-06 19:00:00,10.68,73.66,,12.08
2026-09-14 00:00:00,21.8,73.21,843.68,15.65
2026-12-19 09:00:00,,77.65,811.84,12.67
2026-03-23 07:00:00,31.79,94.23,824.59,19.29
2026-09-24 06:00:00,26.68,72.02,875.57,16.74
2026-03-06 17:00:00,8.86,73.38,900.39,11.17
2026-01-31 07:00:00,11.76,,827.63,12.29
2026-10-21 01:00:00,20.37,82.72,895.3,14.06
2026-07-02 12:00:00,20.27,70.07,901.68,14.15
2026-08-03 08:00:00,14.19,74.81,855.58,14.0
2026-10-09 03:00:00,11.21,88.6,848.39,11.45
2026-06-02 00:00:00,29.78,78.23,835.13,18.25
2026-02-16 23:00:00,28.6,84.79,876.62,17.01
2026-02-24 01:00:00,,71.67,886.12,15.03
2026-08-02 09:00:00,11.13,77.49,858.07,11.44
2026-05-25 07:00:00,18.66,71.55,822.55,14.28
2026-02-15 15:00:00,29.88,88.25,891.8,18.37
2026-02-27 08:00:00,14.68,69.04,934.11,13.02
2026-11-02 20:00:00,25.95,,,16.38
2026-11-14 08:00:00,10.83,87.84,935.93,11.28
2026-09-15 14:00:00,20.96,72.52,812.9,15.51
2026-12-03 06:00:00,31.16,,876.59,18.52
2026-06-03 21:00:00,31.36,81.71,911.17,17.22
2026-10-16 19:00:00,16.08,84.42,881.16,13.79
2026-02-13 21:00:00,29.94,90.94,,18.61
2026-07-27 00:00:00,10.74,88.48,812.26,12.57
2026-07-30 07:00:00,10.0,82.08,821.32,10.68
2026-05-05 22:00:00,25.17,89.58,854.0,16.58
2026-05-28 16:00:00,24.92,72.02,913.38,16.18
2026-10-28 10:00:00,33.48,75.73,807.96,19.02
2026-01-06 10:00:00,25.71,86.08,845.17,17.41
2026-01-18 00:00:00,22.31,71.81,923.43,15.48
2026-01-18 10:00:00,23.2,68.91,918.11,15.86
2026-06-01 12:00:00,27.62,82.69,895.17,16.18
2026-11-20 06:00:00,10.07,89.55,945.7,12.01
2026-06-29 09:00:00,12.51,74.49,868.46,12.03
2026-06-23 17:00:00,8.95,73.44,906.35,11.21
2026-02-25 02:00:00,19.31,74.25,800.88,14.05
2026-09-16 22:00:00,24.25,74.61,885.34,15.61
2026-08-28 15:00:00,14.13,87.85,920.34,13.6
2026-10-22 23:00:00,24.69,,893.35,15.97
2026-10-17 02:00:00,14.59,89.24,,12.9
2026-06-28 18:00:00,14.77,,868.41,13.8
2026-03-29 22:00:00,24.6,87.52,913.09,15.6
2026-05-20 02:00:00,11.48,,871.77,12.36
2026-12-19 07:00:00,12.9,78.57,882.3,13.13
2026-02-18 14:00:00,30.8,81.54,945.63,17.61
2026-01-22 21:00:00,11.45,65.26,842.76,11.12
2026-01-23 02:00:00,14.82,69.04,937.2,13.28
2026-02-23 22:00:00,21.54,73.0,901.98,16.04
2026-05-22 10:00:00,15.88,71.43,870.03,13.5
2026-08-22 13:00:00,26.25,82.97,883.38,15.95
2026-10-01 08:00:00,20.21,80.68,897.82,15.5
2026-05-25 08:00:00,17.46,69.47,892.58,14.54
2026-04-22 10:00:00,21.75,76.49,827.17,14.71
2026-02-04 13:00:00,16.28,87.57,822.97,12.86
2026-01-06 23:00:00,28.83,,896.64,16.55
2026-04-26 20:00:00,30.19,84.92,942.92,16.87
2026-05-20 08:00:00,9.45,71.72,869.49,11.49
2026-09-29 10:00:00,24.08,77.33,889.1,16.86
2026-09-01 11:00:00,8.03,91.01,940.11,11.99
2026-05-01 02:00:00,28.77,92.72,908.77,17.35
2026-09-13 10:00:00,20.36,75.61,863.67,15.02
2026-09-03 20:00:00,9.93,90.48,835.25,11.33
2026-01-18 11:00:00,21.46,70.02,931.55,14.63
2026-02-25 13:00:00,20.87,71.21,893.75,14.09
2026-06-27 21:00:00,14.27,73.1,858.22,12.21
2026-06-09 04:00:00,27.06,89.61,872.16,16.56
2026-09-21 10:00:00,29.21,70.07,811.66,17.59
2026-01-16 09:00:00,23.59,74.74,803.99,16.12
2026-05-25 21:00:00,14.94,69.5,883.52,13.01
2026-11-08 15:00:00,17.07,76.24,888.38,13.46
2026-07-29 22:00:00,12.44,87.42,819.84,11.89
2026-10-04 08:00:00,,85.63,944.8,13.01
2026-02-11 17:00:00,29.2,88.12,810.91,17.39
2026-05-30 23:00:00,25.98,77.09,923.97,16.61
2026-03-14 17:00:00,19.87,84.2,828.8,14.62
2026-10-10 18:00:00,11.47,89.59,868.5,11.99
2026-01-24 01:00:00,13.03,70.73,927.06,12.18
2026-01-11 17:00:00,28.57,77.65,888.07,16.75
2026-06-09 22:00:00,25.31,90.95,861.82,17.03
2026-09-18 01:00:00,25.67,71.4,841.11,17.31
2026-05-25 17:00:00,16.23,70.77,919.84,13.18
2026-01-06 05:00:00,31.1,87.77,893.66,18.04
2026-05-23 11:00:00,13.5,70.8,875.54,11.88
2026-06-26 09:00:00,12.08,69.54,832.19,12.53
2026-03-23 11:00:00,32.0,86.95,804.12,18.29
2026-04-06 10:00:00,16.02,76.86,,13.27
2026-02-04 23:00:00,17.06,85.83,928.6,14.23
2026-02-12 11:00:00,29.19,,926.58,17.91
2026-12-12 20:00:00,23.69,71.92,880.12,15.47
2026-08-13 18:00:00,26.27,71.51,831.25,16.52
2026-01-15 04:00:00,25.23,73.47,875.75,15.7
2026-05-29 02:00:00,20.78,73.44,845.52,15.22
2026-08-17 06:00:00,29.27,75.08,922.03,17.71
2026-02-09 02:00:00,24.67,92.15,887.92,16.29
2026-05-17 19:00:00,11.32,74.62,848.6,11.86
2026-09-04 12:00:00,11.2,87.99,814.43,12.72
2026-10-07 16:00:00,13.61,90.13,949.69,12.85
2026-08-02 18:00:00,12.82,80.09,874.8,13.24
2026-03-30 02:00:00,26.28,87.54,947.34,16.98
2026-08-20 13:00:00,29.87,78.68,,17.85
2026-10-08 19:00:00,9.08,88.58,867.38,11.31
2026-05-07 04:00:00,21.9,90.86,934.96,15.88
2026-04-30 06:00:00,28.29,88.98,869.67,16.86
2026-05-25 11:00:00,17.6,70.57,934.62,14.13
2026-04-13 08:00:00,9.7,72.32,879.7,11.62
2026-11-02 11:00:00,28.39,71.79,929.02,16.45
2026-09-15 07:00:00,22.69,73.36,909.37,15.26
2026-02-04 00:00:00,16.23,82.06,909.66,13.47
2026-05-22 11:00:00,10.9,68.13,873.88,11.26
2026-05-06 17:00:00,19.17,87.95,835.56,15.01
2026-01-08 00:00:00,28.97,82.66,833.39,17.42
2026-10-10 05:00:00,8.31,86.72,834.29,11.05
2026-11-09 16:00:00,14.9,78.67,879.7,12.7
2026-09-17 23:00:00,27.52,,855.65,16.37
2026-08-29 23:00:00,17.15,89.77,923.73,13.85
2026-09-17 17:00:00,22.93,72.23,825.44,15.52
2026-09-18 10:00:00,26.67,70.52,817.38,17.24
2026-07-16 11:00:00,26.65,86.41,929.31,16.21
2026-02-16 08:00:00,31.23,85.61,818.14,18.13
2026-11-21 08:00:00,13.77,,886.85,13.09
2026-06-02 18:00:00,30.28,79.63,860.85,18.59
2026-01-08 10:00:00,29.17,85.05,857.65,17.19
2026-08-08 11:00:00,20.01,69.95,907.95,14.86
2026-09-06 21:00:00,7.7,89.06,,11.82
2026-05-12 09:00:00,13.57,79.21,808.31,13.37
2026-12-17 06:00:00,17.35,71.44,917.74,13.48
2026-11-01 09:00:00,23.88,70.51,873.93,14.64
2026-07-02 17:00:00,19.79,70.87,833.43,14.12
2026-12-11 20:00:00,26.87,70.49,868.78,16.02
2026-06-28 23:00:00,12.01,71.41,905.07,13.09
2026-10-23 10:00:00,24.88,81.48,816.49,16.91
2026-04-25 21:00:00,,86.54,904.74,17.34
2026-08-20 10:00:00,28.32,,811.18,18.04
2026-05-09 16:00:00,15.48,80.09,,14.35
2026-03-04 09:00:00,,69.76,849.45,12.23
2026-01-17 01:00:00,23.93,68.67,868.53,14.84
2026-10-09 15:00:00,,89.79,898.03,11.73
2026-03-25 02:00:00,30.39,88.37,824.08,16.71
2026-11-29 07:00:00,26.61,83.44,895.89,16.58
2026-10-31 09:00:00,31.29,,,18.46
2026-03-26 14:00:00,30.32,88.06,879.54,19.45
2026-11-01 23:00:00,,69.06,927.42,15.97
2026-01-25 17:00:00,11.53,72.6,,12.28
2026-09-13 15:00:00,18.54,,921.28,15.63
2026-04-13 12:00:00,10.78,68.3,925.68,11.98
2026-03-30 23:00:00,22.97,84.0,837.55,15.3
2026-06-12 04:00:00,22.28,93.02,938.85,15.89
2026-12-08 00:00:00,28.4,73.74,940.51,16.26
2026-04-14 00:00:00,9.83,70.7,806.13,11.48
2026-08-19 20:00:00,31.45,76.75,862.47,19.22
2026-01-11 03:00:00,31.15,76.13,917.87,18.29
2026-02-22 20:00:00,22.13,73.33,854.41,15.37
2026-06-13 23:00:00,21.05,91.85,904.31,15.98
2026-08-02 04:00:00,14.1,74.95,864.6,13.13
2026-01-29 19:00:00,12.04,78.35,815.98,12.75
2026-08-17 09:00:00,30.66,72.88,801.67,18.9
2026-03-10 04:00:00,11.18,74.86,945.7,10.39
2026-01-14 07:00:00,27.34,71.94,832.96,16.98
2026-09-29 13:00:00,23.88,72.32,904.27,16.24
2026-10-23 09:00:00,26.83,81.64,944.01,17.06
2026-11-23 10:00:00,16.88,88.74,872.39,13.43
2026-05-27 11:00:00,21.53,,830.89,14.97
2026-01-23 01:00:00,12.57,72.16,902.78,11.74
2026-05-30 11:00:00,24.25,75.98,800.03,16.49
2026-07-09 17:00:00,28.02,73.43,817.9,16.57
2026-11-05 09:00:00,23.98,71.94,851.49,16.0
2026-06-24 14:00:00,10.82,77.9,838.73,12.06
2026-02-05 21:00:00,16.66,86.47,882.42,14.17
2026-05-21 11:00:00,10.07,70.88,935.48,11.26
2026-12-11 09:00:00,23.62,70.61,831.83,16.2
2026-05-08 03:00:00,19.98,84.11,905.84,13.98
2026-08-02 11:00:00,11.76,83.07,941.44,11.78
2026-06-05 03:00:00,27.32,86.68,904.86,16.75
2026-05-15 12:00:00,11.98,81.02,944.29,11.75
2026-01-16 21:00:00,23.07,,811.9,15.58
2026-04-08 23:00:00,11.77,73.3,,11.46
2026-12-15 00:00:00,18.44,70.72,890.59,13.69
2026-05-16 03:00:00,12.03,74.98,888.45,12.31
2026-12-09 20:00:00,25.82,,803.03,16.65
2026-05-01 12:00:00,30.63,90.37,909.32,17.25
2026-11-07 08:00:00,21.65,77.6,884.6,14.65
2026-06-12 00:00:00,23.96,86.4,903.54,15.71
2026-12-25 12:00:00,11.95,,935.44,12.18
2026-10-17 11:00:00,,85.16,871.25,13.82
2026-09-01 16:00:00,9.66,89.47,907.05,10.85
2026-01-25 01:00:00,12.76,71.23,804.52,13.61
2026-01-26 13:00:00,8.8,73.81,811.84,11.12
2026-04-20 20:00:00,20.88,77.66,893.42,15.04
2026-10-02 01:00:00,17.93,81.27,850.29,13.77
2026-07-20 06:00:00,19.71,90.46,945.11,14.97
2026-03-06 06:00:00,12.51,75.15,851.43,13.16
2026-07-08 02:00:00,27.95,73.81,823.61,17.07
2026-01-30 09:00:00,11.5,75.9,914.49,11.97
2026-08-14 07:00:00,30.58,71.65,822.43,17.8
2026-11-12 01:00:00,10.92,,836.18,11.58
2026-02-20 01:00:00,26.6,79.43,930.05,16.6
2026-10-05 15:00:00,9.71,84.05,863.52,12.71
2026-08-26 11:00:00,20.51,84.89,938.27,14.85
2026-12-01 01:00:00,27.08,81.85,859.76,16.14
2026-06-04 07:00:00,28.65,83.06,940.45,16.26
2026-11-07 04:00:00,17.41,74.22,890.18,13.5
2026-12-07 10:00:00,28.02,72.8,832.15,17.22
2026-04-14 20:00:00,10.99,69.0,827.39,11.95
2026-05-10 12:00:00,17.68,84.15,859.45,15.14
2026-07-04 20:00:00,25.7,73.35,892.47,16.53
2026-05-02 17:00:00,29.73,89.43,862.2,17.38
2026-10-14 12:00:00,,93.19,931.68,12.89
2026-06-11 23:00:00,23.57,89.08,853.63,15.96
2026-09-20 03:00:00,,72.11,947.27,17.9
2026-12-27 12:00:00,13.9,85.04,949.66,13.59
2026-01-29 13:00:00,11.27,73.66,845.6,11.39
2026-12-28 02:00:00,12.34,87.76,923.05,12.1
2026-12-08 21:00:00,26.73,69.39,902.44,17.08
2026-04-27 19:00:00,28.01,90.5,855.22,17.18
2026-09-22 04:00:00,28.58,72.99,835.44,17.7
2026-06-30 05:00:00,17.74,69.77,853.96,13.28
2026-10-18 05:00:00,17.83,83.84,829.56,14.13
2026-03-25 22:00:00,30.77,93.05,851.89,18.9
2026-05-31 03:00:00,26.54,76.05,852.13,16.91
2026-03-02 00:00:00,13.13,70.67,904.16,13.23
2026-02-19 08:00:00,26.54,81.7,836.8,16.33
2026-12-18 07:00:00,12.79,75.37,937.92,11.24
2026-01-12 21:00:00,25.97,74.37,868.49,16.76
2026-03-20 23:00:00,28.0,92.36,891.26,17.86
2026-03-11 02:00:00,12.26,78.84,806.85,12.36
2026-04-05 09:00:00,16.65,78.53,914.68,13.65
2026-02-12 19:00:00,29.02,92.76,841.95,17.18
2026-09-26 00:00:00,26.11,72.48,826.76,16.48
2026-09-29 14:00:00,19.54,77.1,897.3,13.62
2026-11-27 05:00:00,23.86,83.97,,16.05
2026-08-06 03:00:00,15.25,75.38,881.91,13.08
2026-05-06 04:00:00,25.11,88.41,838.59,16.62
2026-09-12 00:00:00,15.78,78.8,843.13,13.24
2026-03-05 21:00:00,9.78,70.75,821.86,11.89
2026-04-01 18:00:00,23.88,75.77,823.98,15.58
2026-01-18 18:00:00,19.41,67.34,811.36,14.27
2026-12-10 07:00:00,24.1,70.82,807.59,16.69
2026-06-22 02:00:00,9.87,82.36,881.2,12.42
2026-01-04 05:00:00,24.8,86.09,937.62,16.19
2026-03-21 11:00:00,27.28,91.51,,17.05
2026-09-03 16:00:00,7.71,89.77,847.99,10.82
2026-02-07 15:00:00,23.85,89.44,845.64,14.69
2026-02-16 22:00:00,30.21,85.24,867.87,17.45
2026-03-07 21:00:00,12.31,,942.13,12.18
2026-03-15 04:00:00,20.1,,943.6,13.37
2026-01-26 01:00:00,9.41,75.43,897.71,11.47
2026-11-27 16:00:00,20.38,85.61,923.74,14.59
2026-03-26 22:00:00,28.82,,865.56,16.91
2026-12-11 03:00:00,24.71,70.34,875.17,15.86
2026-01-05 17:00:00,30.94,86.85,836.43,18.09
2026-05-16 08:00:00,10.69,74.05,831.01,10.96
2026-12-27 00:00:00,14.89,88.45,882.74,12.99
2026-08-11 10:00:00,25.06,69.89,867.87,15.45
2026-08-27 11:00:00,16.98,88.01,842.43,13.57
2026-09-28 15:00:00,25.65,74.87,806.96,17.27
2026-04-04 03:00:00,17.91,77.6,887.56,14.33
2026-03-24 12:00:00,28.52,91.71,923.1,17.03
2026-06-23 04:00:00,10.8,,861.27,12.1
2026-11-30 14:00:00,27.87,79.42,804.76,16.75
2026-03-25 08:00:00,28.77,91.28,864.98,19.25
2026-07-12 18:00:00,28.8,79.84,912.1,17.92
2026-07-22 20:00:00,16.67,90.88,868.21,14.62
2026-04-23 04:00:00,24.39,77.38,834.22,17.0
2026-04-23 07:00:00,26.79,82.42,845.61,16.87
2026-07-24 06:00:00,12.76,92.85,942.49,13.32
2026-03-01 09:00:00,9.9,76.08,830.7,11.81
2026-06-14 07:00:00,16.31,87.94,850.4,13.53
2026-03-12 05:00:00,17.17,79.23,868.49,13.3
2026-05-08 17:00:00,20.53,87.56,940.27,15.37
2026-10-17 15:00:00,17.83,87.35,,15.13
2026-04-07 22:00:00,10.07,72.74,885.49,11.21
2026-08-23 15:00:00,25.62,84.64,828.82,17.55
2026-08-07 09:00:00,17.71,72.07,866.76,13.53
2026-12-25 10:00:00,14.85,86.21,876.29,13.84
2026-08-14 04:00:00,27.48,68.46,855.87,17.54
2026-08-16 09:00:00,29.51,71.46,840.25,16.51
2026-10-31 16:00:00,30.33,71.37,917.88,18.2
2026-08-12 07:00:00,26.35,68.27,856.48,17.04
2026-12-19 21:00:00,10.42,79.26,834.05,12.14
2026-12-14 07:00:00,19.58,65.74,818.5,14.0
2026-05-24 03:00:00,16.61,,850.34,12.65
2026-08-31 15:00:00,13.78,89.34,833.31,12.58
2026-10-27 15:00:00,29.73,72.38,850.75,17.47
2026-08-05 00:00:00,16.66,73.64,854.32,13.48
2026-05-14 18:00:00,13.17,77.54,832.1,12.12
2026-08-10 15:00:00,25.22,71.57,895.43,14.71
2026-09-29 23:00:00,22.92,80.89,854.0,15.09
2026-02-04 07:00:00,15.75,86.19,905.66,12.8
2026-05-16 00:00:00,10.53,77.58,,12.14
2026-01-28 08:00:00,10.02,78.88,899.87,11.82
2026-11-22 23:00:00,16.25,,807.21,13.93
2026-10-16 15:00:00,12.86,87.98,920.06,12.47
2026-01-16 15:00:00,23.21,71.42,865.21,15.6
2026-05-18 17:00:00,11.7,72.39,949.72,12.12
2026-07-18 17:00:00,24.6,89.23,900.64,15.96
2026-08-19 06:00:00,31.0,76.82,,18.56
2026-06-04 11:00:00,31.97,84.47,857.98,18.47
2026-09-07 02:00:00,11.45,83.82,867.91,12.17
2026-07-11 14:00:00,30.63,75.39,888.14,17.87
2026-02-19 06:00:00,29.49,,904.67,16.97
2026-08-17 13:00:00,31.09,74.11,873.73,17.18
2026-01-28 09:00:00,9.96,76.23,809.97,11.53
2026-10-26 03:00:00,25.62,75.05,803.23,16.83
2026-06-06 21:00:00,,88.09,858.33,18.42
2026-10-26 12:00:00,27.91,75.94,887.29,17.09
2026-02-23 07:00:00,22.01,80.05,824.72,15.66
2026-11-26 14:00:00,,83.58,893.46,15.58
2026-11-13 19:00:00,9.67,78.97,916.13,11.05
2026-08-06 14:00:00,17.29,74.16,861.77,14.31
2026-01-10 00:00:00,28.84,82.37,901.26,18.06
2026-08-18 17:00:00,30.01,70.71,884.04,17.98
2026-10-03 07:00:00,17.61,80.53,907.61,13.96
2026-04-08 00:00:00,12.67,66.32,877.69,12.08
2026-05-31 13:00:00,27.66,75.75,846.96,17.37
2026-06-17 18:00:00,13.13,86.93,865.77,13.2
2026-08-19 14:00:00,28.86,76.24,844.08,18.08
2026-12-20 17:00:00,9.58,80.34,804.69,12.27
2026-02-04 06:00:00,19.68,82.54,865.01,15.55
2026-12-05 21:00:00,32.5,71.92,834.58,18.76
2026-05-22 00:00:00,14.09,,813.99,12.47
2026-07-01 08:00:00,17.67,71.9,931.4,14.13
2026-12-15 20:00:00,16.8,72.02,834.01,12.79
2026-06-09 06:00:00,27.5,88.78,876.47,17.67
2026-06-14 01:00:00,18.33,89.33,867.07,14.68
2026-12-26 03:00:00,13.94,85.96,871.44,12.43
2026-06-11 01:00:00,,90.7,,15.79
2026-12-03 13:00:00,31.54,75.59,898.83,17.45
2026-12-05 03:00:00,29.72,74.21,938.61,17.79
2026-08-22 11:00:00,27.49,77.57,877.11,16.95
2026-07-04 17:00:00,22.9,67.02,847.79,16.06
2026-08-10 18:00:00,26.22,70.89,811.09,16.5
2026-01-03 04:00:00,22.63,89.61,892.27,15.47
2026-05-05 07:00:00,26.02,88.94,920.4,15.81
2026-09-03 05:00:00,12.7,93.26,820.67,13.09
2026-09-19 16:00:00,28.93,69.63,886.1,17.91
2026-01-06 11:00:00,28.18,87.69,836.77,17.73
2026-12-31 20:00:00,19.04,90.14,846.74,15.33
2026-09-01 09:00:00,9.49,93.78,859.57,13.06
2026-05-13 13:00:00,13.42,80.42,805.32,12.64
2026-12-13 04:00:00,19.97,68.62,914.99,15.56
2026-02-18 00:00:00,28.21,82.61,807.72,17.58
2026-09-30 06:00:00,21.47,73.46,949.08,14.3
2026-09-19 19:00:00,,68.69,874.77,18.16
2026-11-26 20:00:00,21.93,84.94,854.42,16.28
2026-11-08 12:00:00,14.44,75.94,939.34,12.82
2026-06-06 10:00:00,28.71,85.93,855.76,17.57
2026-11-11 06:00:00,14.79,78.17,827.66,13.16
2026-03-30 22:00:00,23.36,82.85,861.52,15.53
2026-01-23 04:00:00,13.65,67.29,875.48,12.54
2026-10-04 01:00:00,13.03,85.27,904.1,12.39
2026-11-08 07:00:00,17.7,74.19,935.09,14.95
2026-08-29 06:00:00,15.96,88.98,803.47,12.61
2026-08-29 17:00:00,13.82,87.36,871.21,13.33
2026-07-31 16:00:00,8.99,84.93,824.7,11.71
2026-02-09 15:00:00,25.66,91.25,940.31,16.16
2026-02-20 13:00:00,,81.44,853.54,16.52
2026-01-13 11:00:00,29.34,78.78,899.36,17.85
2026-09-07 23:00:00,10.12,85.59,829.27,11.99
2026-04-19 07:00:00,17.22,75.8,845.06,14.52
2026-11-07 02:00:00,20.36,72.35,811.23,14.5
2026-02-17 14:00:00,29.21,82.39,,16.98
2026-02-22 19:00:00,21.94,76.29,900.84,15.37
2026-05-19 04:00:00,10.17,71.63,936.74,11.8
2026-01-21 04:00:00,,69.4,801.05,12.91
2026-02-12 07:00:00,28.7,92.81,862.78,18.93
2026-02-18 16:00:00,29.55,84.46,946.19,17.27
2026-11-10 11:00:00,15.38,79.95,832.14,13.3
2026-02-27 07:00:00,15.44,70.51,842.93,13.72
2026-01-28 13:00:00,9.18,76.26,932.21,11.19
2026-04-01 17:00:00,21.19,80.03,854.67,16.68
2026-08-14 08:00:00,28.58,69.73,876.38,17.11
2026-01-15 10:00:00,23.96,75.36,853.48,15.48
2026-08-25 10:00:00,19.41,85.21,874.53,15.51
2026-05-29 15:00:00,26.0,70.06,880.22,15.16
2026-09-09 02:00:00,14.75,84.0,902.65,12.33
2026-02-24 10:00:00,20.61,73.99,814.39,14.89
2026-01-04 03:00:00,26.36,88.81,914.68,16.38
2026-07-27 21:00:00,14.16,88.23,890.23,13.0
2026-06-16 00:00:00,17.37,88.93,884.23,14.61
2026-07-03 20:00:00,20.72,69.05,948.87,14.22
2026-10-03 05:00:00,14.91,81.2,878.58,13.16
2026-12-31 14:00:00,20.68,90.89,930.2,15.62
2026-08-11 11:00:00,26.8,70.5,912.18,16.48
2026-03-27 04:00:00,27.42,89.94,813.9,17.71
2026-10-22 12:00:00,26.63,83.07,811.22,15.85
2026-12-23 20:00:00,,85.9,840.72,11.62
2026-10-18 17:00:00,19.35,85.5,936.14,13.68
2026-08-22 15:00:00,25.24,80.03,895.45,16.18
2026-10-17 00:00:00,17.28,86.71,864.88,13.94
2026-10-29 20:00:00,,71.31,927.84,18.1
2026-12-02 18:00:00,29.78,74.3,837.8,17.41
2026-10-09 05:00:00,10.12,90.81,910.68,11.85
2026-02-04 21:00:00,15.75,,832.53,13.12
2026-02-16 03:00:00,28.38,86.73,882.05,17.92
2026-01-12 07:00:00,27.16,77.74,933.79,17.22
2026-06-21 10:00:00,13.0,78.88,944.63,13.05
2026-08-08 01:00:00,19.01,72.75,890.6,14.42
2026-06-28 01:00:00,11.46,74.74,915.4,11.75
2026-01-27 05:00:00,11.84,,945.39,12.09
2026-05-30 02:00:00,23.86,76.52,881.32,15.12
2026-01-14 01:00:00,29.03,78.63,861.41,16.69
2026-03-09 12:00:00,12.06,79.58,831.42,12.95
2026-06-20 08:00:00,13.03,79.92,913.67,12.25
2026-09-09 11:00:00,13.73,83.39,917.6,12.77
2026-01-02 15:00:00,23.06,92.06,877.11,16.41
2026-10-15 09:00:00,11.2,87.38,869.65,11.86
2026-09-22 05:00:00,29.81,67.21,811.47,17.42
2026-06-12 01:00:00,24.96,92.77,870.72,17.07
2026-04-23 19:00:00,25.42,82.19,843.06,16.39
2026-02-10 15:00:00,,89.71,848.39,16.48
2026-02-21 12:00:00,27.82,74.75,806.66,17.2
2026-05-29 06:00:00,23.63,76.76,939.33,16.66
2026-01-08 17:00:00,30.78,83.38,945.57,17.89
2026-09-05 17:00:00,11.52,91.07,864.48,11.89
2026-09-10 16:00:00,15.63,83.91,845.78,13.97
2026-11-30 11:00:00,28.65,80.85,925.45,17.49
2026-06-04 04:00:00,31.47,80.12,889.33,18.3
2026-10-29 00:00:00,29.98,69.77,877.34,17.96
2026-01-11 09:00:00,30.38,81.93,860.34,17.06
2026-07-27 05:00:00,7.89,85.09,820.77,11.19
2026-12-07 03:00:00,29.03,74.56,917.03,17.4
2026-07-11 05:00:00,28.36,76.68,800.04,17.72
2026-02-18 06:00:00,30.46,83.32,913.78,16.57
2026-01-04 16:00:00,25.11,87.43,938.09,16.75
2026-09-11 12:00:00,16.53,80.31,,12.46
2026-08-25 09:00:00,25.69,,840.75,15.65
2026-05-12 15:00:00,14.26,79.26,866.32,11.74
2026-12-20 19:00:00,9.16,,940.69,12.17
2026-01-21 15:00:00,16.83,69.06,865.29,13.74
2026-04-23 13:00:00,26.66,82.46,818.82,16.12
2026-12-02 11:00:00,27.57,81.01,935.87,17.08
2026-04-12 11:00:00,9.62,71.7,919.44,10.88
2026-06-14 03:00:00,19.02,88.51,802.03,14.38
2026-10-07 15:00:00,13.64,85.93,922.34,11.82
2026-09-24 10:00:00,28.16,68.76,830.25,17.13
2026-10-02 19:00:00,20.16,80.84,947.72,13.72
2026-10-31 18:00:00,24.54,72.59,935.22,15.46
2026-06-08 12:00:00,27.0,86.19,904.23,17.23
2026-09-13 21:00:00,20.63,76.85,868.41,15.88
2026-10-31 02:00:00,31.57,69.01,822.12,18.06
2026-11-22 15:00:00,15.53,90.22,830.09,14.01
2026-10-12 02:00:00,10.22,90.21,863.87,12.42
2026-09-07 08:00:00,13.68,86.89,868.25,12.69
2026-06-03 18:00:00,30.53,82.19,808.64,18.55
2026-04-04 17:00:00,17.26,76.11,938.44,12.58
2026-04-14 18:00:00,11.63,73.23,907.11,11.93
2026-03-13 18:00:00,18.99,78.54,864.27,15.44
2026-04-25 11:00:00,25.82,83.7,830.29,15.78
2026-04-29 06:00:00,33.31,87.46,852.05,19.55
2026-05-16 16:00:00,8.89,75.59,832.03,11.13
2026-03-15 21:00:00,21.81,85.99,876.83,15.05
2026-12-27 06:00:00,9.45,87.19,888.56,12.42
2026-07-13 17:00:00,29.01,82.6,844.36,17.73
2026-04-03 19:00:00,16.46,77.26,933.91,12.68
2026-07-11 20:00:00,28.35,78.87,897.51,16.69
2026-02-02 16:00:00,14.71,86.24,832.55,12.84
2026-05-12 16:00:00,12.83,81.62,913.53,12.9
2026-10-11 03:00:00,12.11,87.82,926.43,12.55
2026-08-15 14:00:00,30.17,,821.61,17.84
2026-05-05 15:00:00,26.01,91.91,804.98,18.16
2026-07-25 11:00:00,9.44,,891.9,12.22
2026-08-26 16:00:00,,,847.07,13.94
2026-03-09 18:00:00,11.48,72.76,903.66,10.57
2026-08-08 12:00:00,18.9,72.94,871.94,14.33
2026-12-13 15:00:00,19.41,71.68,922.77,14.69
2026-07-28 07:00:00,9.09,86.34,802.01,11.51
2026-02-02 17:00:00,15.55,83.23,818.42,14.34
2026-07-29 20:00:00,13.28,83.76,904.25,13.05
2026-11-28 18:00:00,24.19,83.46,900.28,15.58
2026-08-16 02:00:00,29.18,71.61,921.4,16.11
2026-06-12 12:00:00,,89.19,860.99,15.0
2026-06-15 23:00:00,15.39,87.79,833.61,14.65
2026-04-15 04:00:00,12.92,69.81,806.67,12.61
2026-02-19 23:00:00,29.38,81.98,878.69,18.68
2026-08-04 13:00:00,12.93,75.42,,11.59
2026-05-09 03:00:00,22.06,85.42,845.79,16.05
2026-08-30 11:00:00,13.18,86.91,909.48,12.37
2026-07-06 03:00:00,26.5,,802.08,16.46
2026-08-26 02:00:00,,85.37,870.67,15.49
2026-04-05 21:00:00,12.42,75.53,915.54,12.91
2026-01-25 22:00:00,10.21,71.69,901.4,10.97
2026-09-28 11:00:00,23.96,75.83,827.09,16.81
2026-11-06 14:00:00,21.14,74.33,872.35,15.02
2026-11-18 07:00:00,,89.66,891.16,11.31
2026-07-14 13:00:00,28.8,82.88,919.63,17.19
2026-08-21 08:00:00,26.46,78.42,896.17,17.99
2026-04-12 03:00:00,,71.1,949.89,11.47
2026-04-25 00:00:00,26.51,82.8,935.73,15.53
2026-01-30 22:00:00,10.4,79.47,800.54,12.25
2026-03-31 10:00:00,20.69,81.12,940.5,14.64
2026-04-30 04:00:00,29.16,88.64,816.93,18.23
2026-08-08 19:00:00,22.58,69.41,906.48,15.84
2026-11-27 21:00:00,24.47,81.87,805.88,16.19
2026-06-30 15:00:00,15.89,71.68,893.53,13.4
2026-11-14 03:00:00,5.18,84.59,844.48,9.8
2026-04-18 19:00:00,16.82,77.23,877.94,14.84
2026-01-03 05:00:00,24.63,90.79,875.34,16.63
2026-10-22 20:00:00,25.94,78.85,903.25,16.21
2026-04-21 20:00:00,20.53,79.31,840.24,14.7
2026-12-17 15:00:00,14.2,77.26,912.28,12.8
2026-03-31 21:00:00,21.85,81.04,867.13,16.15
2026-06-06 23:00:00,31.45,89.54,820.29,19.02
2026-12-05 06:00:00,29.59,77.32,883.1,17.79
2026-10-16 07:00:00,14.04,87.71,920.21,11.87
2026-08-14 13:00:00,30.36,74.55,843.67,17.49
2026-04-02 19:00:00,17.11,79.73,922.11,14.5
2026-05-15 02:00:00,10.02,77.23,932.03,11.52
2026-02-10 12:00:00,27.62,92.54,826.81,17.75
2026-08-25 07:00:00,21.67,83.13,936.31,15.79
2026-08-12 16:00:00,26.49,70.62,913.53,17.81
2026-01-13 09:00:00,28.94,76.37,947.64,17.22
2026-10-10 03:00:00,10.13,91.77,831.02,12.22
2026-08-29 01:00:00,16.11,89.06,858.4,14.95
2026-10-06 00:00:00,13.83,84.62,883.89,13.39
2026-03-16 10:00:00,21.96,85.81,910.83,15.01
2026-01-16 13:00:00,25.93,73.12,833.24,15.75
2026-12-03 10:00:00,26.69,78.4,879.5,17.17
2026-05-07 18:00:00,20.81,86.01,819.04,16.33
2026-12-15 19:00:00,15.12,75.54,832.74,12.91
2026-03-16 14:00:00,19.89,83.94,813.19,15.27
2026-12-13 07:00:00,24.77,70.39,872.19,15.28
2026-02-01 20:00:00,,80.34,813.46,11.97
2026-12-29 18:00:00,16.6,88.89,909.49,14.51
2026-12-03 14:00:00,30.39,77.15,916.79,16.6
2026-01-08 05:00:00,29.97,82.41,904.43,17.26
2026-05-31 23:00:00,27.63,77.57,930.37,16.34
2026-05-10 23:00:00,18.75,81.55,944.31,14.62
2026-11-25 18:00:00,20.74,90.08,886.0,15.37
2026-03-05 06:00:00,8.52,,861.31,11.79
2026-10-03 03:00:00,18.24,84.09,903.99,15.2
2026-01-23 09:00:00,12.9,69.1,824.53,12.27
2026-11-24 10:00:00,13.93,89.19,940.9,14.68
2026-03-01 15:00:00,13.77,69.64,944.57,13.86
2026-06-13 05:00:00,22.57,90.87,919.11,14.84
2026-08-23 20:00:00,27.13,85.45,919.01,16.51
2026-02-26 09:00:00,18.37,72.46,944.75,13.26
2026-03-18 04:00:00,25.05,88.01,806.98,17.97
2026-09-02 10:00:00,9.56,88.97,803.43,11.68
2026-09-17 01:00:00,23.97,73.1,842.7,16.98
2026-07-23 16:00:00,15.49,87.26,845.82,13.72
2026-12-15 02:00:00,20.95,71.52,931.03,15.08
2026-03-18 21:00:00,24.66,84.22,891.3,15.19
2026-05-11 12:00:00,12.82,80.16,832.95,13.24
2026-09-28 09:00:00,27.43,73.6,918.7,16.45
2026-02-02 15:00:00,14.73,82.22,,12.9
2026-06-06 13:00:00,32.76,90.61,931.42,18.07
2026-02-02 13:00:00,11.7,82.09,853.76,12.71
2026-06-23 03:00:00,9.68,79.49,872.99,10.75
2026-06-12 07:00:00,24.78,93.23,852.55,17.11
2026-01-27 07:00:00,12.47,77.07,921.39,12.0
2026-06-20 04:00:00,13.44,87.62,854.57,13.34
2026-10-20 08:00:00,20.58,85.97,,14.86
2026-10-28 13:00:00,29.34,77.01,928.92,17.43
2026-06-07 22:00:00,29.73,88.89,928.63,16.21
2026-02-28 11:00:00,15.11,70.46,871.53,13.28
2026-07-21 05:00:00,17.6,90.12,933.12,14.95
2026-11-26 07:00:00,19.66,89.35,892.77,14.98
2026-05-07 14:00:00,20.53,90.68,905.87,15.57
2026-04-23 05:00:00,24.31,79.01,838.91,15.86
2026-04-08 10:00:00,11.27,72.95,879.73,11.33
2026-02-12 04:00:00,31.4,86.84,818.49,18.61
2026-04-18 01:00:00,15.56,72.69,893.81,12.99
2026-09-08 17:00:00,12.98,82.05,841.57,13.32
2026-03-13 23:00:00,19.44,83.46,870.14,14.4
2026-05-25 22:00:00,19.9,73.06,940.39,13.64
2026-08-16 03:00:00,,75.37,810.24,18.28
2026-06-04 08:00:00,29.7,83.96,917.94,17.16
2026-05-18 22:00:00,8.39,73.28,896.47,10.65
2026-10-15 05:00:00,13.37,89.45,917.92,13.27
2026-11-22 19:00:00,15.91,94.1,900.11,14.99
2026-02-19 19:00:00,28.19,82.78,837.83,17.55
2026-12-11 02:00:00,23.89,70.39,840.37,16.73
2026-08-28 07:00:00,14.31,89.56,912.09,12.91
2026-01-06 09:00:00,,86.2,835.23,17.38
2026-08-25 06:00:00,25.41,81.29,805.88,16.83
2026-11-28 16:00:00,24.3,82.64,881.03,15.62
2026-08-21 00:00:00,28.24,80.87,853.12,17.52
2026-07-09 20:00:00,,80.49,934.51,17.42
2026-09-17 08:00:00,26.95,68.78,823.02,16.16
2026-08-07 18:00:00,18.16,71.08,820.16,14.04
2026-09-06 02:00:00,11.24,86.14,823.83,12.06
2026-04-04 10:00:00,19.3,78.91,872.56,14.37
2026-07-17 00:00:00,28.37,86.81,936.65,17.79
2026-11-26 02:00:00,19.06,,874.37,14.84
2026-01-28 18:00:00,9.64,74.03,848.57,11.83
2026-03-19 20:00:00,25.77,90.61,867.82,16.54
2026-09-23 21:00:00,27.6,68.61,917.85,16.34
2026-12-14 06:00:00,,71.08,863.76,14.51
2026-09-19 10:00:00,27.94,68.56,916.82,17.25
2026-02-16 02:00:00,30.89,87.19,927.29,17.26
2026-06-21 18:00:00,,78.86,850.86,11.78
2026-03-19 04:00:00,24.79,90.96,,16.56
2026-06-06 05:00:00,27.61,87.09,813.59,18.2
2026-01-26 16:00:00,10.59,69.16,916.34,13.05
2026-07-13 09:00:00,29.73,79.22,917.84,17.6
2026-04-06 11:00:00,,70.57,830.39,13.47
2026-07-12 03:00:00,26.93,77.98,899.81,16.14
2026-09-21 14:00:00,29.07,65.54,898.35,17.15
2026-11-26 22:00:00,21.44,,894.77,16.23
2026-07-26 10:00:00,12.19,87.8,920.57,12.78
2026-12-30 05:00:00,17.25,89.23,945.76,13.03
2026-10-14 10:00:00,9.81,89.26,878.35,12.18
2026-09-08 12:00:00,12.75,86.16,899.83,13.21
2026-02-22 11:00:00,23.75,80.88,937.56,15.65
2026-03-28 23:00:00,26.5,88.75,909.4,16.43
2026-10-12 10:00:00,8.12,89.35,917.48,11.08
2026-07-21 20:00:00,19.86,91.72,,15.35
2026-03-23 14:00:00,,92.96,825.13,18.41
2026-07-18 15:00:00,23.16,89.27,832.01,16.1
2026-08-26 20:00:00,17.79,82.94,918.77,12.45
2026-03-11 12:00:00,15.61,79.96,852.21,12.87
2026-01-05 03:00:00,26.17,84.4,930.29,16.58
2026-03-26 23:00:00,26.17,90.71,843.54,16.65
2026-09-08 08:00:00,13.97,79.96,853.01,12.85
2026-04-17 16:00:00,13.81,73.94,905.14,12.48
2026-06-03 02:00:00,29.3,80.02,808.18,18.28
2026-04-21 12:00:00,22.5,79.24,846.36,15.89
2026-05-30 03:00:00,23.55,,914.94,16.34
2026-05-16 20:00:00,9.8,72.94,887.37,11.46
2026-12-13 19:00:00,22.32,,924.04,14.42
2026-12-16 05:00:00,16.29,77.04,831.09,14.53
2026-01-24 06:00:00,13.01,70.12,857.59,12.71
2026-04-03 14:00:00,18.82,77.12,833.41,13.75
2026-02-05 11:00:00,17.39,88.32,852.55,14.19
2026-05-10 03:00:00,18.5,84.07,,14.59
2026-09-13 00:00:00,19.02,77.94,812.96,14.02
2026-05-31 22:00:00,24.54,76.86,857.98,15.99
2026-07-28 10:00:00,7.61,85.67,847.45,11.0
2026-05-04 18:00:00,23.47,87.42,814.26,16.42
2026-10-23 13:00:00,27.56,75.62,864.09,17.51
2026-07-19 17:00:00,22.14,90.43,,16.11
2026-07-08 04:00:00,27.67,73.02,905.45,17.42
2026-06-13 00:00:00,23.62,89.3,885.78,15.78
2026-09-11 16:00:00,17.34,82.22,943.15,13.56
2026-09-10 15:00:00,18.88,,904.22,13.97
2026-10-20 05:00:00,21.51,,853.75,15.56
2026-06-06 08:00:00,31.66,85.43,,18.55
2026-12-13 04:00:00,19.97,68.62,914.99,15.56
2026-10-17 08:00:00,12.93,84.79,,13.25
2026-09-14 15:00:00,19.63,73.25,,13.16
2026-10-30 06:00:00,30.88,72.93,940.74,18.39
2026-11-02 05:00:00,28.65,72.7,821.74,16.95
2026-09-27 19:00:00,27.18,74.67,817.56,16.95
2026-06-13 09:00:00,21.81,90.15,928.18,16.1
2026-09-29 07:00:00,25.38,76.4,833.56,17.05
2026-10-17 16:00:00,13.95,86.49,880.63,12.84
2026-07-26 23:00:00,12.89,88.73,934.9,13.31
2026-09-20 04:00:00,29.9,68.32,925.31,17.89
2026-10-28 16:00:00,29.09,72.98,926.8,15.85
2026-09-10 11:00:00,15.94,82.17,827.99,13.17
2026-08-09 22:00:00,24.57,68.79,946.44,16.7
2026-04-27 22:00:00,29.46,87.8,944.23,17.91
2026-01-30 19:00:00,12.51,79.1,922.98,11.88
2026-11-24 13:00:00,18.64,89.26,840.89,15.36
2026-04-05 15:00:00,13.77,76.14,919.31,12.37
2026-10-29 07:00:00,32.53,,854.15,18.52
2026-03-19 09:00:00,26.48,87.85,944.83,16.63
2026-11-22 06:00:00,15.39,,920.62,13.47
2026-12-08 11:00:00,29.36,72.37,937.73,17.31
2026-01-05 11:00:00,27.21,86.01,866.01,16.34
2026-01-15 20:00:00,25.52,76.58,928.6,17.0
2026-10-20 01:00:00,22.29,82.57,801.92,15.13
2026-08-02 03:00:00,12.33,79.15,836.05,12.2
2026-02-04 03:00:00,17.63,84.76,935.2,14.28
2026-06-02 01:00:00,,76.23,814.63,17.39
2026-05-20 18:00:00,10.32,69.91,918.55,12.35
2026-08-29 05:00:00,14.61,91.54,941.66,12.75
2026-11-03 11:00:00,27.32,73.7,930.71,16.5
2026-03-13 15:00:00,17.02,81.81,944.39,13.17
2026-11-10 20:00:00,14.3,79.11,926.13,13.34
2026-11-07 00:00:00,23.02,76.66,940.72,15.35
2026-01-13 14:00:00,29.4,77.1,850.32,17.42
2026-08-06 10:00:00,16.58,72.92,835.33,13.17
2026-09-16 05:00:00,23.83,72.27,909.51,14.74
2026-09-21 13:00:00,27.72,70.03,921.12,16.28
2026-12-30 10:00:00,,90.02,918.32,13.96
2026-11-06 03:00:00,21.49,72.32,908.21,15.2
2026-03-27 06:00:00,28.58,86.85,881.94,17.13
2026-05-19 21:00:00,11.46,70.47,887.74,11.7
2026-07-24 17:00:00,13.91,89.48,937.25,12.49
2026-03-22 17:00:00,30.41,94.28,931.17,17.77
2026-12-12 08:00:00,21.4,70.38,866.46,13.55
2026-03-26 02:00:00,30.38,89.73,892.87,18.16
2026-09-04 13:00:00,7.2,87.17,871.65,10.58
2026-05-12 21:00:00,10.83,,889.87,11.03
2026-08-12 02:00:00,25.69,64.9,801.39,16.39
2026-01-03 21:00:00,23.78,86.53,898.43,15.75
2026-07-29 21:00:00,8.97,86.0,803.66,11.49
2026-07-02 10:00:00,20.34,71.22,830.22,15.08
2026-06-07 04:00:00,28.21,87.65,880.45,16.94
2026-09-20 15:00:00,31.12,69.13,923.07,17.62
2026-02-19 12:00:00,,81.44,,17.96
2026-07-20 09:00:00,19.98,85.15,876.08,13.74
2026-03-07 17:00:00,12.25,75.97,820.84,11.71
2026-01-18 21:00:00,18.0,73.9,949.54,12.73
2026-11-23 18:00:00,18.08,,829.35,14.76
2026-01-11 13:00:00,31.25,,907.4,17.74
2026-07-01 10:00:00,18.79,75.49,803.8,14.37
2026-10-15 22:00:00,10.41,87.12,808.01,11.69
2026-10-06 22:00:00,12.98,88.91,846.85,12.79
2026-04-23 14:00:00,28.1,80.49,809.79,16.35
2026-05-24 22:00:00,12.12,72.91,818.69,11.58
2026-10-03 11:00:00,18.49,85.76,802.07,13.69
2026-08-28 17:00:00,13.82,87.48,848.72,13.01
2026-06-08 16:00:00,29.16,85.19,804.19,18.51
2026-01-29 23:00:00,9.91,76.3,860.72,12.07
2026-06-03 11:00:00,31.44,79.26,877.23,18.7
2026-07-10 22:00:00,29.92,76.28,917.38,16.87
2026-09-20 19:00:00,30.81,71.62,834.86,18.1
2026-05-12 20:00:00,11.78,,845.56,12.13
2026-11-10 14:00:00,16.04,77.57,911.36,14.48
2026-03-23 20:00:00,30.82,91.21,942.74,17.93
2026-06-24 00:00:00,10.05,79.39,865.09,12.15
2026-05-16 14:00:00,10.79,74.49,,12.03
2026-09-20 21:00:00,29.61,69.1,,17.75
2026-03-10 16:00:00,15.0,78.82,859.36,12.5
2026-07-01 00:00:00,16.5,70.98,914.04,12.74
2026-01-21 14:00:00,,70.45,881.7,15.14
2026-02-16 06:00:00,,86.47,938.08,17.94
2026-10-25 11:00:00,,72.8,911.57,17.15
2026-08-04 23:00:00,15.59,,876.91,13.58
2026-11-01 07:00:00,29.03,65.96,888.3,17.41
2026-04-24 13:00:00,26.43,83.04,942.78,16.68
2026-04-12 14:00:00,9.56,70.97,883.86,11.24
2026-12-24 03:00:00,10.86,82.28,841.45,13.38
2026-09-01 13:00:00,10.33,94.19,899.79,12.52
2026-03-26 10:00:00,31.93,90.82,945.9,18.63
2026-07-30 09:00:00,9.76,85.71,850.8,13.38
2026-04-14 04:00:00,10.8,67.75,888.08,11.67
2026-04-06 12:00:00,13.43,74.64,853.47,13.06
2026-04-15 15:00:00,13.39,70.24,865.99,12.61
2026-05-17 17:00:00,10.05,72.89,919.58,10.97
2026-10-17 06:00:00,17.44,84.81,845.89,13.66
2026-02-03 00:00:00,14.75,85.01,881.94,12.55
2026-11-04 18:00:00,23.64,75.07,816.8,17.15
2026-05-30 01:00:00,24.07,76.63,872.85,15.21
2026-07-28 17:00:00,9.98,86.23,877.01,11.83
2026-03-08 02:00:00,10.98,74.91,802.53,11.33
2026-05-20 12:00:00,12.03,70.92,871.21,12.19
2026-11-17 02:00:00,9.76,88.55,803.28,10.36
2026-09-28 22:00:00,25.3,78.22,892.28,15.74
2026-10-08 02:00:00,11.61,85.54,,11.59
2026-05-04 01:00:00,29.51,90.36,916.21,18.74
2026-05-11 23:00:00,13.83,79.33,939.15,13.08
2026-06-19 20:00:00,11.24,81.76,889.04,12.51
2026-11-04 07:00:00,27.78,71.31,941.92,17.39
2026-01-16 05:00:00,24.4,73.06,817.78,16.21
2026-10-08 04:00:00,10.29,89.27,819.32,12.68
2026-07-13 20:00:00,29.34,83.01,857.81,16.55
2026-03-27 15:00:00,27.0,86.96,836.15,18.34
2026-01-25 15:00:00,10.38,73.15,882.04,12.0
2026-07-23 14:00:00,14.12,89.96,859.22,13.94
2026-01-25 00:00:00,11.99,74.4,907.08,11.72
2026-11-02 09:00:00,,66.57,811.15,17.35
2026-01-01 23:00:00,19.51,87.56,906.63,14.62
2026-10-04 20:00:00,13.42,85.26,809.28,13.87
2026-06-07 13:00:00,28.64,86.05,832.93,17.83
2026-05-08 16:00:00,17.85,,891.1,14.5
2026-12-21 22:00:00,9.17,83.07,875.3,11.47
2026-03-10 11:00:00,13.64,76.24,882.99,12.23
2026-08-18 10:00:00,28.17,75.62,897.33,15.94
2026-03-25 19:00:00,28.44,92.3,862.1,17.65
2026-12-15 05:00:00,16.11,72.69,895.39,12.56
2026-05-17 01:00:00,13.01,74.86,877.92,12.55
2026-11-12 05:00:00,9.84,82.99,915.06,10.31
2026-01-03 15:00:00,22.57,87.89,823.76,15.94
2026-10-14 19:00:00,11.94,,939.19,12.43
2026-05-18 19:00:00,10.67,,923.18,10.75
2026-10-31 15:00:00,30.63,67.4,839.87,17.62
2026-01-14 20:00:00,27.0,72.27,924.17,17.17
2026-11-05 13:00:00,25.34,66.68,879.21,15.95
2026-12-31 06:00:00,18.98,93.02,819.76,14.38
2026-02-17 18:00:00,27.69,85.67,862.35,16.69
2026-07-10 18:00:00,29.04,75.59,862.57,17.57
2026-04-02 07:00:00,20.6,81.97,905.09,14.44
2026-11-29 03:00:00,26.86,83.23,932.26,17.09
2026-08-03 11:00:00,12.67,76.74,,12.96
2026-10-04 05:00:00,16.5,85.32,845.47,14.4
2026-03-06 02:00:00,8.25,73.42,876.01,10.88
2026-04-21 23:00:00,21.08,78.45,930.68,14.05
2026-03-03 18:00:00,13.25,69.15,846.35,12.57
2026-02-19 14:00:00,27.92,83.44,830.1,16.99
2026-10-31 21:00:00,27.41,69.05,854.65,16.19
2026-07-21 11:00:00,18.88,88.82,883.16,15.27
2026-05-20 22:00:00,12.04,68.96,866.6,12.55
2026-02-06 01:00:00,,86.3,934.88,13.97
2026-04-24 16:00:00,25.48,82.02,890.63,16.28
2026-10-06 19:00:00,11.28,87.92,884.17,12.57
2026-08-29 12:00:00,15.7,,842.8,14.74
2026-06-10 01:00:00,25.54,89.2,808.63,17.18
2026-12-21 01:00:00,12.29,78.75,900.94,10.56
2026-10-03 02:00:00,19.04,80.96,876.04,15.38
2026-09-08 19:00:00,14.23,83.01,908.45,14.66
2026-05-21 22:00:00,12.66,70.86,949.17,11.12
2026-02-27 03:00:00,18.58,69.53,900.52,13.73
2026-06-27 12:00:00,13.94,72.51,874.85,12.58
2026-01-18 23:00:00,17.44,67.02,857.39,13.05
2026-03-22 00:00:00,26.38,88.19,944.36,16.76
2026-10-10 04:00:00,6.74,90.87,851.2,11.9
2026-11-26 06:00:00,21.93,87.8,,13.88
2026-12-18 17:00:00,14.52,75.39,916.96,12.69
2026-12-02 21:00:00,29.79,76.03,846.69,17.75
2026-02-25 23:00:00,19.71,71.37,,14.03
2026-02-08 20:00:00,,94.71,833.23,14.69
2026-03-02 03:00:00,10.06,70.17,833.62,12.53
2026-12-13 14:00:00,18.98,69.84,839.86,14.87
2026-12-14 17:00:00,18.79,68.51,828.77,13.69
2026-09-14 14:00:00,22.04,75.2,,14.98
2026-01-01 05:00:00,20.01,89.08,861.27,15.72
2026-08-17 23:00:00,27.98,73.29,809.53,17.39
2026-06-20 10:00:00,9.6,85.32,849.59,11.0
2026-10-06 18:00:00,13.09,90.71,852.34,13.13
2026-07-14 14:00:00,29.69,81.68,834.3,17.35
2026-11-29 01:00:00,27.48,81.65,943.95,17.11
2026-12-26 00:00:00,9.2,87.34,897.54,10.74
2026-11-09 05:00:00,16.64,78.38,906.55,14.71
2026-09-11 22:00:00,17.46,80.14,809.28,15.42
2026-01-14 14:00:00,28.93,78.98,886.98,16.5
2026-01-27 22:00:00,5.99,72.45,924.42,10.89
2026-06-09 15:00:00,26.33,92.03,819.98,17.13
2026-10-29 06:00:00,28.44,68.49,872.75,16.83
2026-06-25 02:00:00,,74.0,896.56,10.54
2026-12-27 01:00:00,11.35,86.86,808.93,12.91
2026-03-26 07:00:00,27.34,90.42,871.6,18.08
2026-01-17 18:00:00,22.56,72.8,,16.08
2026-03-18 06:00:00,26.38,86.75,856.17,17.56
2026-11-06 08:00:00,18.82,73.81,934.58,15.41
2026-03-24 10:00:00,28.83,88.97,857.79,17.85
2026-09-28 14:00:00,23.6,74.12,883.54,14.48
2026-06-10 09:00:00,24.01,,861.86,14.75
2026-12-25 22:00:00,11.36,81.9,890.69,12.23
2026-03-10 07:00:00,11.16,72.24,850.78,11.26
2026-09-16 17:00:00,24.3,74.01,844.17,16.25
2026-09-24 22:00:00,29.09,69.06,880.75,18.08
2026-07-07 23:00:00,,73.03,818.25,17.06
2026-10-04 16:00:00,13.49,84.66,857.6,12.63
2026-09-27 22:00:00,25.72,73.34,949.61,15.42
2026-12-12 12:00:00,23.28,74.93,944.14,15.74
2026-09-17 22:00:00,25.79,,942.59,16.68
2026-05-13 08:00:00,10.69,80.74,913.47,11.1
2026-01-18 05:00:00,23.7,,829.56,14.82
2026-01-22 11:00:00,15.88,66.43,939.0,12.57
2026-09-06 23:00:00,10.04,83.11,823.16,11.92
2026-06-17 03:00:00,13.11,88.52,,12.64
2026-05-31 06:00:00,25.53,76.72,891.4,16.25
2026-08-20 14:00:00,28.21,78.71,868.93,16.77
2026-04-29 19:00:00,31.25,94.24,932.62,18.92
2026-09-23 22:00:00,28.97,67.2,832.95,18.29
2026-02-09 16:00:00,23.31,87.34,864.88,16.25
2026-10-19 17:00:00,16.89,,914.7,14.56
2026-05-13 02:00:00,11.78,78.56,945.86,11.6
2026-03-04 15:00:00,10.22,70.07,852.12,11.56
2026-09-26 07:00:00,28.83,75.01,853.29,16.48
2026-08-14 22:00:00,30.69,70.61,940.0,18.08
2026-11-20 19:00:00,12.49,92.52,895.34,13.01
2026-11-17 00:00:00,10.86,81.89,910.32,10.44
2026-02-25 22:00:00,18.65,68.55,830.76,14.41
2026-09-15 19:00:00,25.64,73.1,860.86,16.11
2026-05-29 01:00:00,27.24,71.54,912.95,16.17
2026-01-01 14:00:00,18.42,92.83,928.23,14.08
2026-08-17 16:00:00,28.89,74.55,851.83,16.41
2026-04-20 15:00:00,20.93,77.94,915.37,14.9
2026-04-23 08:00:00,26.33,,838.08,17.54
2026-12-19 00:00:00,10.92,73.92,863.8,11.95
2026-10-30 08:00:00,29.65,68.09,899.9,18.15
2026-11-17 16:00:00,11.81,90.4,863.66,12.29
2026-01-22 15:00:00,15.64,69.6,,14.11
2026-04-22 14:00:00,23.67,80.85,830.12,16.48
2026-02-26 01:00:00,15.56,71.53,921.61,14.91
2026-01-13 23:00:00,29.55,74.73,900.36,17.82
2026-07-21 17:00:00,18.43,89.98,860.67,14.55
2026-07-23 11:00:00,16.18,87.33,932.34,13.82
2026-12-26 18:00:00,10.52,86.49,815.16,12.43
2026-07-30 03:00:00,8.79,83.22,899.57,11.26
2026-06-08 00:00:00,29.17,89.0,942.74,18.15
2026-10-29 21:00:00,28.97,74.24,889.53,17.8
2026-11-08 17:00:00,17.9,75.93,859.77,14.21
2026-10-05 07:00:00,16.95,87.69,808.14,13.44
2026-08-01 22:00:00,10.64,78.11,938.32,11.65
2026-11-15 10:00:00,9.46,87.78,915.46,12.45
2026-08-22 10:00:00,25.77,78.81,949.95,16.27
2026-07-09 13:00:00,29.03,72.69,807.45,17.42
2026-09-06 17:00:00,9.93,,850.32,12.57
2026-07-13 10:00:00,29.18,81.13,882.65,16.76
2026-01-01 20:00:00,23.63,88.45,817.3,16.38
2026-04-13 10:00:00,11.37,71.41,874.88,12.28
2026-12-28 17:00:00,14.85,86.35,850.21,13.47
2026-03-12 08:00:00,16.01,78.34,865.16,13.03
2026-07-14 11:00:00,31.31,80.7,837.46,18.24
2026-05-26 09:00:00,16.56,70.86,866.58,13.9
2026-08-24 05:00:00,20.78,,819.97,16.14
2026-09-07 12:00:00,12.09,85.96,933.46,12.08
2026-09-21 00:00:00,27.77,72.21,897.07,17.92
2026-07-16 03:00:00,26.39,85.29,843.23,16.09
2026-10-08 20:00:00,8.03,88.75,895.25,11.85
2026-08-25 20:00:00,19.82,84.55,863.78,14.96
2026-01-27 04:00:00,10.3,75.94,938.84,10.77
2026-12-30 03:00:00,17.75,94.77,935.56,14.04
2026-09-24 12:00:00,29.64,70.32,812.49,18.15
2026-06-10 21:00:00,24.28,,875.17,16.7
2026-12-14 20:00:00,18.95,73.33,932.58,14.75
2026-08-21 04:00:00,27.13,75.88,803.22,17.3
2026-02-02 22:00:00,14.87,84.5,810.3,13.77
2026-03-29 19:00:00,26.55,83.5,928.72,16.64
2026-01-02 23:00:00,24.89,89.48,947.01,15.25
2026-07-29 14:00:00,8.16,83.26,944.08,10.42
2026-06-13 04:00:00,,91.18,896.44,15.31
2026-07-20 07:00:00,21.73,87.56,931.55,15.72
2026-10-17 09:00:00,17.31,89.34,845.0,14.96
2026-08-11 23:00:00,26.9,69.06,847.78,16.73
2026-01-06 12:00:00,26.52,84.71,897.53,17.5
2026-12-16 03:00:00,16.31,75.63,844.04,13.7
2026-09-22 03:00:00,29.9,,934.6,15.8
2026-10-11 10:00:00,6.52,89.96,817.66,11.34
2026-06-01 17:00:00,28.06,80.83,933.66,17.04
2026-09-28 05:00:00,29.43,72.62,868.03,17.05
2026-03-21 10:00:00,26.58,91.36,852.12,17.2
2026-09-02 23:00:00,10.77,88.51,909.26,12.55
2026-11-27 18:00:00,26.08,87.68,860.79,16.7
2026-09-18 15:00:00,,72.92,849.02,14.04
2026-04-14 05:00:00,13.36,70.48,845.59,12.88
2026-10-06 17:00:00,,,937.36,12.75
2026-05-26 03:00:00,18.43,73.04,901.12,13.45
2026-03-25 09:00:00,29.55,90.25,912.49,18.36
2026-06-18 09:00:00,14.6,83.74,949.64,13.33
2026-11-18 11:00:00,11.66,88.64,839.1,13.34
2026-03-29 13:00:00,24.59,82.75,907.58,15.67
2026-12-12 07:00:00,,68.84,815.55,14.47
2026-06-23 00:00:00,10.15,82.46,856.89,12.29
2026-08-15 19:00:00,28.94,71.98,804.12,17.72
2026-07-31 08:00:00,11.24,82.44,850.44,12.51
2026-04-16 14:00:00,13.15,68.51,853.21,13.1
2026-01-10 14:00:00,28.87,84.06,854.13,18.37
2026-05-10 14:00:00,15.13,86.7,884.25,12.87
2026-05-02 04:00:00,28.37,89.78,,16.92
2026-02-23 16:00:00,20.19,76.46,858.19,14.47
2026-02-19 22:00:00,27.72,82.49,,17.2
2026-05-30 22:00:00,26.77,75.62,946.61,17.29
2026-12-07 04:00:00,26.38,72.92,807.2,17.13
2026-11-09 15:00:00,16.12,77.31,914.13,14.46
2026-02-27 22:00:00,15.5,71.07,893.04,13.25
2026-11-07 17:00:00,20.29,72.66,851.35,13.74
2026-09-17 16:00:00,26.34,72.21,830.4,16.42
2026-06-03 09:00:00,28.97,80.72,839.2,16.19
2026-08-05 10:00:00,12.97,73.66,901.46,12.92
2026-02-05 00:00:00,17.38,82.13,942.73,13.63
2026-11-05 21:00:00,22.89,71.02,936.41,15.17
2026-08-04 00:00:00,14.09,78.6,808.85,13.23
2026-07-29 12:00:00,11.95,86.65,943.08,10.9
2026-09-30 20:00:00,22.11,72.44,835.12,14.67
2026-09-29 11:00:00,22.74,70.7,937.94,15.18
2026-04-28 23:00:00,28.55,86.08,942.71,16.92
2026-01-29 14:00:00,9.86,75.6,848.11,12.1
2026-02-13 05:00:00,,89.91,907.55,17.07
2026-12-02 13:00:00,28.65,76.46,947.25,17.19
2026-01-28 05:00:00,8.34,74.43,874.43,11.19
2026-01-25 04:00:00,11.99,69.89,853.61,12.49
2026-06-05 07:00:00,,87.5,830.48,19.07
2026-03-05 00:00:00,9.04,74.5,899.72,11.61
2026-01-13 08:00:00,29.86,76.3,835.32,17.94
2026-09-14 07:00:00,20.08,71.94,912.74,15.42
2026-07-20 08:00:00,,,842.11,16.05
2026-04-02 13:00:00,19.51,79.98,931.37,13.99
2026-03-04 04:00:00,9.58,71.27,928.9,11.93
2026-10-09 07:00:00,9.2,92.59,841.46,12.24
2026-05-25 03:00:00,15.1,70.83,883.05,12.98
2026-04-25 18:00:00,27.76,84.73,815.52,17.13
2026-02-21 09:00:00,29.35,75.94,903.98,17.42
2026-02-13 01:00:00,,87.35,822.98,18.26
2026-11-24 12:00:00,21.43,87.64,937.64,14.05
2026-12-19 11:00:00,14.03,74.17,874.7,13.08
2026-08-16 14:00:00,31.6,74.23,848.97,19.68
2026-07-14 01:00:00,27.72,80.08,803.44,17.11
2026-10-15 07:00:00,11.98,88.71,900.17,13.4
2026-07-20 20:00:00,19.58,89.67,818.09,15.43
2026-03-20 16:00:00,27.58,88.57,916.82,16.19
2026-10-29 11:00:00,31.91,71.79,894.67,18.17
2026-07-17 01:00:00,25.96,85.14,845.86,16.91
2026-11-16 04:00:00,12.06,86.95,801.32,13.02
2026-04-22 05:00:00,23.86,80.65,945.64,15.33
2026-01-13 07:00:00,27.51,75.34,865.63,16.87
2026-07-01 02:00:00,17.55,66.53,924.98,13.53
2026-04-23 01:00:00,25.18,77.47,932.87,15.87
2026-06-15 14:00:00,18.23,87.85,800.91,15.6
2026-09-08 05:00:00,13.39,85.68,897.37,12.58
2026-05-25 19:00:00,16.04,69.86,827.18,13.21
2026-04-30 07:00:00,30.95,87.4,942.69,18.0
2026-08-01 06:00:00,10.67,80.69,892.87,11.99
2026-11-21 09:00:00,13.62,,920.29,12.53
2026-11-09 04:00:00,15.8,,884.3,12.51
2026-10-22 14:00:00,,,819.12,17.03
2026-11-13 16:00:00,10.85,81.71,883.17,10.58
2026-02-08 01:00:00,25.0,86.05,,17.55
2026-02-20 08:00:00,24.78,80.68,889.17,16.44
2026-12-31 07:00:00,20.18,91.77,865.6,14.92
2026-04-11 04:00:00,12.52,74.71,916.03,11.77
2026-03-11 07:00:00,13.14,77.41,861.43,14.19
2026-02-06 10:00:00,19.81,87.88,946.34,14.58
2026-07-27 04:00:00,9.54,90.78,949.91,11.47
2026-09-06 14:00:00,12.01,87.59,929.79,11.81
2026-08-06 00:00:00,15.13,72.09,850.11,13.4
2026-03-22 02:00:00,27.79,89.52,899.81,18.06
2026-09-16 03:00:00,24.19,73.92,816.19,15.84
2026-06-02 16:00:00,30.92,80.29,880.87,18.62
2026-12-01 07:00:00,27.01,81.63,922.79,17.18
2026-03-02 15:00:00,8.88,68.07,,10.35
2026-05-10 21:00:00,15.27,,,13.95
2026-01-04 06:00:00,,91.6,934.3,17.18
2026-02-02 23:00:00,14.59,83.99,821.77,13.35
2026-05-01 04:00:00,25.52,90.76,939.26,17.19
2026-04-17 02:00:00,12.4,72.05,853.04,12.26
2026-06-27 00:00:00,12.64,74.69,890.43,11.34
2026-02-03 15:00:00,14.54,85.81,918.38,13.86
2026-10-07 19:00:00,12.04,87.71,835.21,11.75
2026-07-11 03:00:00,31.34,,,18.33
2026-08-23 09:00:00,24.56,82.37,932.5,15.5
2026-07-10 10:00:00,28.9,75.0,910.21,17.41
2026-08-15 20:00:00,30.9,,815.43,18.31
2026-05-10 02:00:00,17.51,83.29,862.17,13.67
2026-03-12 04:00:00,13.56,79.74,898.34,13.8
2026-07-12 05:00:00,29.18,79.5,889.72,16.9
2026-04-15 00:00:00,11.48,65.36,844.84,11.91
2026-06-11 13:00:00,24.83,91.66,859.91,15.33
2026-12-28 15:00:00,12.16,85.87,844.82,12.54
2026-12-08 09:00:00,28.08,74.84,815.01,17.12
2026-03-20 18:00:00,29.19,88.9,881.52,17.1
2026-02-14 15:00:00,30.57,86.44,823.99,18.11
2026-01-04 14:00:00,27.16,87.81,887.8,17.65
2026-06-06 19:00:00,30.82,85.58,813.68,17.18
2026-07-10 21:00:00,28.44,75.88,853.54,16.94
2026-11-26 14:00:00,,83.58,893.46,15.58
2026-07-27 14:00:00,11.18,85.87,827.07,12.22
2026-02-26 17:00:00,17.55,71.0,854.98,14.31
2026-02-05 01:00:00,18.53,89.11,811.4,15.46
2026-06-26 04:00:00,11.56,73.49,861.61,13.24
2026-05-20 16:00:00,11.79,69.7,918.78,12.1
2026-10-18 21:00:00,20.1,84.85,944.73,15.94
2026-11-29 14:00:00,,83.07,886.09,17.75
2026-10-07 02:00:00,10.33,85.96,894.93,10.88
2026-06-22 18:00:00,10.64,79.24,840.92,11.69
2026-12-25 04:00:00,10.14,80.52,886.32,11.27
2026-05-01 13:00:00,29.78,93.21,834.37,17.63
2026-01-04 23:00:00,24.1,86.85,881.57,16.19
2026-02-15 16:00:00,30.12,85.3,,19.0
2026-06-29 08:00:00,12.88,71.3,,11.89
2026-02-20 11:00:00,25.69,81.76,841.83,16.35
2026-01-19 15:00:00,17.94,,886.72,14.0
2026-06-19 13:00:00,13.66,,831.22,12.33
2026-06-05 18:00:00,29.38,85.03,821.75,18.53
2026-10-06 03:00:00,14.29,84.98,934.52,12.93
2026-05-29 16:00:00,24.79,74.24,941.54,16.9
2026-03-12 10:00:00,16.59,80.06,931.3,13.88
2026-03-04 01:00:00,12.38,70.19,835.33,13.15
2026-11-13 02:00:00,9.97,82.78,849.01,11.98
2026-02-20 17:00:00,26.82,78.17,923.01,16.29
2026-03-09 00:00:00,11.9,71.5,857.68,12.0
2026-06-02 07:00:00,29.39,80.04,948.75,17.64
2026-11-17 06:00:00,9.37,89.06,809.27,11.17
2026-12-12 19:00:00,23.12,68.48,808.85,16.82
2026-06-08 02:00:00,28.73,87.16,892.56,17.59
2026-10-01 22:00:00,19.9,76.17,835.26,14.74
2026-10-15 01:00:00,12.36,89.28,888.4,11.98
2026-03-02 19:00:00,12.38,71.04,917.43,12.19
2026-07-01 13:00:00,17.91,69.98,821.49,14.15
2026-07-05 12:00:00,26.69,71.34,867.96,16.32
2026-11-08 02:00:00,18.03,78.9,901.15,13.45
2026-02-21 03:00:00,25.61,75.77,939.53,16.97
2026-03-28 18:00:00,24.82,84.75,907.59,15.79
2026-08-07 00:00:00,16.75,74.08,876.38,13.44
2026-03-28 00:00:00,28.24,85.03,894.99,16.9
2026-03-21 02:00:00,29.51,90.86,857.97,18.04
2026-07-24 09:00:00,15.52,88.66,923.92,13.04
2026-09-01 17:00:00,10.17,93.0,842.48,11.76
2026-09-17 21:00:00,26.96,74.23,858.28,16.77
2026-09-10 05:00:00,15.96,,815.57,14.16
2026-08-25 08:00:00,,87.6,909.61,15.66
2026-10-06 05:00:00,,90.04,904.66,13.5
2026-11-13 03:00:00,12.72,83.54,818.98,13.4
2026-08-03 22:00:00,13.29,78.46,820.51,13.08
2026-08-20 23:00:00,28.91,72.9,937.19,18.14
2026-06-18 15:00:00,,84.8,867.88,13.8
2026-09-03 12:00:00,8.01,84.63,892.51,10.44
2026-09-16 09:00:00,,72.83,826.39,15.47
2026-04-28 09:00:00,30.33,88.82,933.51,18.19
2026-08-11 06:00:00,24.19,69.87,841.46,16.37
2026-07-30 21:00:00,11.73,86.43,821.6,13.22
2026-12-16 20:00:00,16.27,72.21,,13.31
2026-01-03 11:00:00,25.57,89.82,915.58,16.18
2026-03-05 12:00:00,9.46,,915.85,12.26
2026-05-12 04:00:00,14.26,79.59,934.31,12.79
2026-07-12 11:00:00,29.73,80.87,894.48,18.11
2026-02-21 08:00:00,25.41,80.33,946.15,15.65
2026-07-05 14:00:00,26.99,70.02,890.29,17.09
2026-07-10 12:00:00,31.03,77.76,925.69,16.95
2026-04-02 15:00:00,20.07,79.67,826.27,14.2
2026-09-11 06:00:00,14.26,80.93,879.91,12.92
2026-02-02 01:00:00,15.78,82.19,926.29,14.12
2026-11-26 21:00:00,21.72,85.63,828.77,15.86
2026-09-13 03:00:00,19.72,78.13,948.94,13.71
2026-11-26 19:00:00,22.27,86.07,,15.53
2026-02-08 07:00:00,,89.38,834.8,16.39
2026-12-21 04:00:00,14.17,77.64,869.19,13.01
2026-02-09 14:00:00,24.71,87.79,833.57,16.63
2026-06-27 05:00:00,10.48,77.01,935.98,12.31
2026-06-08 11:00:00,28.62,88.2,804.56,17.18
2026-01-05 08:00:00,26.55,88.77,931.33,17.37
2026-07-05 00:00:00,22.17,71.09,832.01,15.26
2026-10-05 22:00:00,13.75,,872.02,12.05
2026-10-12 18:00:00,11.11,90.26,863.82,11.49
2026-02-05 15:00:00,17.65,88.04,934.17,14.07
2026-12-02 05:00:00,30.36,76.66,939.07,16.83
2026-02-26 13:00:00,17.54,72.99,822.59,14.32
2026-01-07 17:00:00,30.33,85.85,935.02,18.07
2026-04-04 19:00:00,18.01,75.89,,13.6
2026-10-17 21:00:00,19.19,84.21,866.47,14.42
2026-02-20 12:00:00,25.6,81.98,866.07,15.7
2026-05-20 21:00:00,8.12,71.47,876.55,11.16
2026-07-17 11:00:00,26.39,86.41,891.09,16.61
2026-09-24 23:00:00,29.64,70.35,859.35,17.0
2026-04-06 05:00:00,14.38,75.95,871.95,13.77
2026-10-13 13:00:00,8.47,90.52,832.71,11.6
2026-05-03 17:00:00,25.89,91.37,873.45,16.17
2026-08-08 08:00:00,22.4,67.94,856.96,15.71
2026-04-12 17:00:00,12.34,67.11,802.61,13.17
2026-01-20 07:00:00,18.53,67.06,825.42,13.38
2026-04-08 14:00:00,11.86,69.75,826.66,11.68
2026-07-19 13:00:00,21.77,90.31,882.16,14.27
2026-03-12 15:00:00,18.95,78.49,832.2,13.51
2026-11-01 01:00:00,27.15,71.48,948.81,16.35
2026-05-26 00:00:00,17.86,68.94,918.8,13.6
2026-03-15 19:00:00,23.92,83.19,857.88,16.72
2026-08-16 01:00:00,27.72,73.06,843.3,17.88
2026-09-17 04:00:00,27.74,69.86,858.84,15.53
2026-10-05 19:00:00,13.23,85.87,843.45,13.89
2026-02-09 05:00:00,25.81,90.68,856.1,16.53
2026-05-01 09:00:00,30.12,91.78,817.13,19.0
2026-11-21 02:00:00,12.81,,886.37,13.1
2026-04-18 07:00:00,14.64,71.96,,12.69
2026-04-09 21:00:00,11.08,73.07,815.07,12.92
2026-10-22 19:00:00,26.56,81.51,897.14,16.2
2026-07-21 04:00:00,20.63,88.29,834.29,15.51
2026-10-24 12:00:00,29.67,75.65,835.79,17.57
2026-06-27 02:00:00,13.6,75.45,818.4,12.93
2026-04-04 05:00:00,,79.36,897.89,12.67
2026-04-15 21:00:00,9.54,71.46,832.21,11.81
2026-05-17 22:00:00,,74.18,917.0,11.55
2026-11-01 14:00:00,27.57,68.14,821.18,17.65
2026-02-08 06:00:00,22.3,89.94,840.75,16.5
2026-12-04 09:00:00,31.74,76.84,863.07,17.87
2026-03-06 21:00:00,8.95,68.57,,12.4
2026-12-22 14:00:00,11.91,80.78,906.67,12.88
2026-09-12 04:00:00,16.89,77.71,852.97,14.15
2026-07-05 20:00:00,27.24,,891.9,16.94
2026-02-26 00:00:00,19.28,70.95,869.17,12.79
2026-07-29 05:00:00,8.96,83.92,904.94,11.33
2026-10-17 10:00:00,12.99,84.24,808.42,12.0
2026-11-01 15:00:00,27.07,67.25,931.2,16.71
2026-04-10 15:00:00,8.69,69.55,865.38,10.32
2026-08-03 06:00:00,14.28,77.82,917.13,12.25
2026-01-04 21:00:00,25.7,84.25,814.12,16.29
2026-10-14 00:00:00,11.42,89.07,858.19,12.17
2026-02-10 06:00:00,25.01,89.99,899.25,16.3
2026-03-20 13:00:00,28.59,89.68,850.53,17.34
2026-10-30 12:00:00,32.68,70.35,864.88,17.79
2026-02-12 08:00:00,27.46,90.42,929.51,16.74
2026-03-21 12:00:00,27.21,89.83,866.88,16.98
2026-05-18 23:00:00,10.85,73.45,935.41,11.04
2026-11-18 10:00:00,12.58,,869.87,13.08
2026-09-12 08:00:00,16.71,80.47,886.18,14.04
2026-12-12 09:00:00,19.42,70.88,921.06,14.36
2026-12-14 03:00:00,21.0,,895.54,15.68
2026-02-01 13:00:00,12.75,84.12,840.79,12.75
2026-09-14 22:00:00,24.17,75.93,921.79,16.98
2026-05-14 14:00:00,10.39,77.41,835.12,11.53
2026-12-30 21:00:00,15.33,87.88,837.16,13.69
2026-06-07 20:00:00,29.19,87.16,897.27,16.95
2026-04-06 20:00:00,14.47,71.11,892.82,14.07
2026-08-20 21:00:00,29.0,77.6,819.35,17.2
2026-11-16 17:00:00,9.59,88.72,812.42,11.57
2026-03-15 05:00:00,21.8,85.95,826.57,15.91
2026-08-29 04:00:00,15.31,91.29,872.12,13.7
2026-11-11 23:00:00,12.39,84.06,859.74,12.71
2026-01-18 14:00:00,20.77,70.43,811.44,15.17
2026-01-22 04:00:00,15.26,73.67,839.73,13.43
2026-06-10 00:00:00,25.74,91.93,811.2,16.17
2026-11-23 15:00:00,16.35,88.04,812.34,13.56
2026-11-22 09:00:00,12.05,93.26,865.86,12.79
2026-07-16 13:00:00,28.37,83.72,804.58,17.98
2026-12-14 04:00:00,,71.79,925.17,14.17
2026-06-20 06:00:00,12.68,86.81,864.62,13.07
2026-03-17 16:00:00,21.22,86.29,830.0,15.94
2026-09-25 09:00:00,31.09,72.69,831.86,17.19
2026-05-18 18:00:00,10.92,72.72,,11.89
2026-04-19 09:00:00,19.03,74.15,,15.05
2026-04-19 06:00:00,19.69,73.79,813.45,14.43
2026-08-26 22:00:00,18.94,88.63,,14.63
2026-10-21 20:00:00,24.73,79.19,837.36,15.97
2026-06-11 10:00:00,23.55,89.97,848.36,16.8
2026-06-06 07:00:00,30.29,86.32,820.44,18.77
2026-02-02 12:00:00,13.92,83.83,821.02,14.24
2026-07-25 03:00:00,15.25,91.06,819.39,12.55
2026-07-14 13:00:00,28.8,82.88,919.63,17.19
2026-07-06 12:00:00,25.69,67.55,864.5,15.95
2026-09-13 13:00:00,20.17,73.56,806.29,15.02
2026-12-31 17:00:00,19.01,91.04,926.14,15.12
2026-05-04 16:00:00,23.71,88.52,,17.49
2026-09-30 02:00:00,23.65,76.03,935.78,15.85
2026-11-25 15:00:00,17.8,86.88,879.7,13.45
2026-08-29 00:00:00,15.44,89.72,904.62,12.75
2026-10-13 05:00:00,11.47,89.53,904.87,12.47
2026-10-02 06:00:00,18.68,82.37,897.7,13.44
2026-01-27 19:00:00,7.8,,940.67,11.57
2026-10-21 07:00:00,21.09,84.04,854.85,14.93
2026-03-10 01:00:00,14.02,,877.85,11.9
2026-12-20 20:00:00,10.42,79.7,858.39,11.85
2026-03-23 08:00:00,28.55,87.13,900.32,16.5
2026-07-15 02:00:00,30.46,83.85,875.27,19.16
2026-06-07 17:00:00,28.19,,853.08,17.31
2026-01-16 23:00:00,23.05,71.37,846.78,15.52
2026-10-16 08:00:00,14.53,86.15,849.87,13.26
2026-03-11 20:00:00,16.65,75.22,932.87,13.6
2026-02-27 15:00:00,14.33,69.55,856.61,12.75
2026-02-07 22:00:00,21.96,89.55,811.64,15.65
2026-01-24 10:00:00,13.54,71.35,806.43,12.99
2026-03-27 09:00:00,28.7,88.9,861.65,16.89
2026-05-14 06:00:00,11.31,76.09,928.63,12.22
2026-03-14 21:00:00,21.3,80.66,892.77,14.67
2026-06-15 15:00:00,17.91,88.26,860.45,14.18
2026-08-11 14:00:00,23.27,72.03,828.1,16.49
2026-05-26 11:00:00,18.78,68.86,850.84,14.94
2026-02-14 09:00:00,28.09,85.23,876.76,17.7
2026-12-30 07:00:00,15.97,88.44,932.22,14.24
2026-09-09 20:00:00,14.3,83.5,,11.7
2026-06-13 12:00:00,20.86,88.01,938.2,15.21
2026-04-02 09:00:00,17.72,80.42,812.27,13.76
2026-11-01 12:00:00,26.75,66.48,889.08,16.38
2026-03-07 04:00:00,11.35,72.54,923.3,11.06
2026-02-06 17:00:00,19.57,89.03,927.72,14.7
2026-09-05 01:00:00,10.68,87.27,918.43,11.86
2026-05-03 02:00:00,29.57,88.83,878.91,18.35
2026-01-15 16:00:00,27.07,75.67,896.26,15.55
2026-02-26 23:00:00,14.88,66.3,867.94,12.38
2026-12-09 07:00:00,,71.66,818.37,16.74
2026-12-04 01:00:00,29.17,77.7,823.97,17.39
2026-11-23 16:00:00,16.86,90.34,883.26,13.86
2026-09-06 05:00:00,11.41,86.68,881.08,11.71
2026-11-09 16:00:00,14.9,78.67,879.7,12.7
2026-09-12 17:00:00,17.38,80.02,830.86,15.0
2026-12-18 02:00:00,14.41,,927.4,11.91
2026-08-03 20:00:00,13.66,71.21,844.59,13.42
2026-06-11 17:00:00,24.47,,828.89,16.02
2026-04-09 15:00:00,7.88,68.72,,11.47
2026-01-21 05:00:00,14.56,68.47,895.11,13.24
2026-12-23 01:00:00,12.9,83.59,834.12,13.77
2026-07-12 17:00:00,31.71,80.55,834.14,17.71
2026-07-31 06:00:00,8.52,83.52,892.58,11.11
2026-03-14 08:00:00,17.29,79.13,868.41,14.02
2026-03-14 15:00:00,21.11,82.69,915.84,14.36
2026-01-28 14:00:00,9.96,76.34,819.72,11.29
2026-10-09 09:00:00,10.87,86.54,903.24,12.26
2026-02-06 23:00:00,20.26,88.43,847.41,14.59
2026-08-06 12:00:00,20.16,76.08,819.19,14.68
2026-02-21 23:00:00,23.46,76.48,928.61,15.6
2026-08-01 03:00:00,9.7,80.78,909.13,11.34
2026-06-17 23:00:00,11.89,89.78,805.3,13.92
2026-07-12 02:00:00,30.07,,895.21,17.76
2026-07-11 00:00:00,29.66,77.78,848.94,17.98
2026-10-13 16:00:00,11.39,88.84,934.46,12.14
2026-06-15 21:00:00,19.67,91.43,853.28,14.95
2026-06-30 21:00:00,17.56,,875.1,13.79
2026-06-09 13:00:00,27.95,90.17,853.14,17.3
2026-08-30 23:00:00,12.18,90.66,895.39,11.79
2026-07-03 08:00:00,22.2,69.92,945.07,15.0
2026-10-16 14:00:00,14.53,,902.53,13.5
2026-01-10 02:00:00,,82.88,930.47,16.52
2026-05-31 00:00:00,25.14,79.93,909.29,16.53
2026-09-14 11:00:00,22.36,,907.46,15.59
2026-11-14 11:00:00,11.11,83.4,918.06,11.15
2026-09-10 19:00:00,17.2,,891.52,15.21
2026-05-18 12:00:00,10.57,,,12.3
2026-08-16 21:00:00,30.18,73.91,923.57,16.63
2026-02-21 22:00:00,24.73,80.11,870.98,16.46
2026-07-17 16:00:00,27.43,88.49,822.86,17.77
2026-02-12 10:00:00,28.04,91.26,885.64,17.53
2026-06-17 13:00:00,12.47,84.04,890.09,12.61
2026-10-06 15:00:00,11.13,82.91,905.6,11.91
2026-11-16 21:00:00,4.64,84.74,848.23,9.59
2026-01-12 09:00:00,29.27,75.74,867.07,17.06
2026-07-21 16:00:00,,88.08,939.89,14.85
2026-02-02 18:00:00,15.24,84.88,877.73,13.34
2026-12-10 06:00:00,28.04,,831.78,18.11
2026-06-26 02:00:00,13.89,72.86,858.24,13.26
2026-07-22 17:00:00,14.13,92.78,856.5,13.8
2026-02-25 08:00:00,17.17,74.95,841.43,13.7
2026-06-13 01:00:00,20.77,89.57,836.35,14.71
2026-10-02 05:00:00,19.53,79.38,906.54,13.68
2026-07-06 13:00:00,27.57,73.76,881.26,16.28
2026-11-02 15:00:00,27.56,68.45,912.39,16.94
2026-05-05 00:00:00,27.89,88.67,916.67,17.02
2026-12-13 13:00:00,21.55,72.01,835.06,14.88
2026-06-13 19:00:00,23.05,89.96,867.88,15.47
2026-03-25 03:00:00,,89.51,,18.28
2026-03-29 18:00:00,24.3,85.5,834.65,16.97
2026-10-26 07:00:00,28.26,72.53,940.25,16.97
2026-05-13 15:00:00,12.05,79.63,934.47,11.97
2026-01-14 05:00:00,27.16,73.11,949.41,16.43
2026-05-20 14:00:00,10.3,71.64,828.94,10.84
2026-11-24 02:00:00,20.65,93.62,,15.5
2026-09-08 03:00:00,11.22,83.94,877.01,12.78
2026-10-08 13:00:00,9.75,84.93,899.09,11.83
2026-08-08 18:00:00,20.72,70.22,883.74,15.56
2026-07-09 01:00:00,28.59,76.88,830.62,16.9
2026-06-19 19:00:00,11.99,81.69,807.78,11.66
2026-04-26 21:00:00,27.94,88.47,812.96,18.88
2026-04-14 22:00:00,9.93,70.15,,11.45
2026-12-22 04:00:00,7.45,82.18,866.76,11.65
2026-11-28 04:00:00,25.95,85.88,914.6,16.57
2026-02-04 04:00:00,15.32,88.43,833.65,13.68
2026-06-14 16:00:00,22.53,89.03,934.2,15.4
2026-10-26 11:00:00,26.98,76.0,816.98,17.07
2026-07-01 21:00:00,22.11,65.1,876.97,14.76
2026-02-01 07:00:00,10.16,79.32,914.52,12.28
2026-10-13 21:00:00,14.1,88.02,899.16,14.54
2026-12-30 01:00:00,16.27,88.08,850.12,13.65
2026-03-10 12:00:00,11.42,75.43,834.09,12.41
2026-09-24 16:00:00,29.87,69.44,947.86,17.67
2026-09-30 11:00:00,20.62,78.4,923.78,15.48
2026-11-19 06:00:00,11.41,89.87,903.04,11.85
2026-08-05 03:00:00,15.61,76.59,814.12,13.6
2026-12-20 13:00:00,11.9,77.21,812.65,11.71
2026-01-09 01:00:00,27.96,82.1,944.83,17.71
2026-08-18 19:00:00,27.3,76.03,874.51,16.66
2026-12-25 05:00:00,12.4,83.55,851.32,12.37
2026-06-24 08:00:00,9.42,74.59,822.49,11.97
2026-03-06 04:00:00,9.97,75.12,828.38,12.23
2026-03-22 13:00:00,29.48,89.79,884.06,18.37
2026-10-28 01:00:00,29.93,73.1,922.8,16.96
2026-05-22 04:00:00,13.92,69.45,922.3,11.58
2026-02-21 11:00:00,27.82,81.41,855.05,17.12
2026-12-05 04:00:00,28.43,72.32,900.1,17.29
2026-11-16 13:00:00,9.94,84.71,923.99,11.71
2026-02-25 06:00:00,17.72,71.57,881.16,13.07
2026-08-09 16:00:00,22.99,73.68,878.52,14.46
2026-01-26 05:00:00,13.5,69.78,949.02,13.47
2026-08-11 22:00:00,27.2,68.43,885.43,15.32
2026-04-11 19:00:00,8.04,70.4,816.35,10.36
2026-02-20 15:00:00,28.38,79.02,896.26,18.33
2026-03-03 15:00:00,10.08,71.76,875.95,10.96
2026-10-21 10:00:00,23.16,82.18,855.49,15.7
2026-05-06 15:00:00,25.11,86.83,861.21,16.01
2026-12-26 08:00:00,13.29,83.2,818.66,12.89
2026-09-22 22:00:00,27.01,68.9,857.42,16.26
2026-07-26 12:00:00,11.32,90.26,809.2,13.0
2026-05-12 05:00:00,13.03,80.79,800.49,13.57
2026-02-03 09:00:00,14.11,82.82,908.85,14.0
2026-02-12 00:00:00,29.69,91.16,944.88,17.78
2026-04-08 08:00:00,12.08,69.29,897.41,12.44
2026-12-02 15:00:00,30.13,77.43,844.51,18.71
2026-09-08 18:00:00,12.52,83.81,910.01,12.84
2026-05-11 14:00:00,15.35,81.08,864.01,13.35
2026-12-06 09:00:00,29.49,76.46,907.95,18.03
2026-09-22 20:00:00,33.21,69.49,890.63,19.04
2026-07-23 02:00:00,15.14,85.53,932.56,14.27
2026-09-03 18:00:00,10.11,90.2,942.39,11.51
2026-10-30 15:00:00,31.69,69.78,846.82,18.3
2026-12-23 07:00:00,8.92,86.78,857.99,11.17
2026-09-26 09:00:00,27.76,74.15,818.3,16.5
2026-10-19 21:00:00,21.01,84.09,892.5,15.67
2026-08-31 08:00:00,11.07,89.46,810.11,12.35
2026-07-12 13:00:00,32.46,82.34,811.67,19.12
2026-08-24 17:00:00,22.51,86.12,828.09,16.89
2026-03-14 14:00:00,19.4,84.04,827.49,15.67
2026-08-30 03:00:00,,89.41,818.4,14.23
2026-08-12 19:00:00,25.69,71.52,838.63,17.1
2026-02-06 00:00:00,18.23,85.16,859.28,13.15
2026-07-09 00:00:00,29.34,75.82,887.21,16.57
2026-10-23 22:00:00,26.44,76.16,834.29,17.38
2026-02-19 05:00:00,30.24,85.88,849.27,18.4
2026-09-25 00:00:00,,72.8,862.34,17.18
2026-12-12 17:00:00,22.28,69.53,907.39,14.85
2026-06-05 21:00:00,30.69,83.53,834.43,17.5
2026-02-05 22:00:00,21.33,87.9,827.38,15.42
2026-01-26 03:00:00,12.77,72.97,904.3,12.46
2026-04-17 06:00:00,12.33,72.47,899.12,12.54
2026-10-01 14:00:00,22.45,79.0,842.29,14.23
2026-12-20 06:00:00,14.3,76.5,870.01,11.44
2026-04-08 05:00:00,10.9,72.34,877.28,11.19
2026-06-21 06:00:00,12.37,82.08,830.84,14.17
2026-07-24 23:00:00,15.28,89.46,830.2,12.9
2026-07-18 15:00:00,23.16,89.27,832.01,16.1
2026-06-24 12:00:00,9.57,80.68,946.36,10.73
2026-06-20 15:00:00,9.54,79.01,923.77,11.02
2026-04-03 09:00:00,17.96,77.07,801.06,15.13
2026-03-26 05:00:00,29.77,85.6,909.13,18.69
2026-08-27 22:00:00,16.26,89.45,847.99,14.09
2026-09-27 09:00:00,28.01,73.61,884.45,17.3
2026-07-19 13:00:00,21.77,90.31,882.16,14.27
2026-04-30 23:00:00,,90.87,942.33,18.14
2026-06-15 13:00:00,17.89,92.77,904.3,14.27
2026-09-11 14:00:00,16.34,81.13,890.3,13.9
2026-06-12 05:00:00,20.55,90.76,843.65,14.95
2026-04-26 18:00:00,28.72,87.35,870.8,16.99
2026-02-28 04:00:00,12.42,68.64,873.97,13.15
2026-10-19 11:00:00,18.68,82.11,918.18,14.11
2026-09-05 23:00:00,10.42,86.38,890.68,12.39
2026-10-04 11:00:00,14.87,82.82,871.85,13.03
2026-08-19 23:00:00,28.52,73.75,808.33,17.35
2026-06-16 05:00:00,15.5,87.28,899.06,13.65
2026-08-31 01:00:00,12.28,85.99,897.99,12.5
2026-12-04 19:00:00,31.22,,824.74,18.0
2026-02-20 22:00:00,27.07,80.7,907.15,16.8
2026-06-23 18:00:00,7.71,76.4,943.75,11.52
2026-03-23 23:00:00,29.77,86.96,870.25,17.94
2026-05-04 09:00:00,25.91,87.64,875.11,18.24
2026-10-25 05:00:00,,72.65,949.57,17.19
2026-06-27 08:00:00,11.0,69.53,806.48,13.28
2026-02-11 02:00:00,29.36,89.73,946.67,16.95
2026-02-10 01:00:00,27.73,90.44,848.07,16.58
2026-09-28 13:00:00,26.2,75.85,849.9,17.11
2026-08-31 00:00:00,,88.5,842.65,13.99
2026-05-07 08:00:00,23.07,90.63,892.36,15.33
2026-10-23 21:00:00,26.04,80.1,843.94,16.36
2026-10-15 20:00:00,12.18,90.55,880.15,12.26
2026-01-08 08:00:00,29.55,82.23,842.69,18.07
2026-03-31 20:00:00,21.83,82.09,892.26,14.82
2026-01-09 20:00:00,31.42,80.69,941.14,18.3
2026-06-02 13:00:00,,77.65,872.31,16.75
2026-07-06 00:00:00,24.83,73.54,857.04,17.27
2026-12-14 12:00:00,18.78,71.92,947.18,14.38
2026-08-09 21:00:00,22.74,69.11,832.96,15.6
2026-09-15 17:00:00,22.63,77.29,849.66,15.6
2026-10-30 02:00:00,30.36,73.53,831.67,17.74
2026-07-17 20:00:00,23.48,84.99,844.03,16.21
2026-10-20 17:00:00,21.87,81.41,818.36,15.01
2026-10-07 13:00:00,11.14,86.09,801.21,12.66
2026-10-09 10:00:00,7.39,90.01,851.86,10.45
2026-05-11 13:00:00,17.6,81.37,937.26,13.47
2026-07-05 21:00:00,28.29,74.22,,16.37
2026-12-15 03:00:00,19.02,70.18,866.65,14.94
2026-06-03 14:00:00,33.39,80.75,925.29,18.69
2026-03-04 12:00:00,11.44,70.41,900.93,12.03
2026-02-25 05:00:00,16.24,,852.21,13.17
2026-03-09 14:00:00,13.36,73.15,891.02,12.32
2026-08-28 12:00:00,16.15,88.34,,12.96
2026-06-05 08:00:00,28.19,84.83,873.69,17.14
2026-11-01 03:00:00,30.35,68.13,893.27,15.84
2026-02-21 00:00:00,25.73,77.13,922.54,17.68
2026-01-24 13:00:00,11.48,71.98,814.75,11.96
2026-06-03 10:00:00,29.85,80.82,851.47,17.59
2026-04-20 22:00:00,19.19,77.47,819.09,15.19
2026-07-14 21:00:00,30.11,85.1,904.55,17.74
2026-04-17 15:00:00,16.66,71.53,915.88,12.01
2026-09-12 13:00:00,17.32,79.38,943.86,14.15
2026-09-30 14:00:00,19.32,79.29,841.99,14.75
2026-08-07 22:00:00,18.67,71.28,865.07,14.63
2026-08-12 06:00:00,24.0,68.43,943.86,15.98
2026-11-10 05:00:00,,77.64,845.41,13.38
2026-03-02 20:00:00,11.13,72.63,913.84,10.74
2026-12-07 09:00:00,28.7,73.61,848.93,16.92
2026-04-25 17:00:00,27.6,81.96,936.58,16.19
2026-09-17 15:00:00,26.01,73.65,818.0,16.93
2026-05-13 12:00:00,14.15,80.87,837.99,13.45
2026-08-15 00:00:00,29.09,71.66,804.05,17.62
2026-02-19 04:00:00,28.46,81.2,909.33,17.92
2026-02-23 06:00:00,22.83,77.37,855.77,16.8
2026-07-08 00:00:00,27.25,76.12,847.28,16.58
2026-03-21 18:00:00,26.48,86.83,926.18,17.2
2026-02-23 23:00:00,21.2,76.01,844.39,15.7
2026-06-27 04:00:00,12.39,70.7,936.77,12.64
2026-12-10 02:00:00,27.43,69.11,893.63,17.4
2026-11-10 22:00:00,13.26,76.56,942.48,12.61
2026-07-12 23:00:00,28.92,80.86,887.81,17.48
2026-08-23 00:00:00,25.02,80.13,906.25,16.94
2026-02-16 21:00:00,28.05,83.38,825.11,17.53
2026-02-14 21:00:00,29.28,90.18,884.1,16.77
2026-08-12 12:00:00,26.74,74.31,924.82,16.41
2026-10-13 14:00:00,11.13,88.1,832.12,12.67
2026-04-16 02:00:00,13.67,70.99,933.46,12.1
2026-12-16 12:00:00,14.5,72.83,941.52,12.79
2026-04-09 06:00:00,7.99,73.34,857.66,11.55
2026-12-16 18:00:00,13.75,74.93,837.82,13.83
2026-08-23 05:00:00,22.29,81.07,815.65,15.82
2026-07-05 17:00:00,23.28,73.67,869.9,16.53
2026-07-07 16:00:00,27.47,75.37,852.55,16.8
2026-11-02 22:00:00,28.02,72.91,840.46,18.67
2026-02-20 23:00:00,,80.07,880.1,15.9
2026-08-04 02:00:00,13.65,76.63,927.01,13.11
2026-03-23 13:00:00,34.66,91.47,859.97,18.79
2026-03-30 07:00:00,24.57,82.64,815.56,16.85
2026-02-24 12:00:00,22.05,74.86,912.9,15.18
2026-06-26 16:00:00,8.82,73.81,821.24,11.36
2026-06-18 00:00:00,12.23,89.6,841.35,12.83
2026-10-24 23:00:00,28.51,75.42,876.48,17.04
2026-07-26 04:00:00,11.37,,893.67,12.88
2026-01-01 02:00:00,21.11,,844.64,14.11
2026-11-05 04:00:00,25.54,70.54,916.97,16.26
2026-03-13 05:00:00,15.52,82.28,898.26,13.51
2026-04-01 10:00:00,,80.46,827.43,15.72
2026-05-20 04:00:00,11.84,67.63,,12.06
2026-12-22 00:00:00,9.75,80.77,910.04,10.76
2026-03-14 01:00:00,21.13,80.11,937.78,14.46
2026-09-30 09:00:00,23.34,78.13,821.48,15.87
2026-06-11 07:00:00,25.08,89.69,814.28,16.68
2026-02-02 07:00:00,11.02,81.93,939.48,11.63
2026-10-04 00:00:00,15.19,85.24,830.64,12.53
2026-02-07 01:00:00,22.6,88.99,907.3,16.03
2026-05-10 13:00:00,14.14,84.32,839.58,12.73
2026-10-12 22:00:00,9.76,91.98,,11.63
2026-10-23 03:00:00,24.2,,808.81,17.45
2026-10-08 03:00:00,7.34,87.4,921.97,10.5
2026-04-20 08:00:00,20.35,76.28,817.86,15.59
2026-01-31 06:00:00,11.23,79.42,878.49,11.76
2026-05-08 23:00:00,22.17,84.36,843.39,15.44
2026-01-30 05:00:00,12.07,,946.68,12.56
2026-08-12 05:00:00,25.3,73.21,819.14,17.37
2026-08-23 12:00:00,23.3,82.26,821.9,16.61
2026-09-12 05:00:00,18.19,78.07,846.32,14.82
2026-05-19 06:00:00,11.97,74.93,908.44,11.41
2026-03-06 15:00:00,9.78,70.64,924.11,12.94
2026-05-05 01:00:00,24.67,93.23,944.4,15.85
2026-09-22 19:00:00,29.64,68.92,833.65,17.95
2026-06-21 14:00:00,9.78,82.83,863.47,11.63
2026-07-23 00:00:00,14.32,92.32,943.6,13.53
2026-04-06 16:00:00,13.72,71.99,809.97,12.63
2026-08-26 08:00:00,19.21,86.96,879.31,13.74
2026-06-24 05:00:00,9.34,77.93,893.79,11.31
2026-01-27 13:00:00,10.21,73.4,,12.41
2026-04-14 13:00:00,12.75,70.4,936.8,13.46
2026-08-30 04:00:00,11.1,90.59,881.85,12.16
2026-12-11 14:00:00,21.37,70.16,924.34,16.07
2026-12-29 23:00:00,15.95,89.9,818.43,13.97
2026-07-23 01:00:00,16.47,89.94,897.83,13.48
2026-06-06 14:00:00,30.09,88.22,879.06,17.55
2026-09-04 03:00:00,5.66,93.42,934.92,11.22
2026-08-06 09:00:00,16.52,74.27,932.07,13.64
2026-07-10 16:00:00,28.1,76.64,872.1,17.7
2026-01-20 17:00:00,19.56,69.77,836.77,14.33
2026-10-26 15:00:00,28.94,73.59,866.03,16.7
2026-09-08 11:00:00,13.07,86.18,943.64,12.32
2026-11-17 19:00:00,11.59,91.69,949.57,12.57
2026-04-05 12:00:00,13.92,,814.7,12.77
2026-08-26 19:00:00,19.47,86.63,857.1,14.96
2026-05-15 14:00:00,10.13,74.76,886.66,11.57
2026-10-23 01:00:00,26.92,76.68,941.55,16.1
2026-05-17 20:00:00,7.66,76.3,910.87,10.15
2026-04-08 15:00:00,10.3,,805.04,11.07
2026-02-13 14:00:00,30.37,89.23,893.13,18.17
2026-03-23 19:00:00,30.95,90.09,847.96,19.48
2026-10-01 18:00:00,19.75,78.82,901.49,15.25
2026-03-17 08:00:00,21.55,85.31,805.29,15.92
2026-01-08 01:00:00,28.23,84.87,910.76,17.16
2026-06-10 05:00:00,27.63,90.26,843.04,17.69
2026-12-28 04:00:00,14.5,91.16,898.64,12.64
2026-03-10 08:00:00,12.85,75.91,838.37,12.03
2026-04-12 09:00:00,9.89,68.77,908.63,10.66
2026-01-10 23:00:00,31.18,,925.24,17.9
2026-11-04 15:00:00,23.12,70.89,912.96,16.2
2026-11-02 14:00:00,27.52,71.72,896.29,16.9
2026-06-30 12:00:00,,71.37,887.92,13.6
2026-04-03 11:00:00,17.55,78.89,822.12,14.87
2026-09-20 11:00:00,28.45,68.28,872.67,17.66
2026-09-08 06:00:00,11.69,85.08,866.98,11.29
2026-06-15 11:00:00,16.25,89.9,861.6,13.16
2026-08-25 15:00:00,20.28,82.83,831.23,15.42
2026-08-23 16:00:00,24.49,81.21,815.97,17.16
2026-12-26 20:00:00,14.19,87.08,822.37,13.54
2026-05-07 07:00:00,,90.54,823.86,16.23
2026-07-11 10:00:00,29.98,79.66,,17.58
2026-06-21 01:00:00,11.15,82.58,811.1,11.61
2026-06-23 06:00:00,9.03,76.93,840.23,11.18
2026-07-19 10:00:00,23.33,86.52,869.51,16.0
2026-10-14 15:00:00,9.61,86.76,879.08,11.21
2026-04-20 19:00:00,22.13,75.98,835.47,14.87
2026-01-14 04:00:00,28.7,74.81,874.55,18.07
2026-03-08 19:00:00,10.04,71.49,908.88,12.18
2026-12-13 03:00:00,23.87,70.68,941.06,15.82
2026-08-09 11:00:00,,69.09,838.81,15.95
2026-01-26 07:00:00,8.77,75.54,903.02,10.9
2026-03-08 15:00:00,10.01,74.02,866.41,11.53
2026-12-29 05:00:00,15.26,87.48,853.33,14.51
2026-12-06 11:00:00,31.98,73.29,832.6,19.08
2026-09-12 20:00:00,20.14,79.65,836.75,15.33
2026-05-12 10:00:00,12.52,78.37,852.34,11.62
2026-01-15 18:00:00,25.64,73.48,903.54,17.24
2026-04-13 05:00:00,9.43,71.24,927.65,12.74
2026-06-04 06:00:00,28.52,81.39,877.64,18.01
2026-11-21 11:00:00,12.68,,809.57,12.78
2026-01-24 05:00:00,11.81,,859.62,12.06
2026-04-17 21:00:00,15.04,75.24,933.91,13.3
2026-09-15 09:00:00,21.4,74.27,823.83,15.43
2026-01-09 11:00:00,31.52,82.12,864.6,18.37
2026-12-12 16:00:00,24.75,71.7,914.13,16.19
2026-12-07 16:00:00,31.03,71.0,896.26,17.41
2026-03-08 07:00:00,6.48,70.33,844.88,11.15
2026-07-30 12:00:00,10.57,84.2,875.01,12.29
2026-01-05 22:00:00,29.2,,873.21,16.81
2026-03-07 15:00:00,10.4,72.51,849.46,11.77
2026-02-06 04:00:00,20.42,86.05,875.74,15.7
2026-08-13 19:00:00,29.63,69.67,830.17,17.85
2026-12-05 17:00:00,30.24,75.88,815.66,17.09
2026-12-09 13:00:00,28.03,71.03,851.15,17.12
2026-07-31 22:00:00,10.6,81.45,857.56,12.75
2026-01-13 15:00:00,29.15,74.66,904.81,17.32
2026-06-24 16:00:00,12.18,80.71,823.82,12.7
2026-01-23 15:00:00,15.32,67.12,821.52,12.43
2026-02-07 19:00:00,23.33,88.33,862.38,15.5
2026-01-11 02:00:00,,81.08,852.15,18.52
2026-04-28 06:00:00,32.48,,892.98,19.17
2026-11-06 06:00:00,19.95,74.93,926.33,14.95
2026-07-16 08:00:00,27.48,82.34,896.99,16.81
2026-06-06 17:00:00,29.61,85.54,923.3,17.89
2026-09-27 06:00:00,26.7,72.29,900.28,17.2
2026-02-18 19:00:00,28.97,81.21,886.58,17.29
2026-02-06 22:00:00,21.6,89.46,940.89,15.82
2026-04-11 20:00:00,11.6,63.28,,11.17
2026-08-07 01:00:00,18.01,70.03,816.23,14.03
2026-05-12 21:00:00,10.83,,889.87,11.03
2026-05-10 10:00:00,15.21,83.46,804.65,14.01
2026-04-16 15:00:00,13.39,69.63,,12.97
2026-08-22 00:00:00,25.52,80.85,849.08,16.27
2026-10-31 06:00:00,29.19,68.69,818.75,16.4
2026-12-03 12:00:00,29.7,78.06,833.67,17.15
2026-05-21 00:00:00,9.7,72.33,881.39,11.49
2026-09-30 17:00:00,21.18,76.48,867.6,14.6
2026-10-14 01:00:00,13.02,94.36,896.13,12.52
2026-07-23 03:00:00,14.47,90.74,883.45,12.8
2026-10-18 06:00:00,16.22,88.22,875.12,14.43
2026-09-23 18:00:00,31.16,71.17,891.5,17.87
2026-12-03 15:00:00,31.86,75.2,901.49,17.47
2026-01-18 12:00:00,24.38,70.72,912.17,15.66
2026-09-19 23:00:00,,,908.24,16.9
2026-07-24 20:00:00,15.1,,844.86,13.64
2026-04-10 19:00:00,7.87,72.53,929.58,10.75
2026-08-15 03:00:00,29.4,70.77,945.88,16.97
2026-08-27 16:00:00,17.74,85.58,898.12,13.9
2026-10-19 01:00:00,17.58,86.29,905.21,14.28
2026-11-20 20:00:00,12.41,89.78,824.46,13.26
2026-07-04 02:00:00,22.2,69.13,926.46,14.48
2026-10-06 01:00:00,,86.43,846.06,12.55
2026-04-08 06:00:00,12.74,70.78,877.94,12.67
2026-10-27 11:00:00,32.79,73.4,816.9,18.14
2026-07-05 19:00:00,26.39,68.51,921.28,15.4
2026-11-28 14:00:00,,82.71,923.75,15.69
2026-09-20 06:00:00,27.41,69.81,892.46,17.15
2026-04-12 06:00:00,10.96,69.68,,11.32
2026-02-05 13:00:00,20.15,83.39,848.22,15.56
2026-03-04 16:00:00,9.96,71.93,868.38,11.95
2026-03-08 16:00:00,10.86,74.0,908.69,12.06
2026-03-07 13:00:00,8.38,72.25,921.71,11.05
2026-10-14 13:00:00,10.86,,861.45,11.72
2026-03-03 14:00:00,9.43,67.06,935.25,10.39
2026-05-17 21:00:00,12.26,73.41,892.15,11.96
2026-08-05 12:00:00,17.41,71.84,926.42,12.19
2026-09-22 13:00:00,28.92,69.45,863.52,17.39
2026-03-10 00:00:00,11.46,77.75,878.88,11.77
2026-11-11 08:00:00,15.08,79.13,856.57,13.82
2026-11-09 02:00:00,16.44,76.7,931.18,12.99
2026-08-18 00:00:00,29.69,75.66,893.49,18.17
2026-02-03 11:00:00,14.31,87.33,888.94,13.71
2026-10-30 03:00:00,28.74,72.01,870.02,17.36
2026-03-15 02:00:00,20.92,83.56,831.16,15.71
2026-09-07 19:00:00,11.96,86.62,926.68,12.63
2026-06-27 19:00:00,9.78,72.45,910.04,10.49
2026-08-22 20:00:00,27.07,84.27,810.39,17.28
2026-08-28 19:00:00,14.16,89.36,936.91,13.65
2026-09-12 02:00:00,17.98,77.28,833.36,13.77
2026-08-13 10:00:00,30.08,67.97,843.1,17.35
2026-11-17 11:00:00,9.29,92.03,807.57,11.71
2026-05-25 16:00:00,17.83,69.17,814.46,13.96
2026-12-25 18:00:00,10.55,84.85,814.32,11.68
2026-09-11 17:00:00,,79.68,834.59,14.22
2026-08-27 06:00:00,19.07,85.67,831.27,14.79
2026-05-27 04:00:00,21.07,70.31,803.29,16.18
2026-05-28 05:00:00,20.23,76.37,822.15,14.85
2026-12-26 17:00:00,13.86,85.56,909.54,13.54
2026-08-17 12:00:00,26.4,74.76,924.2,17.47
2026-10-07 19:00:00,12.04,87.71,835.21,11.75
2026-11-06 11:00:00,,73.54,,14.34
2026-09-15 03:00:00,23.01,71.93,857.55,15.89
2026-08-21 12:00:00,30.11,81.9,944.97,17.88
2026-03-04 07:00:00,13.37,67.55,851.02,12.66
2026-07-06 01:00:00,24.02,78.34,903.7,15.26
2026-04-09 02:00:00,12.58,71.04,940.61,12.74
2026-06-16 23:00:00,14.53,87.79,858.82,13.91
2026-08-22 23:00:00,21.5,82.79,874.92,15.19
2026-08-03 00:00:00,13.16,80.64,885.89,13.18
2026-11-13 12:00:00,8.81,81.73,905.84,11.0
2026-02-22 06:00:00,26.0,79.25,848.97,16.81
2026-07-19 08:00:00,26.51,89.41,869.4,16.1
2026-11-13 05:00:00,11.67,84.24,834.91,11.82
2026-06-25 13:00:00,7.91,75.71,860.8,10.58
2026-07-13 12:00:00,30.43,79.59,921.44,17.19
2026-10-22 22:00:00,25.7,80.05,831.08,17.34
2026-05-19 19:00:00,8.23,68.54,916.05,10.7
2026-09-27 12:00:00,27.44,73.24,893.11,15.97
2026-08-18 14:00:00,29.88,74.36,890.07,17.23
2026-03-14 04:00:00,18.56,79.68,892.05,13.88
2026-10-07 07:00:00,9.71,88.77,888.94,12.3
2026-04-29 14:00:00,29.12,87.28,846.12,18.96
2026-11-21 03:00:00,11.8,87.1,946.01,11.67
2026-03-15 12:00:00,20.5,84.29,872.78,14.69
2026-05-11 21:00:00,11.66,78.93,,12.62
2026-01-03 19:00:00,26.13,89.75,859.18,17.0
2026-11-15 15:00:00,13.14,86.56,848.55,11.57
2026-03-03 03:00:00,11.69,70.18,841.66,11.54
2026-09-20 09:00:00,27.58,66.02,910.08,16.39
2026-06-11 20:00:00,,,949.61,16.41
2026-04-24 14:00:00,28.0,78.38,813.86,17.78
2026-12-13 15:00:00,19.41,71.68,922.77,14.69
2026-07-05 06:00:00,23.27,77.1,937.64,16.08
2026-07-21 13:00:00,17.46,91.29,946.53,13.8
2026-11-22 14:00:00,15.42,86.86,935.37,14.46
2026-12-07 18:00:00,29.69,71.02,843.29,17.52
2026-09-30 23:00:00,23.04,78.43,899.46,15.07
2026-06-05 06:00:00,30.74,85.32,809.09,18.67
2026-10-22 17:00:00,26.32,76.54,899.2,15.8
2026-09-09 00:00:00,12.56,,,12.23
2026-10-21 22:00:00,23.51,80.63,932.26,15.33
2026-06-22 12:00:00,11.04,78.45,859.27,12.99
2026-10-30 04:00:00,31.41,67.98,947.04,18.08
2026-05-16 19:00:00,12.32,74.62,815.25,12.37
2026-06-20 01:00:00,10.54,81.15,825.54,13.12
2026-02-07 17:00:00,22.14,91.59,869.45,16.04
2026-11-05 19:00:00,22.57,73.51,811.55,16.05
2026-11-20 22:00:00,14.17,87.62,887.3,12.7
2026-01-06 17:00:00,27.84,86.95,812.18,17.22
2026-09-07 13:00:00,10.88,83.59,829.81,12.06
2026-07-25 08:00:00,10.94,87.87,905.77,12.39
2026-06-01 07:00:00,26.97,83.21,,17.11
2026-08-24 16:00:00,24.16,80.29,870.62,14.75
2026-06-14 19:00:00,18.12,89.39,808.84,14.89
2026-03-22 22:00:00,30.19,89.15,,17.65
2026-05-04 19:00:00,26.18,94.35,836.36,17.23
2026-02-15 13:00:00,30.08,85.87,802.16,17.99
2026-12-21 18:00:00,,79.63,843.78,11.93
2026-01-24 03:00:00,11.94,67.89,910.91,13.08
2026-10-26 06:00:00,27.55,72.7,832.23,17.33
2026-10-29 01:00:00,28.32,72.88,825.36,17.49
2026-04-08 14:00:00,11.86,69.75,826.66,11.68
2026-07-12 22:00:00,27.43,81.21,849.72,17.15
2026-12-05 07:00:00,29.94,74.92,903.6,16.73
2026-06-24 07:00:00,9.25,79.57,850.81,12.08
2026-12-07 15:00:00,30.34,69.71,889.8,18.26
2026-12-26 05:00:00,,81.93,931.5,13.1
2026-03-24 17:00:00,30.72,89.55,816.04,19.08
2026-03-08 13:00:00,14.13,69.69,927.78,13.59
2026-02-22 08:00:00,26.54,75.33,800.31,17.39
2026-03-16 04:00:00,19.9,81.97,823.06,15.32
2026-06-23 02:00:00,11.5,,,12.56
2026-11-17 22:00:00,9.38,89.56,818.32,12.22
2026-09-17 12:00:00,27.64,73.64,817.01,17.96
2026-02-03 16:00:00,17.2,,942.36,13.42
2026-02-17 10:00:00,30.42,88.08,936.38,18.69
2026-04-14 21:00:00,13.94,72.1,902.96,11.71
2026-01-04 10:00:00,27.77,88.49,865.72,17.61
2026-12-19 02:00:00,9.38,74.22,923.08,11.66
2026-05-03 20:00:00,27.19,92.09,846.13,16.88
2026-07-14 02:00:00,29.47,82.58,884.88,17.77
2026-08-10 17:00:00,22.74,,880.19,15.28
2026-01-23 22:00:00,12.93,74.67,822.59,13.09
2026-04-23 15:00:00,26.68,78.69,884.45,16.25
2026-10-22 15:00:00,23.01,81.89,817.47,16.75
2026-09-29 22:00:00,22.54,77.24,863.76,15.27
2026-01-29 05:00:00,12.73,76.43,880.37,12.22
2026-07-10 03:00:00,30.01,76.27,865.06,19.09
2026-09-28 10:00:00,25.55,75.82,849.97,16.43
2026-10-27 23:00:00,27.59,70.68,851.59,17.4
2026-12-23 18:00:00,11.52,81.92,921.57,12.31
2026-04-01 12:00:00,20.79,78.81,865.92,14.28
2026-11-28 21:00:00,24.85,,809.97,17.63
2026-06-14 22:00:00,20.5,93.01,927.18,15.04
2026-11-12 17:00:00,11.84,81.38,859.0,12.1
2026-10-02 08:00:00,21.34,80.04,859.68,15.9
2026-01-30 15:00:00,10.6,81.93,919.46,11.53
2026-01-27 21:00:00,9.63,78.4,908.54,11.51
2026-09-03 15:00:00,11.59,93.59,809.27,12.54
2026-11-06 18:00:00,20.12,77.21,949.66,14.78
2026-04-22 06:00:00,21.94,79.05,853.59,14.76
2026-01-15 23:00:00,24.12,75.96,,15.12
2026-01-11 15:00:00,28.94,77.29,,16.69
2026-01-15 00:00:00,25.44,71.84,875.55,16.84
2026-09-29 06:00:00,26.45,75.89,856.09,16.05
2026-03-10 21:00:00,12.96,,836.5,12.6
2026-04-16 00:00:00,13.28,,906.29,13.09
2026-01-18 08:00:00,23.89,73.54,914.4,16.18
2026-09-16 12:00:00,23.24,73.14,,15.36
2026-09-29 19:00:00,24.47,78.49,946.79,15.9
2026-12-27 10:00:00,11.32,83.97,912.81,11.76
2026-12-08 12:00:00,28.78,75.11,881.81,18.54
2026-06-02 20:00:00,29.03,80.71,947.39,16.55
2026-07-17 04:00:00,24.18,86.03,935.34,16.36
2026-07-21 08:00:00,19.84,86.62,876.0,14.61
2026-10-04 06:00:00,13.43,82.55,877.36,13.12
2026-06-09 20:00:00,28.73,89.37,923.99,18.18
2026-09-16 11:00:00,27.72,72.91,897.18,17.87
2026-06-06 01:00:00,29.6,88.12,823.6,18.37
2026-05-01 05:00:00,28.87,91.19,900.12,17.71
2026-11-13 01:00:00,10.33,84.23,857.91,11.0
2026-11-08 21:00:00,16.24,,807.71,14.87
2026-05-31 09:00:00,26.24,78.75,810.26,16.87
2026-07-25 16:00:00,12.49,90.43,,12.13
2026-03-21 15:00:00,32.44,89.62,949.11,18.77
2026-08-09 14:00:00,24.72,70.55,863.02,15.51
2026-01-27 23:00:00,9.94,74.05,934.83,11.43
2026-09-11 21:00:00,15.98,78.19,,14.32
2026-09-27 03:00:00,27.3,75.23,831.96,17.43
2026-08-12 03:00:00,27.89,70.77,841.46,17.1
2026-05-15 04:00:00,9.48,73.74,811.1,10.98
2026-04-22 04:00:00,23.68,79.3,879.96,15.66
2026-10-07 14:00:00,13.14,88.99,916.51,12.86
2026-08-03 13:00:00,13.58,80.12,879.12,12.42
2026-08-02 22:00:00,9.98,79.35,804.68,12.93
2026-03-08 23:00:00,13.82,75.26,902.45,11.93
2026-07-24 21:00:00,12.89,89.64,858.1,12.07
2026-07-08 22:00:00,30.06,77.46,809.0,17.79
2026-06-06 15:00:00,,,813.48,19.05
2026-02-21 14:00:00,26.03,79.61,874.84,16.75
2026-02-24 21:00:00,19.32,71.8,,14.06
2026-11-19 08:00:00,15.37,90.64,865.32,13.07
2026-06-07 14:00:00,27.54,86.9,810.58,17.56
2026-12-02 02:00:00,,79.26,838.55,17.44
2026-12-27 05:00:00,9.75,88.73,948.75,11.93
2026-07-11 09:00:00,26.73,79.96,811.49,16.7
2026-04-18 08:00:00,18.57,74.42,937.1,12.28
2026-11-22 11:00:00,14.79,90.91,818.76,13.86
2026-04-05 05:00:00,15.72,72.31,837.48,12.79
2026-12-12 11:00:00,25.45,,864.89,17.54
2026-03-04 21:00:00,12.36,71.51,908.28,11.5
2026-08-26 00:00:00,18.48,85.92,802.42,14.25
2026-11-15 14:00:00,7.27,83.58,879.14,11.81
2026-11-21 05:00:00,14.84,93.1,909.2,12.74
2026-08-10 08:00:00,22.74,,922.85,15.98
2026-09-04 09:00:00,10.61,87.22,891.78,12.63
2026-04-29 22:00:00,31.81,88.38,842.52,18.4
2026-08-20 01:00:00,26.24,75.37,897.32,17.07
2026-02-18 17:00:00,29.9,84.12,926.84,18.14
2026-03-26 03:00:00,27.55,89.07,875.84,17.79
2026-12-26 23:00:00,,88.1,916.53,12.64
2026-07-06 22:00:00,27.55,77.52,885.18,16.43
2026-06-30 23:00:00,,67.42,807.98,13.68
2026-10-28 08:00:00,28.01,70.65,882.07,16.5
2026-07-28 15:00:00,10.95,82.57,859.33,13.25
2026-01-11 05:00:00,29.32,77.58,915.85,17.49
2026-07-08 21:00:00,27.6,75.97,871.92,16.86
2026-10-16 17:00:00,13.07,86.28,852.84,12.59
2026-07-15 22:00:00,28.37,86.29,906.0,16.31
2026-04-25 05:00:00,27.96,84.89,,17.61
2026-10-24 03:00:00,26.34,76.94,,16.48
2026-04-25 08:00:00,23.61,87.96,,16.04
2026-03-07 08:00:00,7.97,73.37,926.02,10.27
2026-03-06 00:00:00,10.77,66.47,858.55,12.23
2026-05-20 11:00:00,13.37,74.76,881.95,13.42
2026-10-03 15:00:00,16.77,83.63,829.55,12.86
2026-04-20 01:00:00,19.36,78.21,897.71,14.01
2026-09-08 04:00:00,11.76,88.46,817.09,10.9
2026-08-06 21:00:00,19.55,70.37,849.31,14.48
2026-04-01 06:00:00,20.48,79.98,838.65,14.39
2026-01-10 08:00:00,29.29,80.79,942.85,17.0
2026-05-16 02:00:00,7.96,74.46,943.72,10.49
2026-09-13 05:00:00,18.38,79.84,814.94,15.8
2026-06-29 21:00:00,17.36,74.51,829.59,14.3
2026-04-23 12:00:00,25.54,82.7,933.1,15.64
2026-09-22 23:00:00,27.73,74.42,,17.21
2026-11-11 07:00:00,15.57,79.4,857.34,13.03
2026-01-09 08:00:00,30.44,83.68,922.39,16.7
2026-07-16 15:00:00,26.66,86.22,909.87,17.66
2026-12-01 17:00:00,,83.53,949.82,17.73
2026-03-18 12:00:00,23.96,88.56,912.33,16.28
2026-02-23 04:00:00,26.16,75.65,927.1,17.25
2026-11-28 05:00:00,24.57,86.69,810.48,16.11
2026-05-04 12:00:00,28.5,92.46,819.89,17.68
2026-03-17 19:00:00,23.16,86.26,867.73,15.14
2026-10-21 12:00:00,,78.72,803.09,16.24
2026-06-14 08:00:00,,90.48,874.81,14.58
2026-02-10 19:00:00,27.88,90.81,866.78,17.16
2026-05-25 15:00:00,17.56,71.95,883.91,13.76
2026-02-21 18:00:00,24.06,77.17,887.89,15.95
2026-09-28 01:00:00,22.87,76.59,894.33,15.12
2026-03-28 13:00:00,,85.28,809.9,17.23
2026-09-18 16:00:00,29.88,69.63,913.42,16.93
2026-08-14 12:00:00,27.87,73.15,905.93,15.93
2026-03-13 00:00:00,17.25,79.52,890.77,14.32
2026-12-22 05:00:00,8.48,81.21,913.08,9.99
2026-11-18 13:00:00,12.48,88.87,916.56,12.15
2026-09-12 18:00:00,18.45,79.22,850.9,12.69
2026-04-21 14:00:00,20.89,78.63,883.81,13.82
2026-12-31 13:00:00,18.82,92.2,936.96,14.65
2026-09-25 08:00:00,26.98,,,16.47
2026-05-16 07:00:00,9.26,74.77,836.25,11.93
2026-11-17 10:00:00,10.79,89.67,894.41,12.47
2026-02-01 01:00:00,10.84,82.95,897.67,12.99
2026-09-21 18:00:00,31.87,68.38,928.24,18.5
2026-10-25 02:00:00,27.6,77.45,879.75,16.97
2026-11-17 08:00:00,9.8,88.14,801.44,11.46
2026-08-10 04:00:00,22.55,68.43,829.32,15.96
2026-09-11 09:00:00,16.95,80.56,830.63,13.24
2026-03-23 06:00:00,27.23,92.35,873.33,16.9
2026-08-29 22:00:00,14.75,89.4,890.45,13.53
2026-02-24 11:00:00,20.48,75.35,949.05,13.92
2026-08-04 15:00:00,17.25,75.09,,13.31
2026-03-26 12:00:00,29.48,85.16,931.17,17.35
2026-04-11 05:00:00,12.01,70.54,910.67,11.82
2026-02-27 19:00:00,17.33,70.79,804.42,14.79
2026-01-17 08:00:00,21.26,73.8,913.07,14.67
2026-02-19 01:00:00,28.17,84.24,942.18,17.97
2026-11-17 12:00:00,12.44,88.53,843.57,11.88
2026-04-22 00:00:00,23.27,,825.51,15.34
2026-09-21 07:00:00,29.59,69.33,924.6,17.06
2026-03-16 13:00:00,24.65,86.69,909.83,16.67
2026-12-21 12:00:00,9.36,81.09,827.53,11.44
2026-05-08 09:00:00,20.93,87.16,911.91,14.34
2026-07-04 04:00:00,24.92,70.83,825.62,16.56
2026-11-23 07:00:00,17.47,92.16,835.38,14.8
2026-12-18 21:00:00,10.96,75.34,914.22,12.02
2026-05-26 07:00:00,19.81,70.0,890.49,13.93
2026-01-08 14:00:00,28.04,83.56,841.24,16.87
2026-11-25 06:00:00,18.76,86.51,925.84,15.96
2026-05-15 17:00:00,13.55,73.74,807.17,12.61
2026-04-29 11:00:00,28.24,89.0,846.04,17.1
2026-01-19 07:00:00,19.84,69.55,936.91,14.7
2026-05-22 22:00:00,14.58,68.62,,13.16
2026-04-21 07:00:00,19.27,,868.44,14.68
2026-12-10 04:00:00,27.1,72.38,841.38,17.69
2026-07-25 12:00:00,14.98,92.71,937.98,12.9
2026-09-25 12:00:00,27.07,70.99,881.14,16.72
2026-04-18 20:00:00,15.99,77.37,,13.34
2026-08-12 17:00:00,,66.1,844.26,17.75
2026-09-07 15:00:00,12.01,85.28,852.43,12.92
2026-07-03 09:00:00,23.14,69.36,805.36,16.09
2026-12-10 08:00:00,25.81,69.54,877.55,16.24
2026-03-16 02:00:00,21.22,81.01,876.3,15.75
2026-06-05 22:00:00,30.39,84.1,876.85,17.24
2026-04-01 21:00:00,20.09,,804.44,15.62
2026-10-25 06:00:00,27.31,73.61,841.13,17.7
2026-03-22 07:00:00,29.08,89.4,822.36,17.55
2026-09-23 06:00:00,29.57,71.24,893.72,18.17
2026-09-29 16:00:00,22.94,77.44,896.76,16.23
2026-06-13 13:00:00,20.68,92.96,837.32,15.41
2026-11-23 17:00:00,16.35,88.94,821.96,14.76
2026-12-23 10:00:00,11.46,85.17,876.21,13.05
2026-08-04 06:00:00,13.26,72.43,906.39,11.44
2026-11-13 22:00:00,9.51,86.02,910.16,11.66
2026-08-18 23:00:00,27.24,75.78,814.74,16.01
2026-09-23 23:00:00,29.54,71.29,923.88,17.73
2026-07-09 16:00:00,30.76,76.88,819.02,17.64
2026-02-22 17:00:00,21.31,79.88,895.95,15.58
2026-07-16 14:00:00,27.63,86.47,928.69,17.78
2026-08-24 15:00:00,21.51,82.02,,16.09
2026-03-30 09:00:00,25.91,82.84,800.85,17.5
2026-08-17 17:00:00,29.37,75.21,833.33,17.39
2026-03-16 12:00:00,23.05,84.43,897.66,16.36
2026-07-27 15:00:00,10.5,84.8,806.07,10.88
2026-04-19 22:00:00,19.92,73.86,945.26,14.33
2026-11-25 13:00:00,20.85,89.8,869.74,15.02
2026-02-10 13:00:00,25.44,,872.49,15.98
2026-11-20 08:00:00,14.24,90.02,,12.74
2026-12-29 16:00:00,18.77,90.76,835.99,14.14
2026-12-06 15:00:00,,71.23,887.31,16.46
2026-10-04 15:00:00,15.14,82.92,927.26,13.4
2026-09-05 18:00:00,9.39,88.77,889.69,13.29
2026-02-13 07:00:00,30.78,86.75,821.04,18.97
2026-03-07 19:00:00,9.33,70.56,949.82,10.96
2026-03-24 15:00:00,31.26,88.94,812.7,17.98
2026-04-19 14:00:00,17.54,74.71,906.9,12.0
2026-11-19 22:00:00,11.87,87.48,915.14,11.35
2026-07-23 13:00:00,14.63,88.98,822.15,13.29
2026-05-27 09:00:00,18.05,69.9,858.83,14.86
2026-05-13 07:00:00,11.81,79.75,948.98,10.68
2026-10-30 19:00:00,29.69,69.24,861.94,17.07
2026-02-23 19:00:00,25.37,76.65,900.19,16.93
2026-09-27 17:00:00,22.8,73.37,859.12,15.18
2026-06-28 04:00:00,12.34,75.88,,12.86
2026-11-20 17:00:00,14.45,88.89,849.13,13.95
2026-05-15 05:00:00,12.16,75.77,879.4,12.79
2026-11-15 04:00:00,8.56,82.59,,10.76
2026-10-14 21:00:00,11.09,89.01,868.9,11.77
2026-09-03 03:00:00,7.97,88.56,908.81,11.69
2026-02-11 20:00:00,29.0,90.1,888.75,17.71
2026-06-25 12:00:00,11.87,74.84,943.63,11.61
2026-07-09 07:00:00,28.32,76.72,811.82,16.72
2026-06-10 06:00:00,27.97,90.13,897.18,17.14
2026-10-06 07:00:00,12.09,89.82,913.47,12.43
2026-07-16 20:00:00,26.09,84.76,837.81,16.36
2026-06-03 23:00:00,29.33,81.89,942.32,17.91
2026-04-10 06:00:00,10.7,67.89,948.53,11.12
2026-02-05 12:00:00,17.34,86.09,813.76,15.4
2026-12-09 03:00:00,28.06,70.4,884.06,15.76
2026-05-15 00:00:00,8.7,77.05,867.84,11.93
2026-10-14 08:00:00,9.73,84.25,823.02,11.6
2026-05-27 15:00:00,17.78,70.12,899.37,13.24
2026-10-10 07:00:00,11.28,,805.93,11.95
2026-05-26 13:00:00,18.44,73.24,,15.32
2026-01-05 12:00:00,27.38,87.76,826.27,17.08
2026-11-05 03:00:00,20.77,70.31,853.95,14.51
2026-10-01 13:00:00,21.37,78.6,805.31,14.75
2026-10-28 15:00:00,30.81,71.56,864.32,18.58
2026-02-19 02:00:00,26.79,79.94,800.57,17.55
2026-04-24 18:00:00,28.54,81.77,875.41,17.58
2026-08-28 04:00:00,17.22,90.36,932.26,14.61
2026-05-07 22:00:00,23.14,84.01,810.46,16.4
2026-06-10 03:00:00,24.44,88.79,867.29,16.56
2026-08-22 06:00:00,26.49,78.83,855.19,17.09
2026-05-24 20:00:00,16.19,66.11,840.83,14.23
2026-07-08 07:00:00,27.07,73.83,886.59,17.17
2026-03-28 08:00:00,27.61,85.77,942.29,17.52
2026-05-13 10:00:00,14.25,77.75,860.8,12.98
2026-08-13 07:00:00,30.45,70.1,829.24,18.07
2026-07-18 19:00:00,21.81,89.91,913.14,14.82
2026-12-20 08:00:00,10.43,78.31,876.1,12.18
2026-03-05 07:00:00,12.83,73.1,907.99,12.53
2026-08-09 15:00:00,22.55,72.57,931.51,15.43
2026-11-09 21:00:00,,,876.09,12.17
2026-09-29 15:00:00,24.04,,900.57,14.34
2026-11-12 12:00:00,11.15,78.64,874.34,12.84
2026-05-19 05:00:00,8.8,72.5,917.23,10.9
2026-06-01 18:00:00,,79.11,888.97,16.32
2026-12-03 20:00:00,27.73,77.19,923.23,17.2
2026-05-20 07:00:00,12.71,73.05,,13.53
2026-08-25 11:00:00,21.34,89.14,804.17,16.14
2026-08-02 07:00:00,,78.36,941.21,12.49
2026-04-04 18:00:00,15.62,76.62,942.06,13.78
2026-01-17 17:00:00,21.72,71.28,873.49,15.36
2026-08-03 14:00:00,16.55,75.69,882.84,13.39
2026-02-28 15:00:00,16.06,70.81,949.0,14.61
2026-03-30 01:00:00,23.73,85.97,940.76,15.49
2026-01-28 02:00:00,,75.0,848.03,13.57
2026-06-22 04:00:00,11.81,77.61,894.92,11.09
2026-07-18 09:00:00,24.94,86.03,873.34,16.99
2026-05-10 01:00:00,18.65,86.19,918.43,13.28
2026-07-02 18:00:00,19.44,70.71,948.31,14.31
2026-04-22 09:00:00,22.38,79.67,939.03,15.66
2026-11-19 21:00:00,13.88,89.99,901.71,13.17
2026-08-29 03:00:00,13.1,91.18,891.0,12.88
2026-10-13 20:00:00,10.06,91.14,927.03,12.33
2026-05-01 20:00:00,29.21,88.16,893.47,17.66
2026-02-20 15:00:00,28.38,79.02,896.26,18.33
2026-07-12 04:00:00,32.12,79.74,835.88,19.03
2026-08-12 10:00:00,27.02,71.82,807.12,16.38
2026-02-02 03:00:00,12.32,85.09,848.5,11.44
2026-10-16 10:00:00,14.91,88.97,931.02,12.55
2026-06-11 11:00:00,26.38,92.71,880.73,17.19
2026-08-12 11:00:00,25.58,68.8,836.15,16.74
2026-02-01 09:00:00,13.86,80.99,899.38,12.32
2026-11-08 14:00:00,20.54,78.21,938.19,13.18
2026-02-03 08:00:00,16.23,83.74,874.92,13.2
2026-11-28 03:00:00,25.63,83.4,885.91,16.52
2026-11-11 12:00:00,14.38,85.81,841.99,14.01
2026-11-13 23:00:00,9.87,82.3,949.96,12.36
2026-04-27 09:00:00,,89.11,935.97,16.65
2026-01-23 00:00:00,14.37,70.4,877.61,12.85
2026-05-15 18:00:00,8.73,76.48,806.88,10.86
2026-06-08 14:00:00,28.31,,857.41,17.31
2026-01-02 05:00:00,21.63,88.4,909.73,14.32
2026-05-17 08:00:00,11.36,73.28,,12.52
2026-07-20 05:00:00,18.5,87.91,889.83,13.7
2026-05-16 17:00:00,9.13,72.84,890.88,11.08
2026-11-16 23:00:00,8.74,89.15,921.43,11.36
2026-09-02 18:00:00,12.28,90.94,804.14,12.33
2026-04-29 02:00:00,29.59,88.53,937.32,18.31
2026-08-08 22:00:00,20.45,72.83,915.53,14.37
2026-10-29 04:00:00,30.24,71.59,872.15,17.02
2026-05-23 05:00:00,,68.92,840.97,12.05
2026-09-06 04:00:00,10.3,86.87,831.45,11.89
2026-08-31 07:00:00,13.37,90.24,901.82,12.86
2026-08-29 14:00:00,14.99,88.66,825.05,13.31
2026-06-24 22:00:00,5.85,78.17,855.3,9.14
2026-03-17 20:00:00,24.5,84.67,915.36,15.73
2026-04-24 22:00:00,29.89,86.16,850.68,18.48
2026-07-28 13:00:00,8.34,83.96,812.08,11.03
2026-08-23 21:00:00,22.42,80.38,857.07,15.39
2026-03-23 03:00:00,29.81,88.21,941.11,17.75
2026-07-12 10:00:00,29.88,82.45,863.99,17.02
2026-05-05 14:00:00,27.44,,905.97,18.78
2026-01-14 00:00:00,29.09,72.51,849.13,16.46
2026-02-04 13:00:00,16.28,87.57,822.97,12.86
2026-06-24 01:00:00,10.53,78.84,829.22,11.49
2026-08-01 09:00:00,9.25,79.97,888.35,11.11
2026-01-08 16:00:00,29.35,81.76,898.0,17.18
2026-03-11 16:00:00,14.0,78.63,882.86,13.02
2026-09-02 06:00:00,10.14,89.54,892.04,11.59
2026-08-28 09:00:00,16.93,87.56,850.57,13.76
2026-01-20 02:00:00,17.74,68.37,869.43,13.54
2026-07-04 09:00:00,21.51,75.31,866.37,14.95
2026-05-26 20:00:00,21.51,67.88,932.11,14.93
2026-10-15 02:00:00,14.07,88.83,842.11,12.15
2026-07-25 17:00:00,14.28,90.79,803.39,14.18
2026-07-26 15:00:00,12.26,85.2,820.1,12.48
2026-08-26 17:00:00,16.04,84.58,942.81,14.11
2026-01-10 20:00:00,26.89,82.81,867.25,17.07
2026-11-16 03:00:00,8.75,86.51,899.08,11.89
2026-11-07 06:00:00,21.1,76.99,825.28,15.05
2026-04-19 03:00:00,,77.83,947.89,13.0
2026-12-22 21:00:00,7.96,79.61,823.44,10.59
2026-05-07 21:00:00,18.4,85.78,877.01,13.85
2026-10-20 02:00:00,20.64,80.4,827.23,15.34
2026-03-15 20:00:00,20.51,83.43,829.24,14.87
2026-12-16 09:00:00,13.38,73.24,818.59,12.95
2026-07-07 09:00:00,29.08,73.5,900.12,16.2
2026-05-26 19:00:00,19.14,73.16,895.5,14.27
2026-04-21 05:00:00,20.06,79.13,869.26,14.22
2026-10-16 09:00:00,13.26,88.73,822.05,13.71
2026-03-23 02:00:00,30.41,,916.25,17.78
2026-05-13 04:00:00,11.11,78.62,,11.46
2026-05-10 22:00:00,17.91,83.46,865.52,13.55
2026-03-08 00:00:00,11.31,74.28,826.94,11.36
2026-12-17 14:00:00,12.95,72.29,802.78,12.62
2026-02-22 12:00:00,24.61,80.32,,15.97
2026-04-23 20:00:00,24.92,81.54,899.44,16.87
2026-06-12 21:00:00,21.21,86.7,808.52,14.87
2026-05-04 13:00:00,26.22,88.18,,17.38
2026-04-22 12:00:00,23.92,,808.43,16.01
2026-07-11 21:00:00,29.61,80.99,894.71,17.55
2026-03-15 07:00:00,22.49,87.76,863.16,15.5
2026-12-24 00:00:00,10.87,88.64,913.33,12.13
2026-10-04 07:00:00,16.4,85.17,896.8,14.5
2026-10-26 21:00:00,30.19,74.51,940.77,16.35
2026-01-02 10:00:00,23.65,87.44,946.21,16.08
2026-09-20 14:00:00,30.84,71.25,,18.28
2026-10-28 19:00:00,27.38,73.57,847.96,17.13
2026-10-14 09:00:00,11.11,89.17,939.04,12.61
2026-09-05 00:00:00,11.83,90.81,801.64,11.99
2026-06-22 14:00:00,10.66,82.59,814.54,12.74
2026-12-02 19:00:00,28.04,79.39,866.52,17.65
2026-06-16 04:00:00,19.61,88.47,851.13,14.7
2026-10-13 12:00:00,11.08,92.15,841.13,12.31
2026-12-26 04:00:00,10.42,92.38,902.09,11.88
2026-05-06 10:00:00,23.75,84.5,800.9,16.19
2026-04-12 22:00:00,10.8,,870.48,11.93
2026-11-22 22:00:00,15.01,88.81,907.94,12.97
2026-06-03 13:00:00,28.36,86.19,911.3,16.32
2026-04-09 20:00:00,10.59,71.49,907.5,11.7
2026-06-16 12:00:00,13.08,88.71,810.35,12.36
2026-12-03 01:00:00,29.78,78.23,,16.99
2026-09-12 11:00:00,16.97,81.51,853.39,13.47
2026-01-02 12:00:00,22.87,88.7,864.87,15.74
2026-07-20 11:00:00,17.59,87.2,836.11,14.56
2026-12-05 02:00:00,28.63,70.33,,16.36
2026-10-19 10:00:00,18.11,83.65,873.98,13.99
2026-03-11 08:00:00,16.06,75.59,842.34,12.84
2026-10-07 21:00:00,11.16,89.92,944.29,12.56
2026-06-06 11:00:00,26.78,86.17,933.6,15.65
2026-06-25 10:00:00,10.24,75.04,889.26,11.87
2026-10-27 04:00:00,29.93,71.96,901.75,17.49
2026-10-16 03:00:00,11.93,86.81,821.66,13.51
2026-04-20 23:00:00,21.41,77.19,810.78,15.4
2026-10-04 18:00:00,13.73,81.85,840.78,12.82
2026-06-03 04:00:00,29.56,82.32,912.03,18.67
2026-04-18 10:00:00,16.93,80.82,877.81,12.91
2026-02-07 07:00:00,22.34,91.36,894.01,15.63
2026-04-29 18:00:00,29.17,90.33,878.36,16.99
2026-10-24 01:00:00,25.87,75.59,929.11,16.96
2026-07-21 21:00:00,18.83,91.5,924.63,15.46
2026-10-11 19:00:00,7.98,93.6,842.28,12.41
2026-06-02 15:00:00,29.57,82.59,893.13,16.38
2026-07-07 08:00:00,26.21,76.41,849.71,16.67
2026-08-14 10:00:00,28.16,68.09,858.8,17.83
2026-07-22 06:00:00,19.18,94.94,940.36,15.06
2026-01-01 00:00:00,20.75,91.94,939.74,14.01
2026-01-31 13:00:00,8.9,80.98,938.99,11.34
2026-02-07 03:00:00,21.84,89.98,940.52,14.92
2026-12-17 23:00:00,12.02,75.17,829.21,11.69
2026-04-20 11:00:00,21.0,78.38,908.89,14.52
2026-03-01 08:00:00,11.33,69.01,933.76,11.78
2026-06-25 07:00:00,6.27,73.88,903.56,10.23
2026-07-30 06:00:00,6.91,82.37,873.26,9.76
2026-04-28 14:00:00,29.77,87.21,874.76,16.97
2026-12-25 21:00:00,,87.59,930.01,11.29
2026-07-15 11:00:00,28.24,84.54,832.11,18.7
2026-02-17 16:00:00,29.13,86.45,873.48,17.42
2026-11-03 08:00:00,,72.99,,16.32
2026-07-10 23:00:00,31.11,77.11,896.56,18.4
2026-11-05 06:00:00,23.89,72.27,839.14,15.83
2026-08-06 17:00:00,16.23,71.9,939.02,13.29
2026-05-20 09:00:00,13.37,68.44,909.64,10.84
2026-12-21 08:00:00,8.27,82.3,,11.35
2026-08-21 10:00:00,25.34,76.97,901.24,15.55
2026-02-27 12:00:00,,70.94,877.11,13.68
2026-10-18 08:00:00,17.14,83.82,911.61,14.87
2026-08-27 08:00:00,17.45,85.46,928.63,14.39
2026-01-03 17:00:00,26.53,,931.77,16.9
2026-04-27 17:00:00,33.51,84.92,855.35,19.51
2026-02-18 02:00:00,31.58,85.24,,18.85
2026-09-01 19:00:00,10.25,90.22,864.53,12.17
2026-07-11 17:00:00,31.4,76.1,889.54,19.51
2026-07-17 08:00:00,24.33,83.82,827.7,15.75
2026-02-11 03:00:00,28.47,87.65,816.72,17.64
2026-11-04 10:00:00,25.49,72.25,864.16,16.18
2026-02-15 08:00:00,29.6,85.72,834.0,17.59
2026-01-11 19:00:00,30.75,80.32,891.62,17.42
2026-08-02 23:00:00,12.47,79.49,850.45,13.11
2026-10-25 04:00:00,28.69,76.56,842.83,18.32
2026-11-30 05:00:00,26.04,82.73,857.68,17.27
2026-06-20 14:00:00,12.97,80.35,847.2,13.51
2026-01-04 01:00:00,27.35,90.8,866.02,17.15
2026-05-06 12:00:00,21.82,89.43,905.01,15.19
2026-07-21 06:00:00,20.4,87.89,897.12,16.0
2026-07-07 07:00:00,,72.19,898.52,17.38
2026-02-20 20:00:00,24.45,78.88,947.7,15.51
2026-08-14 04:00:00,27.48,68.46,855.87,17.54
2026-02-12 22:00:00,28.55,90.98,900.29,16.91
2026-06-21 09:00:00,8.28,81.64,826.57,11.5
2026-04-04 04:00:00,16.76,77.71,854.9,13.63
2026-01-29 00:00:00,9.54,75.78,895.08,11.17
2026-12-10 03:00:00,26.97,70.57,892.48,15.76
2026-03-13 16:00:00,18.51,83.3,823.18,14.51
2026-04-05 19:00:00,12.63,72.8,803.09,12.93
2026-03-14 16:00:00,18.05,82.65,838.26,14.72
2026-12-09 19:00:00,29.52,71.7,915.8,18.15
2026-02-12 01:00:00,27.36,86.19,836.09,18.26
2026-05-08 01:00:00,22.99,88.45,871.09,17.63
2026-02-06 09:00:00,18.7,86.59,860.5,14.81
2026-02-02 05:00:00,14.73,81.55,876.84,13.59
2026-12-09 12:00:00,24.15,70.68,915.9,15.36
2026-02-18 10:00:00,26.78,80.01,820.01,16.89
2026-12-28 16:00:00,12.95,88.98,872.86,12.42
2026-05-06 07:00:00,21.76,,,15.0
2026-10-19 16:00:00,20.66,85.0,818.71,15.21
2026-11-18 20:00:00,,87.71,860.15,12.89
2026-07-04 07:00:00,24.49,70.71,803.85,16.67
2026-11-06 23:00:00,21.39,74.16,889.47,15.97
2026-10-13 15:00:00,13.67,90.92,812.78,13.24
2026-06-17 08:00:00,14.19,84.83,916.13,13.9
2026-11-26 03:00:00,20.41,,853.19,14.86
2026-02-16 05:00:00,32.82,85.77,937.49,18.75
2026-05-11 17:00:00,13.57,82.23,862.11,12.97
2026-01-01 22:00:00,21.67,92.27,912.65,15.67
2026-07-28 12:00:00,11.37,86.37,938.13,13.36
2026-02-24 02:00:00,21.54,75.94,946.89,15.3
2026-07-22 01:00:00,18.48,87.23,915.09,13.98
2026-02-10 17:00:00,23.0,89.0,814.56,15.4
2026-04-24 17:00:00,25.92,85.75,944.92,17.01
2026-11-24 03:00:00,17.26,88.42,922.43,13.32
2026-03-22 06:00:00,25.69,86.64,918.88,16.88
2026-06-28 10:00:00,15.3,75.39,930.22,12.36
2026-11-02 13:00:00,29.3,73.58,,18.59
2026-05-09 00:00:00,19.85,86.41,901.68,13.71
2026-03-07 09:00:00,9.54,74.51,924.29,11.26
2026-11-07 05:00:00,22.26,72.96,877.75,14.02
2026-12-25 08:00:00,,83.22,887.7,11.43
2026-11-19 09:00:00,12.12,90.95,934.34,11.87
2026-04-01 00:00:00,20.45,85.16,842.23,14.77
2026-09-08 16:00:00,15.91,86.59,889.52,14.6
2026-05-15 23:00:00,11.94,73.39,905.28,11.62
2026-03-02 17:00:00,12.01,64.52,848.67,12.77
2026-06-19 04:00:00,13.61,87.59,878.12,15.22
2026-10-11 04:00:00,12.32,91.38,914.11,12.85
2026-10-16 13:00:00,12.46,87.96,905.99,12.59
2026-02-01 05:00:00,9.99,82.89,833.19,12.17
2026-08-17 00:00:00,,70.32,821.79,17.92
2026-10-06 11:00:00,12.64,87.58,845.83,14.06
2026-08-03 15:00:00,,80.18,813.42,12.42
2026-03-29 04:00:00,27.38,85.49,810.34,17.61
2026-01-11 01:00:00,29.7,82.3,931.89,17.7
2026-07-04 06:00:00,24.88,69.8,811.69,15.53
2026-03-26 16:00:00,29.77,88.62,814.13,18.14
2026-03-08 20:00:00,10.55,72.14,902.52,11.77
2026-10-17 07:00:00,17.0,86.8,901.37,12.89
2026-03-31 11:00:00,21.78,83.4,920.73,15.3
2026-02-09 00:00:00,22.65,89.96,821.88,15.83
2026-08-07 15:00:00,17.06,69.58,933.26,13.69
2026-06-09 10:00:00,25.61,91.92,849.0,17.08
2026-01-14 08:00:00,27.63,75.03,876.12,16.04
2026-11-24 16:00:00,,90.41,938.55,13.77
2026-02-21 04:00:00,27.22,77.3,909.84,17.03
2026-10-16 23:00:00,15.77,86.62,,14.29
2026-12-02 10:00:00,27.69,79.06,839.84,16.72
2026-03-01 13:00:00,12.23,74.43,842.16,13.23
2026-07-26 20:00:00,10.34,86.66,874.44,12.21
2026-04-09 18:00:00,10.15,67.66,854.15,11.73
2026-05-05 18:00:00,23.49,87.67,821.05,18.02
2026-10-02 22:00:00,15.3,80.31,889.77,13.75
2026-10-26 10:00:00,29.78,76.44,898.19,17.66
2026-08-01 13:00:00,11.81,83.63,832.49,12.38
2026-09-06 13:00:00,10.89,91.49,855.23,12.97
2026-01-21 08:00:00,19.02,72.66,932.58,14.51
2026-10-02 15:00:00,16.68,,916.07,12.96
2026-05-03 05:00:00,29.58,89.02,850.41,18.54
2026-11-12 00:00:00,10.36,82.99,857.34,11.57
2026-09-05 06:00:00,12.63,,823.22,14.5
2026-10-21 02:00:00,24.32,80.8,928.06,16.63
2026-02-05 08:00:00,17.06,84.05,826.91,14.0
2026-09-29 02:00:00,26.29,76.86,913.05,15.59
2026-08-10 13:00:00,23.95,71.38,827.39,15.65
2026-01-25 19:00:00,,73.32,819.14,13.12
2026-08-06 23:00:00,19.02,70.59,858.69,14.39
2026-10-20 00:00:00,22.08,82.86,929.46,14.96
2026-11-25 22:00:00,17.88,91.22,923.28,13.38
2026-03-26 19:00:00,,87.85,861.84,18.95
2026-07-26 22:00:00,,89.12,800.02,11.47
2026-02-12 18:00:00,28.86,89.81,814.02,17.73
2026-12-01 13:00:00,28.78,78.41,847.21,16.28
2026-03-10 21:00:00,12.96,,836.5,12.6
2026-11-05 20:00:00,22.02,71.22,913.05,15.88
2026-04-24 02:00:00,26.35,81.48,927.14,16.56
2026-04-08 18:00:00,10.28,72.58,809.27,12.29
2026-09-07 16:00:00,10.09,85.59,,12.61
2026-03-11 05:00:00,13.76,78.11,846.25,13.0
2026-10-11 22:00:00,8.03,90.6,849.38,12.03
2026-10-29 22:00:00,29.72,69.62,886.91,16.64
2026-12-22 09:00:00,9.36,78.26,870.65,10.3
2026-02-27 05:00:00,13.46,70.98,817.85,12.94
2026-08-15 22:00:00,27.77,,879.22,16.85
2026-08-15 09:00:00,29.05,73.55,904.81,18.83
2026-12-29 04:00:00,16.17,91.55,834.94,13.81
2026-09-14 02:00:00,21.15,77.04,923.9,15.46
2026-06-05 20:00:00,28.85,86.53,901.78,17.23
2026-09-02 22:00:00,9.08,88.36,842.64,12.09
2026-07-18 01:00:00,23.85,88.13,,16.08
2026-11-22 12:00:00,15.35,92.66,912.03,13.64
2026-03-06 01:00:00,9.21,74.36,877.4,11.97
2026-09-13 20:00:00,19.9,75.28,840.89,16.16
2026-04-10 00:00:00,9.73,68.75,838.26,11.78
2026-12-08 02:00:00,29.08,69.29,886.57,17.83
2026-01-24 04:00:00,11.78,70.42,917.15,12.28
2026-05-28 15:00:00,21.17,74.46,822.16,15.03
2026-03-12 12:00:00,17.15,81.11,833.75,14.18
2026-07-28 02:00:00,9.47,86.71,846.86,12.02
2026-07-16 02:00:00,29.28,86.26,803.27,17.55
2026-12-25 00:00:00,13.59,85.57,901.95,12.59
2026-03-30 14:00:00,22.64,82.32,920.85,15.33
2026-06-07 00:00:00,30.47,88.43,,17.34
2026-06-19 05:00:00,12.86,,922.49,12.64
2026-04-08 12:00:00,12.24,72.49,895.97,12.09
2026-05-06 20:00:00,25.02,87.81,830.87,16.7
2026-10-28 14:00:00,29.98,71.61,890.67,17.84
2026-01-21 09:00:00,17.74,66.65,926.29,13.53
2026-11-04 22:00:00,25.78,71.57,842.64,15.79
2026-09-04 14:00:00,10.98,91.08,948.81,11.75
2026-01-19 09:00:00,,69.48,811.98,14.76
2026-06-28 06:00:00,13.24,73.48,,13.79
2026-07-13 15:00:00,29.35,79.54,828.56,16.81
2026-05-26 05:00:00,17.9,77.15,828.57,13.76
2026-07-19 02:00:00,21.15,86.41,859.5,14.82
2026-04-22 15:00:00,23.2,,845.41,15.57
2026-09-25 01:00:00,29.4,67.62,896.5,17.11
2026-02-25 15:00:00,17.98,76.27,864.69,13.36
2026-11-05 23:00:00,19.5,70.59,907.82,14.6
2026-03-01 17:00:00,11.58,70.11,946.17,10.93
2026-07-02 02:00:00,16.71,69.97,816.34,13.99
2026-08-31 23:00:00,11.47,,893.09,12.79
2026-05-20 00:00:00,8.62,73.7,838.67,12.42
2026-07-03 22:00:00,22.75,71.56,869.8,15.95
2026-03-28 17:00:00,27.94,84.21,946.77,17.86
2026-01-18 22:00:00,18.8,68.78,915.33,14.52
2026-12-31 02:00:00,20.72,90.34,803.76,15.79
2026-07-30 16:00:00,11.16,83.55,810.53,12.02
2026-09-27 00:00:00,25.49,71.55,917.01,16.37
2026-02-18 08:00:00,25.18,81.51,862.52,16.5
2026-01-10 03:00:00,30.12,81.12,912.14,17.05
2026-11-02 12:00:00,30.81,,861.94,17.71
2026-03-19 10:00:00,27.34,,814.43,17.81
2026-10-01 04:00:00,20.79,82.17,914.95,15.46
2026-09-21 12:00:00,,65.17,929.77,17.25
2026-09-12 01:00:00,17.7,78.88,841.18,14.38
2026-01-01 10:00:00,20.02,89.23,923.53,15.2
2026-01-06 01:00:00,26.27,86.36,861.75,17.37
2026-08-15 10:00:00,30.62,69.09,882.11,18.03
2026-01-25 18:00:00,12.56,67.99,923.94,11.98
2026-10-19 12:00:00,20.35,83.6,874.24,14.23
2026-02-02 02:00:00,14.17,84.18,880.98,14.08
2026-10-19 08:00:00,20.33,85.03,920.1,14.69
2026-03-28 01:00:00,26.93,86.65,895.49,16.41
2026-05-13 16:00:00,11.32,82.68,824.37,13.51
2026-03-14 11:00:00,21.65,82.57,887.32,15.91
2026-09-23 09:00:00,29.27,67.26,855.92,17.38
2026-06-19 21:00:00,8.73,82.53,884.63,10.57
2026-01-14 09:00:00,28.33,78.4,805.94,17.45
2026-11-20 15:00:00,10.02,88.17,812.45,11.36
2026-02-18 07:00:00,28.47,83.82,809.66,17.85
2026-03-10 09:00:00,14.98,75.94,826.52,13.2
2026-08-19 04:00:00,28.09,74.76,924.98,16.12
2026-07-15 12:00:00,29.26,82.07,940.02,17.64
2026-03-13 11:00:00,17.25,78.42,846.36,14.01
2026-01-15 09:00:00,26.53,73.21,839.91,15.92
2026-11-19 15:00:00,12.46,87.74,815.41,12.13
2026-03-20 09:00:00,30.42,87.92,849.82,18.73
2026-11-26 07:00:00,19.66,89.35,892.77,14.98
2026-10-03 09:00:00,17.49,80.11,926.13,13.66
2026-09-29 05:00:00,26.33,74.39,875.22,17.11
2026-02-03 04:00:00,14.52,,901.09,13.58
2026-02-08 08:00:00,,88.62,859.86,15.78
2026-06-06 06:00:00,28.93,84.48,823.52,19.02
2026-04-29 10:00:00,32.21,86.56,800.67,18.98
2026-12-06 22:00:00,29.86,71.6,829.74,17.42
2026-12-14 11:00:00,18.46,70.95,922.4,13.72
2026-03-07 20:00:00,10.87,71.96,823.83,12.46
2026-12-05 11:00:00,29.87,74.21,888.47,17.62
2026-02-09 13:00:00,25.37,87.73,833.06,16.79
2026-05-19 14:00:00,10.43,72.89,818.91,12.56
2026-04-13 22:00:00,12.56,70.89,903.61,11.4
2026-12-21 06:00:00,13.21,79.29,821.29,11.86
2026-01-17 03:00:00,26.39,71.04,877.19,17.06
2026-04-13 17:00:00,12.13,,898.25,10.86
2026-02-17 12:00:00,29.03,86.61,886.3,17.05
2026-06-30 00:00:00,15.83,72.79,801.28,14.4
2026-10-26 14:00:00,31.93,71.55,857.47,18.65
2026-06-25 06:00:00,11.27,76.6,945.67,11.71
2026-01-27 16:00:00,9.57,75.95,902.69,11.17
2026-10-07 03:00:00,10.74,88.51,922.53,11.48
2026-08-08 06:00:00,20.88,69.89,940.42,14.8
2026-12-14 19:00:00,18.62,70.67,822.7,14.59
2026-12-03 19:00:00,31.07,76.8,815.99,17.9
2026-02-10 18:00:00,24.31,91.84,935.4,16.18
2026-07-09 04:00:00,27.57,75.22,920.93,17.16
2026-04-15 13:00:00,10.49,73.65,829.94,12.63
2026-02-09 18:00:00,25.19,90.83,820.82,16.75
2026-01-02 21:00:00,22.09,85.55,830.73,15.83
2026-09-04 08:00:00,11.89,89.91,917.09,12.08
2026-04-01 16:00:00,18.57,82.26,919.7,14.32
2026-05-18 15:00:00,8.55,72.58,809.82,12.08
2026-04-17 07:00:00,11.95,70.62,847.88,13.2
2026-10-10 11:00:00,9.78,90.49,931.38,10.93
2026-08-04 05:00:00,15.42,,930.57,13.61
2026-03-19 00:00:00,27.82,90.32,893.73,16.97
2026-06-29 12:00:00,14.8,69.06,840.43,12.37
2026-05-13 01:00:00,12.62,77.95,855.64,12.64
2026-09-29 20:00:00,24.87,74.61,806.79,15.63
2026-09-25 07:00:00,,72.87,824.87,16.74
2026-08-19 03:00:00,28.48,74.67,,17.53
2026-01-22 17:00:00,15.2,70.46,935.81,12.32
2026-07-12 14:00:00,28.53,81.0,812.2,17.04
2026-01-12 16:00:00,29.23,78.09,,17.37
2026-08-14 18:00:00,28.34,67.66,888.21,16.75
2026-06-30 18:00:00,13.97,70.56,879.64,13.51
2026-10-20 10:00:00,22.71,80.47,922.09,16.48
2026-03-30 10:00:00,24.64,83.27,820.61,16.79
2026-12-29 10:00:00,,,867.36,12.62
2026-05-23 16:00:00,11.93,71.09,890.6,12.72
2026-07-08 15:00:00,29.86,74.72,924.48,16.71
2026-05-10 08:00:00,16.19,83.37,904.14,14.49
2026-12-16 20:00:00,16.27,72.21,,13.31
2026-03-26 15:00:00,27.62,87.55,832.2,17.53
2026-11-10 08:00:00,16.36,76.08,934.8,12.06
2026-01-15 22:00:00,25.91,73.09,947.82,15.87
2026-08-02 19:00:00,13.48,80.53,937.73,12.35
2026-02-24 06:00:00,20.59,,,14.16
2026-09-27 07:00:00,,71.38,924.22,16.29
2026-08-05 07:00:00,15.48,75.67,828.2,13.49
2026-08-21 14:00:00,29.63,80.08,919.18,17.95
2026-09-07 05:00:00,,88.62,840.25,12.82
2026-11-12 20:00:00,13.55,82.1,839.25,13.53
2026-08-04 16:00:00,12.65,73.76,816.43,12.53
2026-06-12 18:00:00,24.51,90.24,,16.04
2026-01-23 21:00:00,11.94,72.87,912.29,11.74
2026-08-24 08:00:00,25.37,81.58,927.56,16.56
2026-01-28 17:00:00,10.18,75.98,861.2,11.45
2026-12-23 19:00:00,10.45,86.1,928.35,11.3
2026-09-09 21:00:00,,81.08,890.98,13.03
2026-05-14 09:00:00,12.38,77.64,920.65,12.84
2026-05-27 23:00:00,24.77,70.05,874.64,16.99
2026-04-28 15:00:00,27.75,89.04,935.53,17.4
2026-04-30 04:00:00,29.16,88.64,816.93,18.23
2026-12-28 20:00:00,16.18,90.09,901.02,12.83
2026-01-04 04:00:00,25.32,87.73,816.0,15.63
2026-05-28 08:00:00,,72.62,903.08,15.28
2026-04-20 14:00:00,20.61,74.29,933.89,14.66
2026-11-01 18:00:00,26.4,70.32,858.08,16.41
2026-02-14 06:00:00,31.45,86.79,861.86,18.94
2026-10-11 16:00:00,9.54,86.4,927.69,12.0
2026-09-21 11:00:00,31.77,70.28,904.94,18.62
2026-05-28 12:00:00,23.08,73.95,927.69,15.81
2026-03-03 20:00:00,10.94,73.37,846.39,12.69
2026-01-17 11:00:00,22.33,70.77,852.02,15.4
2026-01-27 15:00:00,8.14,75.74,861.54,11.27
2026-06-03 08:00:00,27.86,82.54,847.67,17.56
2026-06-24 09:00:00,10.69,78.57,890.67,12.04
2026-10-08 07:00:00,10.61,94.26,812.2,13.12
2026-01-09 03:00:00,30.43,85.17,,17.98
2026-02-15 05:00:00,30.62,87.03,949.52,19.03
2026-07-22 05:00:00,17.7,88.52,890.58,14.88
2026-12-03 04:00:00,29.75,79.98,883.81,17.96
2026-04-02 18:00:00,20.2,77.71,908.56,13.28
2026-01-20 15:00:00,14.2,71.36,862.89,12.81
2026-02-03 21:00:00,15.93,79.62,861.81,13.4
2026-02-19 21:00:00,28.26,79.19,895.85,17.17
2026-05-09 04:00:00,20.42,85.28,901.84,13.24
2026-06-21 19:00:00,10.67,81.19,876.97,11.8
2026-07-11 19:00:00,,76.99,890.36,18.03
2026-11-30 12:00:00,29.54,81.45,838.46,18.01
2026-09-20 21:00:00,29.61,69.1,,17.75
2026-10-11 03:00:00,12.11,87.82,926.43,12.55
2026-09-18 21:00:00,29.18,71.14,876.33,17.53
2026-11-21 07:00:00,17.33,87.3,807.98,15.23
2026-05-29 19:00:00,26.62,75.43,914.97,17.44
2026-10-03 18:00:00,14.42,84.43,896.04,12.87
2026-05-17 18:00:00,6.77,72.85,867.0,10.79
2026-07-27 17:00:00,13.13,86.0,851.93,13.01
2026-05-14 13:00:00,10.57,77.41,800.22,11.74
2026-04-17 08:00:00,17.64,71.11,864.67,13.79
2026-09-06 03:00:00,11.75,81.7,842.86,11.89
2026-03-05 17:00:00,8.32,69.48,889.22,11.61
2026-12-29 09:00:00,13.6,85.27,839.28,12.14
2026-06-22 19:00:00,9.9,76.88,838.47,12.17
2026-03-28 02:00:00,24.1,86.42,918.78,16.5
2026-06-09 01:00:00,27.61,88.73,917.0,16.98
2026-08-07 05:00:00,20.49,71.89,852.9,14.77
2026-03-17 22:00:00,24.49,85.97,877.37,17.23
2026-06-08 21:00:00,28.12,85.38,920.72,16.98
2026-08-05 22:00:00,18.27,76.15,816.67,14.78
2026-05-19 22:00:00,12.72,72.39,916.91,13.15
2026-07-31 07:00:00,9.98,83.0,908.22,12.22
2026-12-30 00:00:00,14.94,86.53,825.45,12.73
2026-08-11 07:00:00,24.66,,885.48,16.31
2026-09-15 18:00:00,24.45,73.98,862.69,15.87
2026-02-24 13:00:00,21.06,73.67,865.65,15.45
2026-05-22 03:00:00,12.69,71.71,815.53,13.66
2026-06-05 14:00:00,31.16,85.4,800.02,18.67
2026-11-08 10:00:00,17.8,73.31,922.68,13.3
2026-02-16 10:00:00,30.13,86.78,873.14,18.65
2026-03-03 07:00:00,10.05,67.63,827.67,12.08
2026-08-06 23:00:00,19.02,70.59,858.69,14.39
2026-07-03 02:00:00,22.3,66.65,874.55,14.56
2026-05-18 00:00:00,9.06,74.81,847.79,10.71
2026-12-24 16:00:00,10.09,83.65,891.11,11.24
2026-02-16 12:00:00,33.49,89.84,915.45,18.23
2026-09-16 04:00:00,22.33,73.2,876.28,14.78
2026-11-17 03:00:00,12.4,89.31,936.6,12.29
2026-06-28 22:00:00,16.05,69.69,875.15,13.62
2026-02-13 20:00:00,30.27,89.5,922.65,17.41
2026-04-08 07:00:00,,73.17,942.56,12.79
2026-06-30 20:00:00,18.62,70.85,811.82,14.82
2026-04-08 22:00:00,12.46,69.7,823.16,11.79
2026-09-20 10:00:00,28.78,73.99,893.4,16.42
2026-02-28 07:00:00,13.28,73.19,948.19,13.26
2026-05-03 07:00:00,30.27,87.92,895.75,17.76
2026-08-09 02:00:00,23.44,73.61,909.45,14.98
2026-08-10 19:00:00,24.98,68.94,926.24,16.04
2026-03-05 14:00:00,12.84,70.71,846.2,12.88
2026-01-13 12:00:00,27.11,76.22,841.82,16.41
2026-09-24 14:00:00,30.74,68.95,914.5,19.03
2026-12-22 06:00:00,9.56,79.39,907.09,12.36
2026-10-12 14:00:00,11.11,88.25,930.04,12.02
2026-07-14 00:00:00,28.69,78.05,928.22,17.58
2026-07-31 14:00:00,10.94,81.72,906.17,13.51
2026-07-07 11:00:00,25.77,73.91,897.8,17.09
2026-10-11 14:00:00,8.72,88.29,856.12,11.69
2026-08-15 07:00:00,28.59,71.62,,17.13
2026-11-11 09:00:00,14.14,79.96,835.69,12.85
2026-10-22 04:00:00,26.0,79.46,905.85,16.29
2026-08-29 11:00:00,14.47,89.07,801.54,13.67
2026-04-24 08:00:00,29.08,82.81,807.26,18.77
2026-05-13 06:00:00,11.48,78.54,,11.74
2026-09-12 09:00:00,19.72,78.3,947.16,14.59
2026-03-22 19:00:00,29.89,85.82,837.43,16.98
2026-06-02 19:00:00,30.1,81.29,865.28,18.75
2026-09-02 16:00:00,10.96,89.36,937.3,12.25
2026-07-06 10:00:00,27.54,74.42,843.93,17.61
2026-10-08 15:00:00,11.48,90.36,804.19,12.78
2026-01-06 02:00:00,29.78,89.02,933.55,17.96
2026-11-27 03:00:00,24.76,83.53,907.7,16.24
2026-09-16 10:00:00,28.29,73.61,869.73,16.98
2026-11-15 11:00:00,10.13,89.28,819.44,11.95
2026-06-01 11:00:00,28.49,78.74,831.9,17.51
2026-01-19 14:00:00,19.97,72.45,888.16,15.2
2026-06-29 11:00:00,16.13,72.14,823.37,13.96
2026-11-11 16:00:00,10.78,76.62,879.02,11.31
2026-03-27 12:00:00,27.36,87.57,905.39,16.97
2026-12-31 03:00:00,16.35,90.79,835.26,12.93
2026-04-02 10:00:00,19.98,78.38,,14.36
2026-06-23 11:00:00,7.25,73.12,878.23,11.84
2026-02-01 14:00:00,11.23,81.4,821.96,12.96
2026-06-20 13:00:00,11.48,81.83,834.91,12.23
2026-05-16 05:00:00,11.56,75.31,,13.01
2026-08-08 21:00:00,19.65,70.4,835.28,14.51
2026-11-30 18:00:00,27.46,79.46,922.8,16.06
2026-01-10 04:00:00,33.47,80.88,863.67,19.62
2026-09-27 04:00:00,26.49,73.88,852.74,16.48
2026-08-12 14:00:00,29.17,70.33,855.94,17.38
2026-10-19 00:00:00,16.46,82.69,833.22,13.42
2026-08-05 14:00:00,14.73,77.69,830.85,14.56
2026-10-27 21:00:00,29.63,73.77,918.92,17.21
2026-09-26 12:00:00,29.0,73.52,806.54,16.93
2026-02-04 16:00:00,15.4,88.63,924.26,13.49
2026-03-18 17:00:00,23.15,86.44,833.47,15.64
2026-09-10 22:00:00,16.61,82.08,896.27,13.78
2026-07-03 13:00:00,23.09,68.5,857.14,15.27
2026-10-15 14:00:00,13.78,88.81,,14.26
2026-06-15 04:00:00,17.48,90.34,811.26,14.63
2026-05-30 07:00:00,23.56,77.37,859.16,15.42
2026-04-28 02:00:00,29.48,89.58,884.51,18.25
2026-09-16 21:00:00,23.57,71.96,,17.09
2026-12-05 19:00:00,30.66,75.07,812.71,17.84
2026-08-11 19:00:00,22.81,70.94,897.19,15.61
2026-07-08 01:00:00,26.78,73.67,899.24,17.1
2026-02-16 19:00:00,28.08,86.57,861.99,17.16
2026-06-10 18:00:00,24.55,90.55,922.43,15.99
2026-09-02 01:00:00,10.0,,851.31,12.38
2026-11-08 05:00:00,19.23,76.66,892.42,14.06
2026-06-18 07:00:00,12.53,89.09,843.78,12.73
2026-06-30 04:00:00,14.98,70.38,937.79,13.36
2026-09-26 23:00:00,25.8,76.61,913.54,15.86
2026-10-07 04:00:00,13.72,,804.3,14.56
2026-11-02 07:00:00,28.11,70.64,830.66,17.14
2026-03-18 00:00:00,25.2,85.35,839.57,16.76
2026-08-13 06:00:00,26.52,71.71,,15.56
2026-02-23 20:00:00,21.55,73.98,945.0,14.56
2026-01-30 21:00:00,11.14,82.35,900.78,12.26
2026-09-20 16:00:00,26.53,70.52,891.74,15.26
2026-09-20 02:00:00,28.72,70.03,881.99,17.57
2026-01-25 10:00:00,10.58,72.65,867.57,12.44
2026-02-10 10:00:00,26.44,87.44,899.24,16.59
2026-07-23 04:00:00,13.91,88.91,894.04,13.16
2026-11-07 10:00:00,18.97,77.24,931.06,15.14
2026-07-10 06:00:00,31.01,,834.58,17.57
2026-10-05 01:00:00,14.89,86.96,919.83,12.96
2026-05-24 13:00:00,14.21,71.83,918.11,12.75
2026-07-08 12:00:00,30.38,73.25,949.05,17.97
2026-09-27 11:00:00,25.97,73.81,875.87,16.89
2026-02-16 01:00:00,28.41,86.53,,18.15
2026-03-08 03:00:00,10.2,75.98,908.71,12.06
2026-09-25 15:00:00,28.88,69.97,,16.74
2026-07-15 00:00:00,27.99,86.15,834.95,17.92
2026-04-07 05:00:00,13.78,,934.52,12.03
2026-07-18 11:00:00,24.38,87.12,832.41,17.04
2026-04-02 01:00:00,,82.73,901.08,15.5
2026-04-05 11:00:00,15.22,,922.62,13.59
2026-03-21 21:00:00,28.33,90.18,906.13,18.46
2026-09-18 04:00:00,26.32,69.87,843.73,16.6
2026-06-11 05:00:00,26.47,87.01,930.91,16.73
2026-12-30 02:00:00,18.49,91.09,862.1,14.39
2026-11-11 05:00:00,13.59,80.25,902.28,12.09
2026-12-20 10:00:00,13.72,77.1,915.3,13.77
2026-11-14 02:00:00,11.1,85.88,821.26,11.67
2026-08-19 19:00:00,30.37,81.22,923.06,18.2
2026-08-10 03:00:00,22.34,68.54,918.33,15.0
2026-10-05 13:00:00,12.94,84.95,883.81,12.81
2026-08-11 20:00:00,23.17,72.28,811.03,15.48
2026-12-28 13:00:00,15.12,85.49,859.22,12.35
2026-07-13 18:00:00,28.95,80.25,876.21,17.98
2026-02-09 06:00:00,25.54,90.97,896.08,16.49
2026-08-07 20:00:00,19.06,69.55,888.95,14.28
2026-12-14 01:00:00,19.24,65.14,854.99,14.21
2026-01-05 07:00:00,25.53,84.56,837.06,16.63
2026-04-12 01:00:00,10.84,67.93,820.93,12.32
2026-03-13 03:00:00,,,852.24,13.38
2026-10-03 10:00:00,18.14,79.9,917.9,14.85
2026-03-08 11:00:00,9.46,78.72,839.49,10.93
2026-12-28 11:00:00,15.69,88.02,805.39,13.7
2026-11-25 23:00:00,20.03,88.73,846.35,13.78
2026-05-15 16:00:00,9.1,74.88,911.72,10.3
2026-05-21 18:00:00,12.92,68.34,813.97,12.55
2026-05-01 00:00:00,26.36,90.41,880.78,17.21
2026-06-15 20:00:00,19.32,85.36,833.66,15.86
2026-06-06 00:00:00,28.39,85.45,876.83,18.41
2026-05-14 02:00:00,9.74,76.35,914.26,10.27
2026-11-10 12:00:00,14.53,78.73,900.22,11.96
2026-09-17 11:00:00,,74.04,901.25,16.25
2026-11-26 00:00:00,22.92,86.36,933.59,15.02
2026-01-22 09:00:00,13.51,72.21,943.17,12.39
2026-06-26 00:00:00,8.96,76.26,922.45,10.64
2026-01-11 14:00:00,,78.88,898.09,16.55
2026-08-16 17:00:00,29.95,75.92,819.26,17.8
2026-05-11 22:00:00,14.64,76.81,862.48,13.1
2026-01-11 10:00:00,27.86,80.25,912.39,16.89
2026-03-04 14:00:00,9.02,71.55,905.15,10.77
2026-06-10 16:00:00,23.67,93.07,850.96,17.2
2026-12-09 06:00:00,26.19,68.08,802.48,17.01
2026-09-22 11:00:00,31.91,69.58,872.08,19.14
2026-07-18 20:00:00,24.17,91.63,805.52,17.44
2026-01-13 22:00:00,27.62,77.67,884.49,16.7
2026-05-03 22:00:00,29.19,93.81,889.09,18.19
2026-08-18 18:00:00,31.39,77.96,913.3,17.33
2026-01-19 17:00:00,17.62,72.07,850.8,14.32
2026-04-03 10:00:00,21.14,80.36,805.12,16.05
2026-05-01 19:00:00,29.73,89.01,860.86,18.03
2026-06-05 05:00:00,30.87,84.41,913.63,17.47
2026-08-11 16:00:00,25.44,68.54,805.38,16.79
2026-01-02 20:00:00,20.89,,,15.13
2026-07-31 11:00:00,10.53,85.47,879.98,11.76
2026-06-16 20:00:00,13.62,87.9,913.03,11.91
2026-05-27 17:00:00,17.51,71.68,852.09,12.63
2026-12-16 15:00:00,15.01,76.13,936.85,12.72
2026-11-09 20:00:00,14.44,77.2,818.65,13.66
2026-11-20 21:00:00,13.56,94.12,914.98,13.48
2026-01-01 03:00:00,22.5,91.16,949.57,15.93
2026-08-05 02:00:00,14.67,81.83,847.75,12.35
2026-04-22 21:00:00,24.47,81.74,908.22,15.5
2026-08-24 00:00:00,24.91,82.69,923.41,17.3
2026-12-12 05:00:00,23.97,68.1,862.85,15.37
2026-09-18 09:00:00,28.99,70.24,830.84,17.86
2026-07-22 02:00:00,13.75,90.08,834.93,12.76
2026-12-20 22:00:00,9.06,77.17,833.94,11.27
2026-06-15 19:00:00,15.77,90.37,898.29,14.47
2026-09-12 12:00:00,19.14,80.08,866.78,13.98
2026-06-03 06:00:00,31.28,,826.27,18.9
2026-02-24 07:00:00,19.64,78.27,860.27,14.92
2026-08-30 00:00:00,13.74,91.73,814.13,13.39
2026-10-24 09:00:00,,76.79,907.34,15.1
2026-03-28 16:00:00,27.09,83.95,827.98,17.71
2026-01-24 00:00:00,14.45,73.03,893.14,12.18
2026-06-20 21:00:00,9.73,81.25,863.73,11.26
2026-05-14 08:00:00,12.06,77.67,,12.72
2026-08-21 09:00:00,27.7,77.73,871.6,17.63
2026-05-07 03:00:00,,89.92,869.13,15.96
2026-06-03 07:00:00,,83.23,851.07,17.69
2026-01-21 07:00:00,14.93,,937.67,13.23
2026-04-02 23:00:00,19.3,76.84,834.63,15.1
2026-01-09 00:00:00,30.13,81.38,915.31,18.38
2026-11-24 23:00:00,21.99,89.08,845.05,14.78
2026-05-17 16:00:00,,73.8,816.6,11.75
2026-04-07 20:00:00,11.78,75.02,874.18,11.37
2026-07-08 04:00:00,27.67,73.02,905.45,17.42
2026-04-11 16:00:00,10.84,70.58,840.79,11.94
2026-05-05 17:00:00,24.66,88.38,825.57,16.22
2026-11-21 22:00:00,14.48,91.69,855.33,13.3
2026-01-06 04:00:00,28.65,90.44,946.44,17.33
2026-10-09 23:00:00,10.54,88.53,898.09,12.16
2026-08-23 02:00:00,25.73,81.95,808.93,16.16
2026-03-31 07:00:00,23.66,84.07,884.6,15.41
2026-12-21 10:00:00,11.87,81.61,827.06,13.05
2026-03-08 17:00:00,13.23,72.41,885.3,12.15
2026-07-28 04:00:00,11.48,90.05,832.15,12.46
2026-08-12 01:00:00,28.19,69.02,906.92,16.5
2026-01-17 00:00:00,22.64,71.26,817.46,15.23
2026-05-09 05:00:00,20.02,85.96,933.41,14.7
2026-11-10 07:00:00,15.95,81.01,871.1,13.09
2026-01-12 04:00:00,28.73,79.0,868.39,16.89
2026-08-02 10:00:00,,80.72,802.81,12.99
2026-10-13 11:00:00,9.86,89.68,,11.81
2026-02-13 00:00:00,29.6,89.65,948.21,17.46
2026-03-22 10:00:00,27.73,88.92,870.85,17.55
2026-03-17 06:00:00,24.19,88.74,926.99,15.78
2026-09-05 13:00:00,11.37,88.65,876.72,12.26
2026-10-25 00:00:00,27.91,77.73,943.89,16.63
2026-12-29 02:00:00,,88.95,,13.12
2026-06-11 22:00:00,20.59,92.39,881.64,15.22
2026-06-23 13:00:00,11.2,78.07,905.13,12.11
2026-08-23 04:00:00,24.54,81.33,843.23,16.04
2026-03-22 20:00:00,30.22,88.87,933.26,18.3
2026-02-24 00:00:00,22.66,74.65,839.95,16.12
2026-02-05 03:00:00,18.24,85.91,897.3,14.44
2026-02-27 13:00:00,,72.77,924.54,12.53
2026-01-19 22:00:00,18.06,,844.45,13.97
2026-05-28 17:00:00,23.4,72.39,882.35,16.0
2026-05-17 05:00:00,11.03,75.58,888.04,12.48
2026-07-04 19:00:00,,67.67,900.34,15.48
2026-01-29 02:00:00,7.96,79.55,850.42,10.99
2026-03-09 11:00:00,13.57,74.54,846.24,11.63
2026-05-15 01:00:00,10.37,73.76,819.29,11.5
2026-03-31 02:00:00,21.77,81.93,920.96,14.8
2026-05-22 21:00:00,9.7,71.32,946.66,10.57
2026-04-19 05:00:00,18.13,76.35,923.91,13.22
2026-09-11 23:00:00,18.53,79.43,868.17,13.84
2026-06-26 11:00:00,9.62,,896.66,12.2
2026-06-30 14:00:00,17.5,72.9,844.64,13.55
2026-08-20 12:00:00,28.45,79.09,813.93,16.55
2026-11-01 02:00:00,27.63,69.6,885.34,17.32
2026-08-27 01:00:00,19.19,86.53,923.86,14.95
2026-01-29 21:00:00,11.26,78.1,893.53,11.95
2026-06-18 16:00:00,12.93,84.61,847.88,12.87
2026-06-07 05:00:00,28.21,89.33,882.36,18.0
2026-02-09 12:00:00,24.88,87.18,814.12,17.12
2026-05-25 20:00:00,19.5,75.6,934.27,14.79
2026-05-05 16:00:00,25.15,87.08,885.11,16.24
2026-07-10 13:00:00,28.96,81.61,935.81,17.1
2026-06-23 07:00:00,10.13,76.36,804.27,11.77
2026-04-21 06:00:00,20.75,76.51,947.65,13.77
2026-09-05 05:00:00,6.64,90.16,801.62,10.44
2026-04-06 01:00:00,12.9,72.18,806.29,12.8
2026-02-10 23:00:00,26.88,90.36,803.34,17.52
2026-05-12 09:00:00,13.57,79.21,808.31,13.37
2026-09-22 02:00:00,30.17,71.4,841.42,18.56
2026-03-01 07:00:00,11.69,71.52,910.62,12.51
2026-04-11 13:00:00,8.63,69.43,927.62,11.0
2026-07-12 15:00:00,31.0,81.87,916.74,18.07
2026-07-13 22:00:00,30.27,81.75,839.71,17.99
2026-01-19 01:00:00,21.43,71.29,854.98,15.18
2026-01-15 08:00:00,25.53,71.97,899.97,16.28
2026-11-16 07:00:00,10.99,88.84,,12.79
2026-04-28 19:00:00,,86.38,935.13,17.98
2026-12-28 03:00:00,12.84,91.3,841.7,12.75
2026-05-12 17:00:00,14.36,80.75,841.94,12.79
2026-11-12 06:00:00,,,902.15,12.61
2026-01-30 20:00:00,11.06,79.65,818.98,11.89
2026-04-13 20:00:00,11.92,69.73,819.24,11.24
2026-02-25 21:00:00,18.07,73.2,937.3,13.46
2026-05-27 10:00:00,21.4,72.71,923.37,14.4
2026-08-19 02:00:00,30.55,75.72,927.57,15.84
2026-07-10 20:00:00,30.23,73.17,831.47,18.79
2026-09-05 10:00:00,12.04,90.23,817.81,12.9
2026-02-07 20:00:00,23.25,87.28,824.3,16.67
2026-08-04 21:00:00,14.24,73.74,918.32,13.24
2026-02-14 20:00:00,27.57,89.93,854.72,17.37
2026-03-24 08:00:00,31.68,92.84,886.71,18.32
2026-02-23 10:00:00,23.33,75.38,876.62,14.96
2026-11-27 13:00:00,25.54,85.19,927.2,16.86
2026-05-18 05:00:00,10.53,71.24,866.66,12.6
2026-11-18 17:00:00,12.98,89.76,942.84,12.36
2026-10-24 13:00:00,26.54,75.92,846.54,17.27
2026-08-11 01:00:00,22.42,68.99,904.99,14.69
2026-11-21 20:00:00,12.14,92.93,817.67,13.54
2026-09-13 17:00:00,19.55,75.26,816.73,14.53
2026-06-10 20:00:00,24.84,88.81,817.87,17.88
2026-03-04 17:00:00,9.52,71.22,883.66,12.0
2026-11-10 19:00:00,15.15,77.21,927.81,13.05
2026-01-12 03:00:00,27.27,80.62,832.79,16.45
2026-04-22 08:00:00,23.52,75.36,,15.74
2026-04-28 13:00:00,31.1,88.96,831.21,18.52
2026-05-11 22:00:00,14.64,76.81,862.48,13.1
2026-12-29 03:00:00,15.62,90.59,921.88,14.22
2026-07-01 14:00:00,19.35,66.79,894.55,14.15
2026-08-17 22:00:00,30.55,77.61,800.19,17.88
2026-01-19 11:00:00,19.5,69.83,838.26,15.41
2026-03-22 04:00:00,32.55,86.74,808.2,18.96
2026-11-05 00:00:00,21.76,70.76,878.21,15.98
2026-10-13 23:00:00,11.79,89.53,831.25,13.75
2026-12-12 03:00:00,18.28,70.01,917.42,13.36
2026-01-15 05:00:00,26.77,76.15,835.29,17.51
2026-03-26 09:00:00,29.53,90.57,920.34,16.96
2026-08-09 06:00:00,20.35,70.29,805.46,14.89
2026-10-23 02:00:00,23.94,76.98,834.86,14.99
2026-12-20 07:00:00,8.92,81.23,885.42,11.4
2026-02-11 19:00:00,26.94,90.47,911.91,16.35
2026-10-04 14:00:00,14.67,82.45,853.86,14.6
2026-02-15 07:00:00,30.34,87.92,802.29,18.59
2026-07-11 22:00:00,29.47,78.22,819.56,17.26
2026-10-22 07:00:00,24.07,76.78,855.41,16.05
2026-10-11 06:00:00,9.6,83.34,874.53,11.46
2026-12-10 16:00:00,30.07,68.83,906.04,17.0
2026-04-26 07:00:00,29.09,86.31,,17.37
2026-08-02 16:00:00,12.31,77.64,884.93,12.2
2026-07-02 19:00:00,18.39,,823.01,14.49
2026-11-05 01:00:00,23.14,73.6,945.17,15.05
2026-02-05 09:00:00,17.29,87.95,830.69,14.15
2026-10-18 23:00:00,17.27,85.11,907.4,14.35
2026-03-05 21:00:00,9.78,70.75,821.86,11.89
2026-01-16 12:00:00,,73.1,946.01,16.81
2026-08-28 06:00:00,16.61,89.68,,13.98
2026-04-22 01:00:00,20.59,78.53,811.04,14.67
2026-06-24 02:00:00,12.8,73.3,940.08,11.46
2026-05-05 05:00:00,27.61,88.99,939.19,16.52
2026-10-01 17:00:00,21.95,81.55,924.11,14.76
2026-06-22 21:00:00,10.4,79.26,892.42,11.32
2026-06-07 16:00:00,29.74,86.33,946.84,17.38
2026-07-17 21:00:00,24.86,90.61,850.1,16.67
2026-02-04 14:00:00,14.75,87.77,,13.92
2026-10-15 03:00:00,17.89,89.12,855.04,14.25
2026-05-14 03:00:00,9.18,76.97,917.93,12.09
2026-11-06 20:00:00,19.5,73.24,910.51,14.75
2026-04-22 19:00:00,24.96,,946.22,15.5
2026-01-27 12:00:00,11.35,75.58,861.07,11.72
2026-03-10 14:00:00,12.84,76.64,909.94,12.48
2026-12-14 13:00:00,18.55,70.91,899.02,13.61
2026-06-09 00:00:00,27.26,91.91,845.23,16.24
2026-07-04 10:00:00,23.8,,837.93,16.62
2026-06-26 19:00:00,12.75,71.8,,11.95
2026-09-01 04:00:00,8.6,90.32,927.15,11.15
2026-10-28 00:00:00,30.03,69.15,874.19,17.31
2026-11-09 08:00:00,15.66,74.73,816.45,13.81
2026-05-14 17:00:00,12.11,71.66,903.93,11.66
2026-08-09 04:00:00,24.47,71.22,865.59,15.08
2026-06-23 16:00:00,11.49,,849.64,12.61
2026-10-02 10:00:00,20.95,80.6,842.52,15.38
2026-07-18 02:00:00,23.59,87.79,949.93,15.39
2026-12-22 18:00:00,10.5,79.2,821.97,12.57
2026-06-07 01:00:00,28.62,87.01,902.34,16.24
2026-07-08 11:00:00,31.68,72.08,816.4,17.75
2026-04-19 08:00:00,15.21,77.93,808.66,13.87
2026-06-21 03:00:00,12.76,82.18,913.49,12.46
2026-12-29 11:00:00,14.06,90.25,822.75,13.66
2026-11-06 10:00:00,20.88,72.79,863.48,14.95
2026-09-28 07:00:00,,72.29,832.49,15.76
2026-10-16 08:00:00,14.53,86.15,849.87,13.26
2026-02-20 05:00:00,27.1,81.75,917.76,16.5
2026-04-19 13:00:00,18.1,76.85,800.91,14.45
2026-12-10 13:00:00,23.16,66.92,800.29,15.94
2026-07-03 21:00:00,18.63,71.25,858.0,13.58
2026-04-01 09:00:00,22.18,80.92,820.86,15.22
2026-07-15 13:00:00,28.58,84.54,932.14,17.09
2026-09-21 15:00:00,30.79,71.46,821.21,17.32
2026-04-15 12:00:00,10.4,73.34,899.87,11.22
2026-01-17 14:00:00,22.65,74.39,842.39,15.13
2026-01-12 17:00:00,30.02,78.18,,17.15
2026-07-22 10:00:00,17.33,,925.04,13.48
2026-03-09 17:00:00,13.73,74.9,948.21,11.42
2026-04-06 02:00:00,15.65,73.94,828.87,13.52
2026-12-26 12:00:00,12.9,90.08,887.64,12.11
2026-10-12 19:00:00,8.79,93.59,811.04,12.69
2026-03-09 03:00:00,9.19,73.95,932.58,11.79
2026-06-27 06:00:00,12.52,71.79,,11.56
2026-10-30 14:00:00,30.25,,914.07,17.72
2026-01-27 18:00:00,9.67,71.45,946.35,12.07
2026-10-30 23:00:00,29.84,67.81,852.77,18.49
2026-03-06 05:00:00,12.68,69.39,941.97,12.24
2026-08-07 13:00:00,19.23,71.33,861.72,15.18
2026-05-23 07:00:00,13.84,69.36,855.99,12.26
2026-03-11 13:00:00,15.22,,805.87,12.91
2026-12-01 08:00:00,23.76,79.09,862.24,16.2
2026-09-01 10:00:00,9.01,90.66,840.24,11.62
2026-11-03 23:00:00,24.61,73.23,936.32,15.09
2026-05-10 04:00:00,16.5,84.8,808.35,14.7
2026-09-17 00:00:00,,70.5,937.84,15.71
2026-03-12 00:00:00,15.68,77.88,876.05,13.59
2026-08-11 04:00:00,25.61,67.11,882.99,15.53
2026-01-14 03:00:00,27.75,78.62,946.89,17.43
2026-11-05 02:00:00,23.65,74.23,938.08,16.89
2026-01-22 16:00:00,11.94,72.52,926.94,12.49
2026-05-22 08:00:00,12.71,72.4,826.01,13.06
2026-10-09 13:00:00,10.99,90.74,831.74,12.95
2026-05-02 11:00:00,31.6,88.4,885.7,17.88
2026-06-01 15:00:00,28.94,78.31,894.0,16.91
2026-09-02 20:00:00,,90.98,846.19,11.7
2026-10-07 08:00:00,11.4,87.92,890.44,11.83
2026-01-28 16:00:00,8.94,77.61,817.87,10.42
2026-02-08 13:00:00,,91.5,,15.5
2026-09-12 14:00:00,20.04,78.9,,14.22
2026-09-02 00:00:00,7.47,88.7,850.43,11.33
2026-08-03 10:00:00,12.75,77.4,824.02,13.29
2026-04-17 23:00:00,16.76,74.86,836.32,13.6
2026-08-05 13:00:00,15.43,76.29,946.73,13.39
2026-07-09 08:00:00,,71.4,837.68,17.68
2026-11-21 06:00:00,13.53,90.45,922.49,13.5
2026-04-13 23:00:00,14.53,69.12,891.48,12.7
2026-10-10 17:00:00,9.37,89.13,920.9,12.41
2026-11-18 02:00:00,12.81,88.74,833.47,12.73
2026-11-27 22:00:00,21.93,87.14,814.8,16.86
2026-06-09 02:00:00,27.15,86.36,878.81,17.31
2026-10-06 02:00:00,14.58,83.87,814.62,13.42
2026-10-27 20:00:00,30.44,71.12,803.69,17.21
2026-07-15 18:00:00,27.75,86.17,888.73,17.56
2026-08-09 12:00:00,20.35,69.14,877.81,14.83
2026-04-07 18:00:00,12.56,73.54,875.28,12.09
2026-05-31 17:00:00,26.84,74.26,842.8,17.16
2026-09-11 20:00:00,,80.87,876.18,14.52
2026-03-08 12:00:00,11.94,74.62,855.7,12.17
2026-12-17 21:00:00,14.84,73.63,840.95,11.18
2026-07-28 19:00:00,11.27,81.98,941.93,11.69
2026-02-25 00:00:00,19.64,77.5,875.82,15.06
2026-06-04 03:00:00,29.52,83.04,844.86,17.47
2026-01-10 18:00:00,33.16,80.56,827.42,18.18
2026-06-17 12:00:00,17.92,89.1,884.38,14.3
2026-03-17 07:00:00,24.62,87.53,819.79,16.24
2026-01-01 11:00:00,20.09,93.11,926.03,14.46
2026-01-30 02:00:00,,80.04,809.06,11.88
2026-07-31 04:00:00,10.22,83.1,873.06,10.64
2026-12-31 22:00:00,20.17,91.27,860.4,15.67
2026-06-22 07:00:00,9.58,82.07,896.45,11.03
2026-03-29 15:00:00,27.52,84.66,834.5,17.36
2026-07-16 16:00:00,27.95,90.09,856.77,16.01
2026-03-31 19:00:00,21.54,82.19,831.98,15.7
2026-07-24 18:00:00,11.71,89.1,867.7,12.01
2026-04-19 02:00:00,18.88,76.4,832.62,14.0
2026-12-07 13:00:00,27.56,74.85,860.85,17.24
2026-03-21 06:00:00,30.57,91.49,889.38,17.58
2026-02-10 05:00:00,28.13,89.39,918.98,16.92
2026-11-09 14:00:00,17.16,76.71,849.62,13.12
2026-06-20 17:00:00,10.14,82.95,848.88,12.0
2026-02-04 11:00:00,15.78,87.03,838.16,13.79
2026-02-10 14:00:00,25.8,92.72,936.3,16.74
2026-04-14 07:00:00,12.28,,826.38,12.71
2026-11-01 10:00:00,29.94,71.86,948.91,16.66
2026-03-27 07:00:00,28.53,87.94,864.53,17.88
2026-12-25 02:00:00,10.6,88.58,851.41,13.14
2026-01-28 04:00:00,9.6,76.3,825.39,11.11
2026-04-17 18:00:00,14.07,73.55,898.66,11.9
2026-01-15 14:00:00,26.37,,810.39,16.96
2026-06-11 04:00:00,25.24,90.31,913.87,15.53
2026-11-29 08:00:00,24.7,82.74,873.22,16.66
2026-12-15 07:00:00,16.42,72.63,893.4,13.59
2026-06-27 15:00:00,12.14,77.39,939.82,12.52
2026-10-06 08:00:00,,87.0,887.67,13.28
2026-06-11 02:00:00,25.64,89.61,864.23,17.15
2026-02-28 02:00:00,14.01,71.04,802.17,14.31
2026-06-13 15:00:00,21.74,89.48,876.98,14.95
2026-03-29 11:00:00,27.29,84.46,907.08,16.42
2026-05-31 19:00:00,28.71,79.58,911.49,18.19
2026-09-30 05:00:00,24.45,,933.85,15.75
2026-01-14 23:00:00,26.51,74.73,830.68,16.58
2026-03-19 21:00:00,26.84,92.4,,17.63
2026-03-13 17:00:00,17.42,80.66,937.0,13.09
2026-07-15 07:00:00,26.63,82.2,884.85,16.95
2026-10-09 21:00:00,10.76,91.73,879.8,11.94
2026-10-19 14:00:00,19.33,82.77,801.74,13.62
2026-07-28 11:00:00,9.79,85.85,860.89,10.83
2026-04-05 23:00:00,14.72,73.07,843.95,13.59
2026-03-05 11:00:00,8.59,71.29,866.6,11.58
2026-06-29 04:00:00,13.97,72.34,947.18,12.0
2026-03-28 12:00:00,28.21,85.32,,17.85
2026-12-12 13:00:00,25.28,69.03,804.76,16.05
2026-01-10 22:00:00,28.91,78.97,947.44,16.84
2026-05-21 02:00:00,8.81,70.98,921.94,10.7
2026-12-23 17:00:00,11.18,85.65,850.31,12.17
2026-07-03 19:00:00,22.15,72.5,905.75,15.38
2026-10-08 00:00:00,12.03,87.63,905.26,12.68
2026-06-07 23:00:00,28.2,84.73,919.09,17.03
2026-05-20 20:00:00,11.4,70.86,829.08,11.43
2026-09-08 22:00:00,16.68,83.73,838.06,14.05
2026-12-10 17:00:00,25.96,72.17,887.11,15.31
2026-04-14 03:00:00,12.19,70.73,944.58,11.32
2026-05-10 11:00:00,17.94,79.09,929.7,14.22
2026-02-12 05:00:00,27.29,89.25,870.1,16.19
2026-06-02 09:00:00,25.78,80.82,856.36,16.5
2026-06-07 05:00:00,28.21,89.33,882.36,18.0
2026-10-21 13:00:00,21.85,82.73,876.15,14.66
2026-05-24 07:00:00,15.97,70.26,824.27,13.93
2026-09-12 23:00:00,18.6,76.72,844.4,13.7
2026-03-31 13:00:00,20.42,81.21,918.03,14.91
2026-03-02 02:00:00,,71.04,917.5,12.67
2026-04-05 10:00:00,12.13,75.71,854.66,13.54
2026-07-13 08:00:00,30.78,79.0,883.58,18.42
2026-04-06 23:00:00,13.12,75.34,927.5,12.65
2026-05-16 15:00:00,10.45,73.36,894.44,12.39
2026-01-26 04:00:00,11.33,74.96,908.72,12.13
2026-11-13 04:00:00,12.05,82.91,833.98,13.99
2026-03-29 07:00:00,26.17,84.2,886.96,15.68
2026-12-14 23:00:00,17.03,67.74,876.8,13.22
2026-11-13 11:00:00,10.21,83.22,815.66,11.52
2026-08-31 05:00:00,11.17,87.48,934.27,12.36
2026-06-22 08:00:00,10.07,,,12.25
2026-09-24 21:00:00,31.24,69.74,826.14,17.12
2026-01-04 20:00:00,25.08,84.96,890.81,16.5
2026-06-15 12:00:00,18.35,85.81,922.62,14.16
2026-06-02 23:00:00,30.63,84.45,933.32,16.98
2026-07-06 20:00:00,26.76,72.18,914.15,16.13
2026-05-26 10:00:00,18.54,73.28,923.98,14.3
2026-09-27 23:00:00,26.47,79.84,860.89,18.46
2026-01-01 18:00:00,19.93,92.25,874.73,15.64
2026-08-18 06:00:00,30.05,75.21,824.19,17.09
2026-05-04 14:00:00,27.08,90.61,906.04,18.28
2026-03-28 10:00:00,26.46,90.09,,16.61
2026-01-04 19:00:00,27.53,86.81,869.9,17.48
2026-09-19 01:00:00,28.4,68.27,872.52,17.39
2026-01-18 16:00:00,21.97,70.46,859.46,15.6
2026-12-19 13:00:00,8.32,78.56,899.59,11.12
2026-07-07 10:00:00,,73.75,940.66,14.89
2026-08-21 03:00:00,26.89,77.94,903.62,17.09
2026-05-23 22:00:00,15.66,71.02,858.76,13.65
2026-10-17 14:00:00,14.01,89.5,861.68,13.01
2026-08-03 21:00:00,17.89,74.09,897.52,15.07
2026-03-15 17:00:00,22.06,84.19,879.8,15.63
2026-06-19 11:00:00,12.61,81.38,939.82,12.81
2026-09-18 13:00:00,28.12,73.38,812.74,17.45
2026-05-09 12:00:00,18.41,85.02,849.17,13.92
2026-05-03 03:00:00,27.54,,801.66,18.05
2026-12-31 01:00:00,18.07,91.54,813.28,13.88
2026-05-06 03:00:00,27.18,88.76,911.04,16.12
2026-11-10 15:00:00,13.86,77.97,875.6,13.07
2026-06-26 22:00:00,12.07,71.86,804.1,11.29
2026-10-10 10:00:00,11.26,89.64,902.5,11.7
2026-11-24 19:00:00,20.06,87.69,942.61,14.36
2026-07-20 16:00:00,22.08,92.83,923.58,15.71
2026-03-07 23:00:00,10.73,,945.83,11.12
2026-09-15 05:00:00,20.97,78.38,938.23,14.63
2026-10-12 06:00:00,8.99,90.2,942.39,11.13
2026-11-12 11:00:00,12.19,81.98,849.66,12.69
2026-06-01 00:00:00,30.45,77.57,805.84,17.86
2026-04-26 13:00:00,26.31,82.7,860.13,17.85
2026-10-26 20:00:00,29.0,72.38,938.65,17.19
2026-10-07 11:00:00,11.7,86.55,810.21,12.17
2026-11-20 14:00:00,16.45,87.94,,13.43
2026-08-13 05:00:00,26.91,69.03,808.98,17.48
2026-04-08 21:00:00,10.32,68.76,937.04,11.42
2026-03-02 08:00:00,13.65,70.05,838.61,12.68
2026-02-03 05:00:00,15.66,85.66,858.68,12.88
2026-08-17 21:00:00,33.03,75.52,848.17,18.47
2026-07-04 14:00:00,20.87,,802.84,14.46
2026-01-18 04:00:00,19.55,72.4,868.18,14.6
2026-01-31 20:00:00,8.96,80.11,823.9,11.18
2026-07-14 16:00:00,29.36,83.82,893.47,18.93
2026-07-03 06:00:00,22.94,66.98,943.43,15.16
2026-09-15 22:00:00,25.71,77.35,934.76,16.47
2026-04-23 21:00:00,27.85,82.34,875.36,16.53
2026-01-04 18:00:00,26.16,92.1,901.18,17.94
2026-12-30 09:00:00,17.6,87.97,912.99,14.47
2026-07-19 00:00:00,22.89,86.58,890.33,15.88
2026-01-16 20:00:00,22.78,72.27,909.85,14.36
2026-10-19 06:00:00,19.65,86.28,,15.85
2026-08-07 23:00:00,18.27,71.8,851.34,14.22
2026-08-28 11:00:00,16.55,87.1,934.92,14.25
2026-06-26 01:00:00,11.83,70.77,941.26,12.46
2026-10-06 10:00:00,13.84,89.73,933.51,12.9
2026-12-15 15:00:00,17.34,71.93,803.24,13.11
2026-08-09 09:00:00,23.75,68.91,927.08,14.46
2026-04-22 02:00:00,23.99,72.69,817.91,16.03
2026-12-14 00:00:00,19.59,72.89,918.57,16.54
2026-01-12 15:00:00,28.51,77.7,875.22,17.31
2026-10-09 20:00:00,,88.73,861.53,11.5
2026-08-27 21:00:00,16.91,,942.1,13.67
2026-01-25 16:00:00,11.78,70.21,914.55,12.08
2026-09-05 08:00:00,11.98,88.67,847.97,12.46
2026-01-02 01:00:00,21.95,90.32,927.04,14.48
2026-02-18 22:00:00,27.3,82.83,922.71,16.69
2026-04-13 21:00:00,10.61,70.29,913.48,11.07
2026-12-28 05:00:00,15.18,90.06,923.23,13.79
2026-10-07 05:00:00,11.67,89.07,811.72,12.81
2026-08-14 14:00:00,28.01,67.6,836.76,16.1
2026-05-26 08:00:00,17.5,72.27,854.06,13.19
2026-07-17 23:00:00,24.2,86.42,945.71,15.33
2026-05-07 12:00:00,21.6,83.58,923.06,15.88
2026-08-08 07:00:00,21.17,73.69,852.57,15.23
2026-08-28 16:00:00,18.0,86.56,836.51,14.83
2026-07-30 10:00:00,11.14,87.63,904.83,12.01
2026-07-05 08:00:00,25.44,71.25,825.17,16.49
2026-10-20 19:00:00,19.72,82.95,839.21,14.17
2026-11-26 01:00:00,,88.34,941.2,15.13
2026-02-15 01:00:00,29.43,90.34,933.78,18.77
2026-11-16 14:00:00,11.13,88.29,936.12,12.02
2026-07-10 01:00:00,32.22,74.46,858.9,18.34
2026-03-17 21:00:00,24.88,92.5,914.3,16.2
2026-03-14 22:00:00,15.82,81.06,860.89,12.83
2026-10-18 00:00:00,18.35,87.53,886.09,14.22
2026-07-26 21:00:00,,89.51,836.84,11.99
2026-02-27 06:00:00,18.02,69.39,870.97,14.1
2026-12-21 19:00:00,10.51,78.43,935.52,12.0
2026-02-18 23:00:00,27.97,82.9,827.31,17.33
2026-05-21 05:00:00,14.55,69.14,821.05,13.33
2026-04-19 00:00:00,17.4,77.93,885.43,13.63
2026-10-17 22:00:00,20.54,84.62,888.11,15.26
2026-11-25 00:00:00,23.5,90.71,913.07,16.93
2026-10-25 13:00:00,28.78,75.06,885.83,17.1
2026-01-07 16:00:00,27.66,88.49,807.98,16.95
2026-03-12 16:00:00,14.6,78.48,948.44,12.71
2026-01-05 05:00:00,26.0,88.22,922.36,16.52
2026-08-04 19:00:00,,,897.73,13.03
2026-01-15 03:00:00,25.67,73.21,800.08,16.48
2026-04-29 08:00:00,,84.99,807.91,17.77
2026-01-26 11:00:00,10.45,72.96,916.86,12.29
2026-07-29 18:00:00,11.08,,934.75,12.53
2026-09-25 14:00:00,30.66,71.08,890.57,19.32
2026-03-17 14:00:00,23.91,84.34,846.82,15.83
2026-09-27 02:00:00,26.11,73.84,,16.1
2026-05-15 22:00:00,10.83,75.14,891.13,12.08
2026-04-10 21:00:00,8.53,69.93,865.96,11.72
2026-09-30 22:00:00,21.35,78.72,854.15,16.02
2026-03-28 19:00:00,,87.54,837.57,16.54
2026-11-19 18:00:00,13.8,90.65,942.71,13.58
2026-08-06 19:00:00,18.6,75.33,821.34,13.23
2026-10-01 01:00:00,20.04,76.71,938.6,15.23
2026-09-21 08:00:00,31.62,69.56,873.1,19.11
2026-07-26 19:00:00,11.82,92.73,859.38,13.63
2026-02-19 20:00:00,27.45,82.11,867.98,17.19
2026-03-26 20:00:00,29.51,84.57,900.52,17.71
2026-11-17 09:00:00,9.86,90.29,884.89,11.27
2026-05-30 06:00:00,28.21,74.32,880.24,17.49
2026-05-10 16:00:00,16.28,84.05,897.75,14.27
2026-12-11 12:00:00,,69.36,931.61,14.93
2026-10-28 17:00:00,32.31,71.46,909.32,18.86
2026-04-10 23:00:00,10.13,73.85,891.05,12.4
2026-01-04 15:00:00,26.34,88.71,916.91,17.16
2026-01-18 06:00:00,22.21,,823.98,14.68
2026-04-05 07:00:00,13.38,77.29,894.59,11.74
2026-07-02 03:00:00,18.57,72.45,839.9,13.5
2026-11-04 23:00:00,,74.01,839.56,16.11
2026-05-06 01:00:00,23.18,90.29,944.52,15.14
2026-12-27 21:00:00,11.44,87.41,872.93,13.36
2026-06-25 08:00:00,9.29,76.06,815.37,11.08
2026-07-29 15:00:00,11.89,85.73,940.71,12.09
2026-01-16 14:00:00,27.66,,899.59,16.54
2026-01-09 13:00:00,28.54,79.36,828.09,17.18
2026-07-21 19:00:00,17.96,,936.38,14.58
2026-03-19 08:00:00,28.89,89.09,852.46,17.81
2026-04-08 04:00:00,9.2,71.93,868.36,11.12
2026-06-17 01:00:00,16.3,87.55,863.24,13.69
2026-05-05 21:00:00,22.87,92.24,866.13,15.92
2026-04-29 20:00:00,28.34,90.02,938.13,16.92
2026-04-16 06:00:00,13.96,70.7,876.19,12.56
2026-07-06 17:00:00,27.08,70.52,856.57,16.55
2026-12-02 16:00:00,29.58,77.06,854.36,18.14
2026-08-12 21:00:00,27.37,68.05,807.83,16.68
2026-11-28 08:00:00,,85.38,927.49,16.84
2026-07-17 05:00:00,26.4,86.37,912.48,17.18
2026-08-05 23:00:00,15.84,75.58,806.15,13.33
2026-05-22 19:00:00,13.25,70.12,807.26,13.3
2026-01-08 04:00:00,29.32,84.49,826.31,17.94
2026-01-30 00:00:00,10.88,79.39,880.8,12.43
2026-10-02 12:00:00,17.34,78.06,840.23,14.01
2026-09-15 12:00:00,24.87,73.56,868.64,16.73
2026-09-02 09:00:00,9.67,94.35,807.53,12.55
2026-01-08 21:00:00,27.5,84.55,850.6,17.07
2026-11-30 13:00:00,28.53,81.93,811.42,17.79
2026-11-13 20:00:00,11.37,84.15,853.34,12.55
2026-12-26 02:00:00,12.56,87.86,861.74,13.08
2026-07-06 05:00:00,26.57,72.87,911.44,17.65
2026-02-21 17:00:00,24.69,77.82,876.26,16.02
2026-03-29 10:00:00,23.79,87.57,,15.07
2026-05-17 06:00:00,9.73,74.49,823.38,12.26
2026-12-13 02:00:00,18.94,70.48,861.83,13.71
2026-06-05 00:00:00,31.49,83.92,813.59,17.54
2026-05-11 16:00:00,16.59,81.07,805.0,14.1
2026-01-10 17:00:00,28.97,77.04,917.27,17.19
2026-10-18 04:00:00,17.24,85.9,871.9,13.65
2026-07-31 18:00:00,10.66,82.05,900.9,12.96
2026-02-25 01:00:00,,71.14,890.25,14.55
2026-06-03 05:00:00,29.24,81.34,887.49,17.47
2026-04-14 14:00:00,10.92,71.01,834.96,11.88
2026-10-24 04:00:00,23.07,76.82,940.3,15.38
2026-05-21 21:00:00,14.08,67.92,931.29,12.72
2026-03-10 15:00:00,14.65,74.95,,12.89
2026-02-20 10:00:00,24.91,78.6,842.97,16.6
2026-09-12 03:00:00,16.63,,849.88,13.45
2026-12-29 01:00:00,15.41,89.36,808.5,14.61
2026-05-28 19:00:00,25.26,75.93,874.18,15.8
2026-10-20 04:00:00,21.65,81.19,922.56,15.17
2026-02-23 08:00:00,22.6,76.26,831.38,15.09
2026-04-28 05:00:00,,87.76,872.91,17.52
2026-09-21 21:00:00,29.49,70.4,914.31,17.24
2026-08-27 02:00:00,19.12,85.19,868.55,14.89
2026-09-29 08:00:00,22.85,76.6,883.61,15.54
2026-05-15 08:00:00,11.36,77.45,920.05,11.74
2026-05-15 13:00:00,10.73,79.29,841.13,12.2
2026-03-11 09:00:00,,78.58,841.28,13.18
2026-11-11 11:00:00,11.86,77.22,901.83,12.33
2026-03-09 22:00:00,13.06,70.47,846.65,13.41
2026-12-20 04:00:00,11.27,74.42,805.91,12.32
2026-05-19 17:00:00,11.75,67.18,839.03,12.64
2026-12-01 04:00:00,24.74,82.68,934.52,16.28
2026-12-12 22:00:00,20.28,,814.11,15.35
2026-01-02 22:00:00,22.55,87.83,870.57,14.54
2026-09-02 12:00:00,9.52,,864.01,12.31
2026-10-14 14:00:00,11.55,87.41,862.8,12.68
2026-10-31 11:00:00,29.12,69.53,907.05,17.28
2026-01-07 07:00:00,29.35,83.97,807.62,17.5
2026-07-08 05:00:00,28.86,73.21,897.62,17.07
2026-08-12 22:00:00,28.17,70.42,871.8,16.0
2026-05-03 05:00:00,29.58,89.02,850.41,18.54
2026-12-17 03:00:00,14.2,71.66,,11.92
2026-08-18 08:00:00,29.05,75.07,,18.22
2026-07-07 17:00:00,,75.36,863.44,17.14
2026-04-21 04:00:00,19.53,78.69,911.05,14.89
2026-12-04 10:00:00,30.65,75.11,930.13,17.73
2026-04-12 19:00:00,11.34,69.78,921.32,11.6
2026-06-09 17:00:00,24.89,95.2,,16.66
2026-12-12 18:00:00,21.37,70.0,908.97,14.92
2026-07-26 18:00:00,11.21,87.24,940.97,12.47
2026-08-16 13:00:00,30.94,74.19,901.26,16.76
2026-02-28 20:00:00,14.21,71.75,807.52,12.52
2026-11-26 05:00:00,19.59,86.92,850.13,14.18
2026-12-29 00:00:00,18.18,88.64,903.12,13.83
2026-11-09 09:00:00,19.55,71.97,811.23,14.76
2026-06-17 06:00:00,14.92,86.79,836.01,13.28
2026-09-03 02:00:00,11.24,85.66,815.63,12.82
2026-12-07 06:00:00,31.59,70.72,893.55,19.66
2026-06-10 12:00:00,,86.6,835.43,17.04
2026-11-24 20:00:00,17.19,91.5,,13.93
2026-07-05 13:00:00,25.48,68.1,906.59,16.12
2026-09-03 21:00:00,6.25,91.64,900.45,10.94
2026-10-02 07:00:00,16.7,83.91,866.12,13.32
2026-09-10 07:00:00,17.05,83.7,820.09,13.99
2026-03-19 15:00:00,24.53,91.29,888.92,16.41
2026-09-18 07:00:00,28.34,70.35,916.59,16.37
2026-01-14 22:00:00,28.25,76.91,888.25,16.54
2026-06-04 14:00:00,27.81,86.76,943.91,15.9
2026-04-07 08:00:00,12.66,70.67,845.35,12.89
2026-10-12 20:00:00,11.97,90.69,852.52,13.51
2026-02-06 13:00:00,20.41,91.13,,14.41
2026-11-17 17:00:00,8.16,85.47,926.34,11.23
2026-08-01 19:00:00,11.32,80.74,,11.59
2026-07-04 03:00:00,19.47,70.79,807.72,15.32
2026-10-05 10:00:00,13.89,84.79,892.09,12.91
2026-09-17 19:00:00,28.23,69.86,,16.42
2026-10-11 02:00:00,,91.77,884.38,12.27
2026-06-07 10:00:00,26.11,85.13,885.89,16.54
2026-09-05 16:00:00,11.0,84.77,821.11,12.54
2026-03-31 14:00:00,22.55,82.39,890.81,16.81
2026-05-23 04:00:00,16.88,65.94,898.31,13.57
2026-12-07 02:00:00,30.28,74.2,,17.54
2026-04-03 21:00:00,18.73,79.1,929.66,14.22
2026-09-15 00:00:00,22.36,71.44,900.53,14.64
2026-02-08 18:00:00,22.95,90.58,908.92,17.11
2026-02-26 00:00:00,19.28,70.95,869.17,12.79
2026-07-13 02:00:00,28.66,81.44,929.43,17.28
2026-03-10 23:00:00,13.16,76.55,922.58,11.41
2026-11-11 01:00:00,10.7,78.18,832.27,11.63
2026-01-02 16:00:00,23.94,88.04,947.76,15.98
2026-11-25 01:00:00,17.92,87.24,811.08,14.69
2026-05-18 02:00:00,12.14,74.84,849.46,12.82
2026-05-13 11:00:00,13.51,82.28,883.28,13.3
2026-02-14 17:00:00,27.95,87.29,834.98,18.44
2026-06-27 16:00:00,12.54,72.92,,11.72
2026-11-12 07:00:00,10.49,81.2,868.57,11.53
2026-09-09 04:00:00,10.3,82.76,849.89,12.1
2026-08-19 21:00:00,31.38,75.01,909.56,17.42
2026-08-02 20:00:00,12.85,78.35,883.81,12.48
2026-08-13 15:00:00,28.51,69.81,896.41,17.04
2026-08-17 08:00:00,32.93,72.26,829.92,19.2
2026-10-21 18:00:00,24.47,76.78,890.93,15.54
2026-02-20 04:00:00,27.16,83.99,866.76,16.69
2026-02-28 15:00:00,16.06,70.81,949.0,14.61
2026-10-13 17:00:00,10.75,91.37,946.98,12.65
2026-11-22 16:00:00,14.5,,913.96,13.61
2026-03-26 00:00:00,29.08,85.86,919.63,17.4
2026-03-10 13:00:00,13.71,78.42,906.78,12.84
2026-08-25 09:00:00,25.69,,840.75,15.65
2026-09-15 06:00:00,23.52,76.65,873.73,15.51
2026-10-06 20:00:00,11.93,86.62,892.92,12.5
2026-12-26 11:00:00,13.33,88.66,858.32,13.68
2026-09-05 04:00:00,10.25,86.12,839.85,11.28
2026-03-15 10:00:00,20.84,79.93,811.62,14.87
2026-12-25 13:00:00,12.77,84.6,914.96,13.19
2026-05-31 21:00:00,27.99,82.91,935.07,17.93
2026-12-30 22:00:00,15.86,88.78,935.49,13.64
2026-04-29 17:00:00,29.19,87.48,931.06,17.95
2026-07-22 07:00:00,20.85,90.25,899.22,14.42
2026-07-24 07:00:00,13.68,85.33,842.66,13.26
2026-01-04 09:00:00,26.02,,816.05,16.99
2026-10-25 10:00:00,27.27,73.29,810.72,16.23
2026-06-09 14:00:00,26.87,86.86,881.64,16.75
2026-11-07 07:00:00,19.14,,819.4,15.43
2026-12-20 14:00:00,11.37,76.51,943.33,12.88
2026-08-27 18:00:00,17.18,88.52,851.77,14.06
2026-07-08 09:00:00,30.11,74.05,837.84,17.61
2026-12-19 12:00:00,10.48,79.09,919.44,11.81
2026-08-07 02:00:00,18.93,72.2,880.65,14.3
2026-06-06 17:00:00,29.61,85.54,923.3,17.89
2026-12-20 02:00:00,11.82,79.57,926.58,12.12
2026-11-18 21:00:00,8.79,87.01,838.61,12.14
2026-07-07 20:00:00,28.95,72.86,907.85,17.58
2026-02-02 04:00:00,14.17,79.63,871.78,13.31
2026-06-26 06:00:00,8.86,73.82,925.47,11.11
2026-04-23 17:00:00,26.83,81.56,,17.51
2026-11-25 09:00:00,19.49,88.82,919.09,14.37
2026-05-21 06:00:00,10.87,70.06,812.71,12.36
2026-05-20 23:00:00,9.92,68.82,863.58,10.44
2026-04-24 04:00:00,26.86,84.87,880.53,17.74
2026-01-27 06:00:00,7.65,73.75,835.39,11.64
2026-07-31 05:00:00,10.71,79.94,938.19,12.26
2026-03-06 09:00:00,10.74,68.93,920.83,11.16
2026-11-03 06:00:00,24.93,70.18,886.34,14.91
2026-01-09 15:00:00,30.73,82.92,859.11,17.65
2026-10-04 04:00:00,15.02,83.89,860.16,14.51
2026-01-15 11:00:00,23.96,74.69,941.08,16.59
2026-07-19 11:00:00,21.19,90.8,906.99,14.7
2026-10-21 05:00:00,20.72,81.68,897.3,14.84
2026-02-15 20:00:00,,88.04,823.26,19.18
2026-11-28 12:00:00,24.93,86.15,,16.33
2026-09-07 03:00:00,11.85,84.53,818.87,13.41
2026-02-17 01:00:00,30.2,83.12,922.99,17.42
2026-10-21 16:00:00,20.98,82.28,817.01,15.35
2026-10-18 11:00:00,17.36,82.42,933.44,15.09
2026-10-31 10:00:00,32.16,68.29,915.3,18.43
2026-11-03 22:00:00,27.97,73.58,827.78,17.7
2026-12-29 12:00:00,18.28,87.84,901.69,14.93
2026-12-16 19:00:00,16.28,72.79,836.72,13.25
2026-08-24 06:00:00,22.42,83.92,830.07,14.78
2026-03-18 16:00:00,25.72,90.11,844.72,17.39
2026-12-22 10:00:00,8.7,84.37,940.04,11.74
2026-05-12 19:00:00,12.53,78.77,838.39,11.84
2026-01-07 22:00:00,30.52,82.08,890.46,18.45
2026-09-04 05:00:00,8.65,87.21,819.16,11.7
2026-08-16 23:00:00,30.57,72.37,831.09,17.92
2026-10-25 20:00:00,30.52,76.77,835.19,18.99
2026-05-05 10:00:00,25.22,89.93,879.14,16.77
2026-12-08 19:00:00,26.29,70.05,875.24,16.55
2026-09-27 10:00:00,25.47,74.9,855.17,17.33
2026-02-09 09:00:00,23.15,88.22,897.45,15.34
2026-05-24 05:00:00,13.49,70.54,813.7,13.08
2026-11-10 23:00:00,12.38,82.43,827.37,12.82
2026-09-01 20:00:00,11.84,91.96,800.99,12.96
2026-12-23 05:00:00,9.55,81.91,899.23,11.5
2026-02-23 18:00:00,22.29,71.89,851.4,14.64
2026-01-09 04:00:00,28.54,80.68,884.33,15.53
2026-02-22 15:00:00,22.19,77.17,,14.27
2026-12-04 17:00:00,27.03,76.48,819.09,16.45
2026-10-21 23:00:00,20.77,81.31,878.08,14.85
2026-10-23 04:00:00,24.77,80.23,898.02,14.75
2026-05-15 19:00:00,10.91,73.15,921.63,12.1
2026-11-09 01:00:00,18.12,78.71,,13.38
2026-01-11 20:00:00,28.18,79.3,891.7,17.24
2026-02-19 18:00:00,25.19,81.96,932.66,15.77
2026-01-30 12:00:00,7.54,77.22,935.56,10.61
2026-10-14 05:00:00,9.65,90.21,871.09,11.76
2026-12-01 06:00:00,25.68,83.26,860.37,16.69
2026-05-01 15:00:00,35.29,88.49,803.79,19.11
2026-05-17 14:00:00,10.13,76.71,934.81,12.03
2026-05-06 06:00:00,24.88,,882.89,15.08
2026-12-15 10:00:00,15.12,71.39,932.13,12.85
2026-10-31 23:00:00,28.18,68.94,814.72,17.75
2026-07-06 21:00:00,24.47,70.64,856.3,16.45
2026-04-04 12:00:00,18.63,78.74,925.97,13.64
2026-10-26 00:00:00,27.3,72.25,807.58,16.58
2026-04-07 03:00:00,12.27,74.04,808.95,12.66
2026-08-03 03:00:00,11.6,75.97,878.51,12.88
2026-10-17 13:00:00,17.0,83.65,813.69,14.46
2026-06-10 22:00:00,25.39,88.37,896.93,15.93
2026-11-21 21:00:00,13.73,86.51,821.41,13.26
2026-02-06 20:00:00,21.6,87.95,851.04,16.05
2026-11-29 21:00:00,27.76,82.64,864.95,17.04
2026-01-13 19:00:00,27.18,77.15,915.32,17.49
2026-09-10 13:00:00,16.25,,888.22,14.49
2026-12-02 00:00:00,28.72,83.58,805.36,17.59
2026-11-18 15:00:00,,91.01,818.5,11.81
2026-05-26 21:00:00,18.87,71.63,805.24,13.99
2026-09-04 02:00:00,9.75,89.29,861.79,10.99
2026-07-21 14:00:00,20.56,92.57,949.3,15.3
2026-09-19 09:00:00,26.88,74.07,888.0,16.94
2026-06-06 03:00:00,30.11,85.0,888.83,18.52
2026-07-23 10:00:00,14.25,86.92,881.48,13.65
2026-03-08 11:00:00,9.46,78.72,839.49,10.93
2026-08-22 07:00:00,26.95,78.33,948.51,17.36
2026-04-18 22:00:00,19.18,72.03,835.23,14.79
2026-01-12 20:00:00,32.13,76.8,865.49,18.65
2026-08-29 13:00:00,13.34,90.93,828.36,12.81
2026-02-25 10:00:00,21.14,72.43,821.76,14.77
2026-06-15 10:00:00,17.38,85.27,816.76,14.32
2026-03-10 18:00:00,14.2,76.64,878.05,13.34
2026-01-07 08:00:00,27.85,,891.41,16.16
2026-07-31 06:00:00,8.52,83.52,892.58,11.11
2026-05-28 04:00:00,21.87,75.37,949.23,15.17
2026-08-27 20:00:00,18.8,86.27,860.57,12.46
2026-04-30 01:00:00,29.63,91.0,941.94,16.98
2026-09-28 12:00:00,26.7,76.18,841.93,16.44
2026-02-14 14:00:00,29.77,86.07,917.95,19.3
2026-12-04 14:00:00,29.28,75.7,832.07,17.87
2026-12-08 06:00:00,28.98,74.04,909.31,17.89
2026-11-05 12:00:00,21.75,71.25,926.5,15.42
2026-12-29 07:00:00,16.93,90.96,829.27,14.02
2026-07-13 16:00:00,26.95,,840.74,18.0
2026-03-20 05:00:00,27.51,86.63,836.43,17.53
2026-05-01 10:00:00,29.73,92.8,907.85,17.64
2026-09-01 15:00:00,9.59,88.12,926.76,12.44
2026-07-21 23:00:00,17.1,92.24,823.84,14.96
2026-09-19 08:00:00,28.33,71.71,,16.83
2026-06-15 00:00:00,17.58,86.36,943.57,14.43
2026-09-04 22:00:00,11.06,87.54,858.46,12.1
2026-10-20 16:00:00,22.91,83.49,892.15,15.68
2026-06-27 11:00:00,11.06,72.37,918.5,11.76
2026-02-19 17:00:00,28.1,79.59,857.0,17.15
2026-11-07 23:00:00,17.0,76.27,870.11,13.57
2026-05-05 03:00:00,,89.54,903.2,16.53
2026-04-17 22:00:00,14.22,73.73,841.55,13.73
2026-12-18 09:00:00,13.92,73.54,883.82,13.15
2026-09-18 17:00:00,25.83,70.58,847.13,15.51
2026-11-23 00:00:00,17.33,87.27,930.84,13.51
2026-10-04 21:00:00,17.53,85.63,892.07,14.08
2026-08-10 23:00:00,25.24,67.6,802.9,17.09
2026-03-13 09:00:00,18.52,78.73,892.01,14.99
2026-05-14 05:00:00,9.09,78.61,878.83,10.61
2026-11-09 11:00:00,15.96,77.22,874.7,12.78
2026-05-24 10:00:00,15.94,,830.9,13.2
2026-04-07 12:00:00,13.39,71.62,861.42,11.49
2026-07-17 19:00:00,23.21,86.87,909.86,16.01
2026-11-12 22:00:00,11.64,81.63,,12.08
2026-11-07 11:00:00,20.29,74.83,921.06,14.34
2026-04-10 04:00:00,8.77,68.25,884.54,10.51
2026-06-28 17:00:00,14.86,70.78,930.91,11.87
2026-12-27 07:00:00,12.47,87.67,906.61,11.21
2026-07-31 20:00:00,12.01,85.2,808.83,13.42
2026-04-10 14:00:00,,70.24,,10.31
2026-08-12 04:00:00,24.16,71.09,,15.62
2026-05-13 00:00:00,13.16,78.45,856.15,12.48
2026-09-06 18:00:00,12.31,81.88,948.97,12.33
2026-02-14 08:00:00,29.21,87.98,881.49,17.64
2026-09-09 19:00:00,13.55,82.61,877.57,12.52
2026-09-13 14:00:00,18.99,75.24,835.19,14.81
2026-09-11 11:00:00,16.81,,828.78,13.99
2026-08-05 17:00:00,15.43,75.15,906.96,13.62
2026-09-04 20:00:00,7.41,87.05,886.62,10.75
2026-04-03 12:00:00,17.31,73.37,828.14,13.93
2026-03-27 21:00:00,27.77,87.26,900.2,17.28
2026-04-16 04:00:00,14.61,70.38,900.48,13.35
2026-08-07 21:00:00,17.6,69.89,,14.12
2026-06-04 22:00:00,29.72,85.34,862.83,17.61
2026-11-25 02:00:00,23.58,89.8,878.52,15.72
2026-08-07 11:00:00,20.09,74.02,934.07,15.08
2026-06-24 15:00:00,10.63,73.48,833.37,11.27
2026-05-30 15:00:00,26.77,75.65,822.85,15.95
2026-11-23 11:00:00,15.38,88.34,825.38,14.55
2026-03-26 06:00:00,31.37,87.35,882.68,18.94
2026-07-26 11:00:00,9.57,83.96,949.6,11.09
2026-03-15 13:00:00,19.68,83.72,943.67,14.38
2026-05-01 06:00:00,28.82,92.06,862.11,18.14
2026-02-17 11:00:00,30.55,86.69,936.7,17.83
2026-06-09 08:00:00,26.46,87.63,859.8,16.79
2026-12-04 08:00:00,31.72,75.43,926.17,18.17
2026-05-16 09:00:00,7.54,73.91,859.53,11.06
2026-08-19 08:00:00,29.0,75.36,826.9,18.13
2026-06-19 00:00:00,,85.14,,12.99
2026-03-08 05:00:00,10.93,72.85,826.71,10.81
2026-12-27 20:00:00,16.94,88.66,850.29,14.27
2026-01-28 06:00:00,13.86,72.84,899.48,13.29
2026-01-24 16:00:00,9.16,71.8,893.95,11.48
2026-10-18 13:00:00,,85.16,847.42,14.66
2026-12-26 13:00:00,10.94,89.52,,12.61
2026-02-27 14:00:00,18.54,70.01,834.72,13.59
2026-02-08 00:00:00,22.93,,927.3,14.96
2026-01-23 23:00:00,12.52,68.95,941.24,11.9
2026-04-26 19:00:00,29.56,88.89,841.66,18.85
2026-07-20 17:00:00,18.72,90.5,917.27,13.85
2026-11-05 22:00:00,25.65,73.64,876.58,16.48
2026-12-18 16:00:00,11.27,75.84,879.1,13.0
2026-10-01 15:00:00,19.87,76.85,895.87,14.42
2026-04-21 18:00:00,22.41,78.21,839.98,15.36
2026-09-04 19:00:00,10.15,91.02,886.07,12.54
2026-02-22 21:00:00,25.02,76.51,943.75,15.78
2026-04-24 06:00:00,25.15,,937.37,16.36
2026-08-06 22:00:00,20.9,70.4,801.9,14.29
2026-06-27 10:00:00,12.21,72.24,912.96,11.67
2026-10-22 18:00:00,25.71,78.0,890.13,15.87
2026-05-25 04:00:00,19.47,71.71,838.64,14.52
2026-05-29 00:00:00,23.92,72.43,833.04,16.11
2026-05-23 21:00:00,16.55,68.29,879.91,14.12
2026-03-17 03:00:00,21.32,85.71,838.82,15.88
2026-01-31 02:00:00,9.05,76.67,926.89,12.11
2026-03-19 06:00:00,28.19,88.63,880.96,17.29
2026-07-25 00:00:00,15.79,86.01,886.78,14.68
2026-03-28 11:00:00,26.86,86.28,886.48,16.23
2026-10-11 20:00:00,8.89,90.66,934.87,9.55
2026-03-22 05:00:00,28.09,88.2,942.91,16.44
2026-01-01 06:00:00,22.8,92.02,883.98,15.19
2026-10-18 19:00:00,15.06,79.45,805.87,13.48
2026-07-29 23:00:00,10.58,79.18,820.13,12.1
2026-07-20 03:00:00,19.97,88.44,804.33,15.76
2026-06-07 02:00:00,30.93,87.02,857.89,19.04
2026-06-08 15:00:00,25.27,87.8,803.19,16.58
2026-08-11 05:00:00,27.07,69.28,904.33,15.49
2026-05-26 15:00:00,22.29,70.18,852.26,15.67
2026-01-20 23:00:00,18.78,67.59,919.66,13.55
2026-05-26 23:00:00,20.03,70.78,861.59,14.71
2026-10-16 20:00:00,15.23,86.68,843.89,13.12
2026-01-05 19:00:00,27.8,86.7,,17.5
2026-01-16 00:00:00,26.08,68.77,853.43,15.78
2026-05-24 06:00:00,13.53,68.51,823.98,13.36
2026-12-11 23:00:00,24.67,71.26,913.62,16.12
2026-02-20 18:00:00,25.09,77.88,938.45,15.49
2026-06-02 22:00:00,30.84,84.01,910.16,18.89
2026-08-12 09:00:00,27.04,69.43,910.07,16.88
2026-09-21 22:00:00,29.76,70.7,886.08,17.7
2026-10-21 11:00:00,20.26,79.31,879.89,14.54
2026-08-08 13:00:00,22.06,74.4,878.47,15.0
2026-02-07 11:00:00,20.42,89.14,916.77,15.08
2026-04-25 03:00:00,28.44,83.07,810.08,17.74
2026-04-13 09:00:00,10.95,69.86,806.54,11.99
2026-02-04 12:00:00,16.0,81.8,912.78,13.43
2026-12-22 03:00:00,8.55,77.65,908.84,11.08
2026-05-02 07:00:00,29.49,90.0,878.91,17.62
2026-08-30 17:00:00,12.67,86.47,,12.51
2026-12-27 19:00:00,13.62,88.15,804.84,13.45
2026-02-26 20:00:00,18.27,71.29,836.37,14.09
2026-05-14 10:00:00,,75.1,813.4,13.09
2026-08-06 16:00:00,22.17,,947.2,15.98
2026-11-27 14:00:00,23.29,86.25,826.13,16.37
2026-11-03 00:00:00,25.96,72.65,854.02,15.98
2026-06-09 03:00:00,25.93,86.6,943.49,15.52
2026-09-19 20:00:00,28.0,70.75,890.33,17.69
2026-06-08 17:00:00,29.36,87.62,933.8,17.64
2026-11-11 04:00:00,14.62,79.5,853.03,13.69
2026-10-15 15:00:00,12.5,88.58,811.36,13.25
2026-05-09 22:00:00,16.68,83.18,896.71,13.97
2026-08-04 07:00:00,13.85,72.17,877.91,12.77
2026-05-07 05:00:00,22.65,88.97,832.96,16.09
2026-11-29 23:00:00,26.95,84.7,843.1,16.21
2026-06-18 12:00:00,14.69,83.69,901.03,13.22
2026-03-30 12:00:00,24.58,85.85,821.98,15.58
2026-03-25 23:00:00,29.21,89.47,862.46,18.94
2026-04-18 17:00:00,16.05,73.52,895.16,13.35
2026-01-25 11:00:00,9.96,73.53,825.34,12.33
2026-01-09 23:00:00,31.13,79.99,935.69,17.7
2026-04-28 17:00:00,32.44,,928.31,17.68
2026-12-03 11:00:00,30.04,,903.1,16.93
2026-07-19 21:00:00,18.54,87.61,866.51,14.3
2026-05-04 00:00:00,27.98,92.06,871.64,16.32
2026-01-25 13:00:00,9.88,71.44,845.46,11.95
2026-06-05 16:00:00,29.27,,861.24,17.04
2026-05-08 02:00:00,19.06,85.04,884.81,13.74
2026-08-04 01:00:00,10.62,77.38,850.24,12.25
2026-06-27 18:00:00,13.16,74.18,912.02,12.16
2026-08-21 01:00:00,26.29,76.84,905.88,17.05
2026-04-27 00:00:00,28.28,,876.9,17.2
2026-12-16 23:00:00,14.64,73.06,857.34,13.02
2026-07-15 16:00:00,28.42,82.83,914.35,16.97
2026-05-11 04:00:00,15.73,82.57,942.68,13.19
2026-05-01 16:00:00,26.25,92.82,849.9,17.78
2026-04-20 16:00:00,20.6,78.23,949.42,14.13
2026-12-08 01:00:00,26.29,72.18,910.27,16.83
2026-03-29 09:00:00,24.57,83.01,856.99,16.39
2026-02-10 21:00:00,27.48,,931.93,17.45
2026-07-14 08:00:00,29.99,84.68,871.14,16.96
2026-04-28 18:00:00,31.76,87.01,824.93,19.42
2026-04-13 00:00:00,9.22,71.02,871.63,11.66
2026-08-24 02:00:00,19.35,84.67,885.39,14.79
2026-07-07 21:00:00,27.91,,806.06,17.55
2026-10-13 02:00:00,13.54,94.11,911.51,12.83
2026-11-25 08:00:00,17.8,88.37,,13.61
2026-12-04 02:00:00,28.39,79.63,856.55,17.0
2026-12-27 16:00:00,12.73,89.2,856.41,12.35
2026-05-15 09:00:00,9.42,77.54,900.47,12.81
2026-09-16 07:00:00,24.13,73.74,914.13,15.35
2026-03-17 23:00:00,23.91,82.55,939.26,17.12
2026-02-21 16:00:00,24.48,77.13,825.97,16.11
2026-11-04 01:00:00,24.44,73.92,927.49,15.04
2026-03-01 16:00:00,13.79,,821.82,13.25
2026-11-21 00:00:00,14.61,88.9,854.73,12.81
2026-12-03 09:00:00,,75.6,878.32,16.73
2026-11-27 11:00:00,25.39,86.39,805.91,16.81
2026-06-29 15:00:00,12.66,71.88,844.44,13.13
2026-10-29 13:00:00,30.39,70.23,802.17,17.81
2026-04-27 10:00:00,29.25,87.75,928.38,18.19
2026-09-29 00:00:00,26.11,76.53,930.76,16.01
2026-11-27 19:00:00,,87.42,885.43,15.87
2026-06-19 07:00:00,12.83,85.84,,11.93
2026-10-29 08:00:00,30.36,71.85,871.23,17.31
2026-01-23 17:00:00,11.86,72.58,936.02,11.58
2026-05-08 20:00:00,20.17,84.12,857.01,15.04
2026-05-13 05:00:00,14.2,81.17,906.23,13.88
2026-11-21 10:00:00,13.74,88.76,884.16,12.6
2026-11-17 20:00:00,11.67,88.02,853.29,11.99
2026-05-08 04:00:00,20.54,86.0,807.08,14.73
2026-01-22 18:00:00,13.34,68.57,867.78,12.83
2026-12-15 01:00:00,18.88,70.38,849.12,14.57
2026-06-08 07:00:00,27.01,85.32,865.9,17.19
2026-09-26 05:00:00,27.7,72.3,832.96,17.15
2026-10-01 16:00:00,20.42,80.0,829.9,14.31
2026-11-10 17:00:00,11.27,82.54,839.21,12.29
2026-09-04 21:00:00,8.75,89.7,927.83,11.28
2026-01-27 00:00:00,12.67,72.24,801.35,12.32
2026-11-07 18:00:00,18.15,73.21,851.66,13.31
2026-03-04 23:00:00,9.83,,946.25,11.39
2026-06-26 21:00:00,9.47,71.77,,11.75
2026-02-14 18:00:00,31.38,92.29,847.39,18.41
2026-11-03 05:00:00,28.49,70.55,885.83,16.67
2026-03-27 23:00:00,27.74,88.04,,17.34
2026-09-14 10:00:00,22.71,77.63,,16.92
2026-03-29 05:00:00,24.69,85.07,907.03,16.09
2026-10-23 08:00:00,25.56,80.14,808.93,15.97
2026-07-24 16:00:00,14.97,94.51,841.63,13.27
2026-10-23 19:00:00,24.01,77.24,806.35,16.29
2026-04-29 05:00:00,32.41,93.66,871.24,18.81
2026-07-03 12:00:00,21.56,68.32,917.31,13.94
2026-08-29 21:00:00,13.09,92.02,849.66,12.24
2026-09-25 21:00:00,27.75,72.13,808.36,17.03
2026-07-05 23:00:00,27.38,71.09,892.76,17.31
2026-05-16 11:00:00,10.74,76.19,809.22,12.02
2026-01-14 10:00:00,26.16,74.85,935.72,15.97
2026-09-26 04:00:00,26.15,73.35,922.42,15.22
2026-03-03 05:00:00,11.7,68.38,833.58,11.74
2026-06-05 01:00:00,32.55,84.18,853.13,18.83
2026-09-18 18:00:00,26.38,68.97,946.81,16.63
2026-10-24 14:00:00,25.88,75.07,847.41,16.32
2026-04-08 03:00:00,11.41,72.75,868.03,12.5
2026-02-27 00:00:00,15.55,72.04,803.29,14.36
2026-12-16 13:00:00,13.44,74.52,924.99,12.89
2026-08-20 11:00:00,26.2,77.09,,16.02
2026-02-25 17:00:00,17.89,73.59,896.92,13.42
2026-03-08 21:00:00,9.88,75.37,892.86,11.73
2026-02-11 10:00:00,25.99,88.99,882.88,16.44
2026-12-16 10:00:00,17.95,74.04,942.24,13.31
2026-10-20 09:00:00,19.42,,893.26,13.9
2026-11-02 18:00:00,26.98,67.83,894.7,17.47
2026-12-13 16:00:00,17.06,72.69,921.61,12.83
2026-03-09 19:00:00,14.12,74.46,939.73,13.49
2026-06-17 15:00:00,15.66,85.31,812.28,15.58
2026-08-14 11:00:00,28.2,73.62,806.5,17.27
2026-10-03 12:00:00,15.14,83.07,936.78,12.27
2026-12-07 17:00:00,30.88,76.8,922.46,17.14
2026-10-10 00:00:00,12.58,87.81,863.99,12.37
2026-08-31 21:00:00,,90.31,910.18,13.91
2026-01-16 10:00:00,24.72,75.14,907.9,14.99
2026-09-18 14:00:00,,72.7,879.06,16.8
2026-11-09 18:00:00,16.08,78.31,892.3,13.79
2026-01-02 02:00:00,20.13,91.12,842.19,15.96
2026-08-24 12:00:00,22.73,81.82,862.5,15.01
2026-08-10 00:00:00,,70.39,879.87,15.77
2026-04-16 11:00:00,,73.79,916.88,12.73
2026-11-09 03:00:00,15.61,72.17,,13.16
2026-04-04 13:00:00,16.3,76.08,941.24,14.25
2026-12-19 19:00:00,13.44,77.4,922.31,13.38
2026-07-14 07:00:00,28.24,,922.1,17.82
2026-05-14 12:00:00,10.2,75.73,846.67,11.59
2026-04-07 21:00:00,12.75,72.27,819.19,13.54
2026-11-06 09:00:00,22.25,72.11,893.06,15.31
2026-03-27 17:00:00,29.46,87.96,829.38,17.76
2026-07-12 07:00:00,29.47,80.32,839.1,17.73
2026-12-25 06:00:00,9.25,86.49,901.45,12.16
2026-12-11 22:00:00,,67.62,880.94,15.45
2026-02-08 02:00:00,22.56,90.53,809.94,15.98
2026-05-15 11:00:00,12.72,77.76,863.12,12.52
2026-01-18 01:00:00,22.83,71.91,838.22,14.33
2026-03-12 17:00:00,15.15,84.87,880.06,13.24
2026-12-01 23:00:00,32.37,77.02,892.83,18.07
2026-06-01 08:00:00,27.61,81.54,923.48,17.11
2026-08-06 02:00:00,16.96,73.44,919.01,13.56
2026-10-24 17:00:00,26.02,74.81,868.35,16.32
2026-09-22 16:00:00,27.97,69.5,895.45,17.7
2026-08-02 21:00:00,,78.32,838.27,12.69
2026-04-20 17:00:00,20.85,72.46,838.1,13.55
2026-10-10 16:00:00,11.03,88.26,846.58,11.31
2026-06-26 15:00:00,11.43,71.38,,11.17
2026-05-09 15:00:00,20.3,82.09,899.97,16.19
2026-08-02 21:00:00,,78.32,838.27,12.69
2026-07-04 12:00:00,23.56,72.2,898.81,15.05
2026-07-24 13:00:00,12.66,92.69,917.07,12.61
2026-08-20 20:00:00,28.05,72.32,902.35,16.94
2026-11-19 17:00:00,10.42,92.09,843.69,11.9
2026-10-27 17:00:00,31.2,74.62,895.03,18.11
2026-12-28 06:00:00,15.72,89.47,918.87,13.16
2026-07-02 13:00:00,20.37,72.18,825.35,14.57
2026-06-29 22:00:00,15.96,72.82,910.54,12.07
2026-06-26 07:00:00,,73.07,812.51,12.52
2026-11-19 07:00:00,8.76,88.2,845.48,12.8
2026-10-24 15:00:00,28.22,77.84,920.9,17.01
2026-12-03 05:00:00,29.18,77.66,938.49,17.63
2026-04-04 23:00:00,16.03,76.06,944.83,13.58
2026-07-16 09:00:00,27.35,87.51,804.32,16.97
2026-04-24 19:00:00,29.28,83.82,807.73,17.26
2026-05-17 04:00:00,10.42,70.92,898.23,10.86
2026-11-22 00:00:00,,91.67,870.08,12.6
2026-11-02 10:00:00,31.77,70.49,928.51,18.39
2026-04-06 15:00:00,13.93,72.23,833.48,13.37
2026-09-24 04:00:00,30.9,73.81,927.45,17.34
2026-07-30 14:00:00,8.25,82.93,823.52,9.94
2026-10-18 12:00:00,20.37,86.4,892.46,15.31
2026-02-10 00:00:00,26.64,89.31,920.58,15.87
2026-02-25 16:00:00,17.5,74.38,802.99,13.61
2026-10-17 05:00:00,16.87,87.58,806.99,13.92
2026-10-24 06:00:00,25.25,74.15,882.75,16.39
2026-06-01 10:00:00,28.68,77.6,874.99,17.54
2026-01-20 05:00:00,18.41,69.76,804.14,13.86
2026-02-06 15:00:00,22.0,87.72,864.34,15.42
2026-09-21 23:00:00,30.07,72.38,,17.13
2026-01-25 08:00:00,11.61,71.97,821.89,12.06
2026-03-05 08:00:00,11.87,71.44,828.86,13.08
2026-02-22 04:00:00,21.3,75.1,888.22,14.47
2026-05-25 06:00:00,17.29,72.53,897.84,13.75
2026-03-31 05:00:00,23.5,82.03,841.38,15.32
2026-10-02 23:00:00,20.49,80.04,819.43,14.54
2026-05-28 00:00:00,18.99,72.27,879.0,13.96
2026-09-02 05:00:00,12.51,94.37,827.35,12.32
2026-10-13 18:00:00,10.3,94.63,943.18,11.1
2026-12-21 14:00:00,10.24,77.21,892.89,11.51
2026-02-27 04:00:00,13.89,69.85,913.97,12.72
2026-02-02 10:00:00,13.43,80.48,887.83,12.64
2026-06-13 14:00:00,22.55,84.85,835.94,14.26
2026-11-19 11:00:00,12.33,91.6,907.82,13.0
2026-02-28 14:00:00,11.73,73.64,946.69,11.29
2026-05-17 15:00:00,10.84,71.05,933.9,11.77
2026-08-15 15:00:00,29.59,71.14,852.35,17.28
2026-10-08 05:00:00,12.81,87.89,938.86,13.34
2026-07-14 09:00:00,28.65,84.51,928.97,17.9
2026-05-29 14:00:00,24.67,72.47,926.65,15.03
2026-05-22 20:00:00,14.1,73.12,,12.49
2026-10-21 17:00:00,21.22,80.51,948.58,15.04
2026-02-01 21:00:00,11.8,80.61,933.51,12.35
2026-06-01 05:00:00,26.88,78.48,801.68,16.47
2026-11-04 08:00:00,25.46,70.09,858.34,17.13
2026-09-02 04:00:00,12.56,93.57,861.26,13.35
2026-01-05 04:00:00,24.45,88.58,928.53,15.06
2026-12-02 08:00:00,,80.75,899.0,16.93
2026-06-18 23:00:00,13.04,83.78,834.48,12.76
2026-07-18 16:00:00,25.02,91.62,880.43,16.21
2026-11-20 16:00:00,13.69,90.72,876.83,13.1
2026-04-19 21:00:00,18.94,75.51,801.27,13.99
2026-09-12 15:00:00,16.65,79.91,831.94,12.83
2026-06-27 01:00:00,11.86,72.66,804.11,12.43
2026-07-23 15:00:00,17.63,85.82,899.75,14.13
2026-08-31 06:00:00,8.73,88.89,926.06,11.72
2026-11-01 22:00:00,28.44,69.93,851.23,16.78
2026-05-31 02:00:00,29.56,78.02,915.41,17.96
2026-01-26 19:00:00,10.7,73.75,844.36,11.9
2026-02-20 14:00:00,26.12,83.19,910.45,15.79
2026-05-05 04:00:00,,89.21,838.71,17.6
2026-09-20 01:00:00,28.58,71.07,897.83,16.55
2026-03-15 08:00:00,23.05,82.77,807.46,16.88
2026-04-01 01:00:00,22.42,79.12,814.44,16.11
2026-01-26 22:00:00,13.14,71.06,902.6,13.08
2026-02-09 10:00:00,22.53,92.96,863.32,14.02
2026-10-14 03:00:00,10.35,90.56,,12.59
2026-04-27 14:00:00,28.86,87.31,943.11,17.48
2026-07-03 04:00:00,19.83,67.53,801.1,15.03
2026-11-28 15:00:00,24.61,85.68,876.07,15.13
2026-08-28 13:00:00,14.65,86.01,872.08,13.21
2026-07-13 01:00:00,30.95,78.62,858.94,17.87
2026-03-20 01:00:00,28.81,85.84,806.38,17.44
2026-05-19 16:00:00,8.84,73.72,891.06,10.47
2026-06-17 05:00:00,15.39,88.59,886.79,13.79
2026-09-21 05:00:00,28.92,72.1,905.29,17.17
2026-01-17 13:00:00,24.93,72.77,917.12,15.33
2026-08-01 17:00:00,11.49,83.32,856.69,11.22
2026-02-12 15:00:00,31.91,90.13,800.45,18.29
2026-03-03 10:00:00,9.7,67.06,,10.74
2026-10-02 20:00:00,17.34,80.07,931.43,12.95
2026-04-04 08:00:00,16.63,74.46,,14.21
2026-10-17 23:00:00,16.76,87.37,943.55,13.27
2026-08-19 18:00:00,27.13,79.71,929.34,16.73
2026-11-18 09:00:00,11.11,91.25,813.59,13.26
2026-03-29 23:00:00,25.11,85.43,916.91,16.43
2026-12-07 12:00:00,29.16,69.71,900.65,18.31
2026-05-03 23:00:00,28.49,89.88,946.32,17.31
2026-11-15 23:00:00,9.52,85.05,,11.67
2026-04-19 19:00:00,17.1,72.31,815.99,14.59
2026-02-19 10:00:00,26.46,77.27,920.66,16.95
2026-04-02 04:00:00,19.48,78.6,851.29,14.65
2026-02-22 05:00:00,24.79,76.74,863.88,16.46
2026-02-17 17:00:00,29.38,81.94,884.24,17.2
2026-12-05 00:00:00,27.34,70.73,832.82,17.41
2026-03-18 08:00:00,,87.23,921.22,17.34
2026-08-15 18:00:00,28.46,68.96,927.91,16.67
2026-03-05 15:00:00,12.32,70.94,857.93,12.65
2026-11-18 14:00:00,10.29,91.29,823.74,12.96
2026-05-15 21:00:00,8.7,77.08,851.18,11.84
2026-05-02 17:00:00,29.73,89.43,862.2,17.38
2026-01-05 20:00:00,27.34,86.77,,16.73
2026-11-01 13:00:00,26.83,71.19,816.0,17.41
2026-01-07 14:00:00,27.27,81.8,802.91,17.11
2026-07-17 03:00:00,25.74,87.95,819.84,18.11
2026-01-03 02:00:00,24.0,89.77,886.34,15.77
2026-05-21 09:00:00,11.97,69.24,896.31,11.18
2026-12-15 14:00:00,17.68,72.39,947.99,13.4
2026-04-13 18:00:00,9.69,75.65,843.18,10.95
2026-04-15 19:00:00,13.26,72.92,824.38,12.28
2026-06-05 15:00:00,29.78,84.15,809.46,17.8
2026-12-15 18:00:00,15.98,71.04,896.99,13.38
2026-04-10 07:00:00,10.1,73.21,863.28,11.99
2026-04-27 05:00:00,29.43,84.75,840.4,17.29
2026-07-15 03:00:00,27.17,84.47,904.78,17.84
2026-05-07 15:00:00,21.59,84.19,937.98,14.64
2026-10-12 21:00:00,7.95,85.05,893.59,11.27
2026-12-01 21:00:00,26.82,78.49,920.28,16.86
2026-04-09 17:00:00,12.26,72.8,889.23,12.62
2026-11-20 02:00:00,12.09,89.81,,12.46
2026-12-08 04:00:00,29.18,70.34,822.4,17.3
2026-06-16 02:00:00,17.69,92.19,915.25,15.06
2026-09-23 12:00:00,,69.1,926.02,17.67
2026-05-28 14:00:00,24.04,76.19,906.45,15.7
2026-06-30 08:00:00,18.94,68.94,944.65,13.13
2026-12-20 09:00:00,10.83,78.1,936.98,12.51
2026-03-12 11:00:00,15.06,77.63,873.19,14.39
2026-08-26 04:00:00,,85.62,887.76,15.02
2026-01-22 00:00:00,14.46,68.2,914.15,12.59
2026-09-07 14:00:00,12.32,87.96,913.54,14.41
2026-11-28 17:00:00,27.76,81.03,807.77,17.25
2026-11-20 10:00:00,10.83,90.59,945.68,12.83
2026-08-04 22:00:00,14.67,69.58,875.63,14.26
2026-02-10 02:00:00,26.09,90.18,868.74,16.44
2026-08-17 14:00:00,,76.52,896.28,17.04
2026-09-06 20:00:00,11.93,86.48,828.47,12.59
2026-12-01 22:00:00,28.84,80.85,810.44,17.14
2026-06-04 18:00:00,31.5,84.74,948.29,17.93
2026-03-30 00:00:00,25.35,86.19,896.4,16.69
2026-04-25 04:00:00,27.83,85.1,808.12,18.03
2026-02-11 00:00:00,26.99,91.12,820.37,18.02
2026-09-11 08:00:00,18.73,80.11,925.01,13.92
2026-04-06 17:00:00,15.15,72.26,840.64,13.85
2026-05-29 04:00:00,,77.97,870.68,16.22
2026-10-10 01:00:00,9.15,90.92,946.16,10.7
2026-05-18 07:00:00,,72.95,910.29,10.8
2026-02-03 01:00:00,12.48,83.51,809.27,13.88
2026-11-22 20:00:00,16.53,89.88,938.66,13.84
2026-07-06 19:00:00,27.59,68.12,916.86,15.76
2026-05-21 15:00:00,10.49,71.07,872.26,11.65
2026-12-08 13:00:00,30.89,72.14,848.01,18.74
2026-04-13 16:00:00,12.08,71.92,945.75,11.27
2026-06-28 20:00:00,11.9,72.03,917.44,12.2
2026-08-18 12:00:00,29.37,75.38,921.71,16.17
2026-08-14 05:00:00,28.8,70.97,862.71,18.21
2026-03-11 14:00:00,14.1,77.03,805.48,13.3
2026-04-29 01:00:00,29.54,91.07,887.37,17.24
2026-01-28 21:00:00,11.67,80.22,895.6,10.82
2026-08-08 09:00:00,19.46,74.8,869.43,14.65
2026-06-21 16:00:00,,81.66,900.73,12.54
2026-01-16 06:00:00,25.27,74.02,868.23,16.83
2026-07-14 06:00:00,28.13,81.26,910.34,15.94
2026-10-12 07:00:00,11.15,87.02,876.45,12.52
2026-07-19 15:00:00,21.29,89.19,853.04,16.02
2026-03-28 20:00:00,26.05,85.55,888.64,15.97
2026-05-20 22:00:00,12.04,68.96,866.6,12.55
2026-04-11 06:00:00,8.05,67.61,851.24,11.38
2026-07-01 07:00:00,18.04,70.82,829.92,14.43
2026-10-07 12:00:00,13.8,86.63,831.43,13.24
2026-10-29 19:00:00,28.96,69.73,842.93,16.53
2026-06-25 01:00:00,8.78,78.03,,10.68
2026-11-09 23:00:00,19.06,,848.18,13.72
2026-04-01 15:00:00,24.19,78.81,844.69,16.67
2026-05-23 17:00:00,,73.92,913.27,13.82
2026-03-30 18:00:00,24.81,83.93,920.46,16.18
2026-07-07 00:00:00,28.34,74.94,930.62,16.22
2026-08-11 09:00:00,24.32,71.89,925.66,15.46
2026-11-22 17:00:00,14.09,94.71,,13.86
2026-02-23 05:00:00,23.2,75.57,845.3,16.39
2026-04-27 20:00:00,29.39,89.48,852.73,17.18
2026-04-28 01:00:00,28.81,86.2,913.19,18.2
2026-10-26 05:00:00,27.63,73.89,946.47,16.28
2026-04-03 01:00:00,18.62,79.71,854.24,14.49
2026-10-16 11:00:00,13.24,92.32,831.82,13.57
2026-04-21 11:00:00,23.94,74.32,882.48,16.69
2026-05-09 10:00:00,15.88,86.53,815.07,13.59
2026-06-02 10:00:00,29.19,83.11,819.84,16.86
2026-12-14 09:00:00,16.83,71.36,841.39,13.67
2026-08-13 00:00:00,31.47,71.0,877.06,18.43
2026-02-11 05:00:00,27.29,92.25,827.1,17.32
2026-10-10 14:00:00,10.1,90.0,884.81,13.36
2026-03-03 21:00:00,11.98,69.09,808.99,11.34
2026-04-15 08:00:00,10.62,71.66,901.53,11.78
2026-04-28 21:00:00,29.37,86.4,804.76,17.43
2026-06-14 15:00:00,18.07,91.04,814.49,14.28
2026-01-22 12:00:00,15.44,69.33,917.62,12.7
2026-02-08 09:00:00,21.64,86.67,833.75,15.79
2026-05-10 00:00:00,19.4,,886.93,14.77
2026-02-20 16:00:00,25.45,83.38,913.84,16.53
2026-04-25 12:00:00,28.18,86.83,898.66,16.67
2026-11-16 20:00:00,9.71,88.93,809.65,12.03
2026-04-01 07:00:00,,80.46,804.6,14.46
2026-03-09 21:00:00,13.57,76.55,809.21,14.09
2026-04-13 06:00:00,11.55,71.1,943.89,11.78
2026-05-30 13:00:00,25.16,73.48,818.65,16.62
2026-09-26 13:00:00,26.43,74.02,814.07,17.58
2026-07-09 22:00:00,28.77,75.65,857.57,17.52
2026-04-23 16:00:00,25.58,88.35,875.37,15.36
2026-04-28 08:00:00,30.48,86.77,884.37,18.08
2026-10-26 23:00:00,29.87,75.25,802.24,17.79
2026-10-04 13:00:00,,84.0,804.88,13.34
2026-07-24 20:00:00,15.1,,844.86,13.64
2026-04-30 11:00:00,28.56,88.17,892.55,17.25
2026-05-20 19:00:00,11.0,71.98,905.61,12.21
2026-01-17 22:00:00,20.67,68.82,931.09,14.05
2026-03-11 00:00:00,13.91,79.55,813.0,12.46
2026-02-15 23:00:00,29.77,84.54,915.02,17.9
2026-04-11 15:00:00,10.42,71.09,927.69,11.58
2026-04-17 20:00:00,14.24,74.28,885.86,12.26
2026-10-30 21:00:00,28.28,73.12,853.93,16.82
2026-07-15 14:00:00,27.46,82.74,829.87,18.64
2026-08-17 20:00:00,,71.69,854.11,17.64
2026-12-15 13:00:00,17.43,72.52,844.19,13.69
2026-11-05 14:00:00,22.21,72.24,818.52,14.87
2026-05-18 09:00:00,8.62,75.58,898.04,12.2
2026-12-06 06:00:00,27.42,73.33,896.32,17.08
2026-02-12 17:00:00,,89.85,841.81,17.67
2026-12-01 15:00:00,30.98,79.68,855.9,18.32
2026-09-19 17:00:00,29.07,67.79,854.98,17.01
2026-02-03 18:00:00,15.17,84.19,886.57,12.6
2026-12-26 07:00:00,13.51,85.6,803.36,13.42
2026-12-05 18:00:00,29.39,74.65,928.69,17.47
2026-02-15 03:00:00,33.08,85.09,800.25,20.2
2026-11-22 04:00:00,14.38,87.04,860.17,13.11
2026-05-27 03:00:00,20.15,73.3,838.14,14.91
2026-10-20 18:00:00,21.81,79.04,856.79,15.43
2026-09-06 16:00:00,11.29,87.46,,13.59
2026-07-13 21:00:00,30.18,83.93,827.32,19.06
2026-06-30 22:00:00,20.26,70.51,,14.22
2026-08-28 02:00:00,15.91,,904.6,13.37
2026-06-14 21:00:00,18.53,86.26,884.91,13.76
2026-01-11 18:00:00,30.28,78.66,941.17,18.21
2026-10-18 01:00:00,17.09,86.94,823.81,13.72
2026-09-03 00:00:00,6.66,93.75,872.85,11.95
2026-08-17 15:00:00,,73.0,861.72,17.68
2026-08-24 11:00:00,23.12,82.35,832.41,15.2
2026-09-19 04:00:00,,70.26,941.93,18.1
2026-09-14 06:00:00,24.18,75.07,896.68,15.38
2026-03-29 21:00:00,26.38,86.17,879.6,17.36
2026-10-31 00:00:00,30.82,68.81,832.19,17.75
2026-07-07 14:00:00,25.32,72.33,881.28,15.39
2026-09-09 08:00:00,14.22,83.25,861.5,14.01
2026-07-25 01:00:00,13.69,90.11,858.28,14.03
2026-11-17 04:00:00,11.59,87.09,832.33,13.17
2026-08-19 22:00:00,30.68,79.53,843.18,17.75
2026-01-04 07:00:00,22.39,89.91,936.31,16.46
2026-02-17 05:00:00,30.31,84.7,919.6,18.15
2026-08-25 18:00:00,19.3,87.52,887.06,14.72
2026-04-15 02:00:00,13.17,69.95,877.35,12.82
2026-07-17 11:00:00,26.39,86.41,891.09,16.61
2026-03-22 09:00:00,,88.93,910.54,18.3
2026-07-29 02:00:00,10.32,84.29,947.95,11.87
2026-06-15 07:00:00,15.35,88.27,891.51,14.02
2026-10-08 18:00:00,15.05,,811.01,15.0
2026-01-11 21:00:00,29.46,,910.47,17.58
2026-10-11 13:00:00,9.88,90.56,,11.59
2026-12-28 09:00:00,16.01,88.24,811.98,14.04
2026-06-14 11:00:00,20.25,86.73,858.89,15.26
2026-07-19 04:00:00,23.07,,912.28,14.97
2026-07-25 14:00:00,11.89,87.35,888.6,12.12
2026-02-09 21:00:00,26.18,87.81,827.99,17.02
2026-09-30 03:00:00,23.4,79.33,859.32,15.27
2026-07-22 14:00:00,15.83,91.19,904.02,14.67
2026-03-26 11:00:00,31.06,88.52,894.4,17.19
2026-09-07 10:00:00,10.17,87.24,849.01,12.84
2026-04-14 16:00:00,11.61,73.1,842.08,13.12
2026-09-22 12:00:00,28.24,71.32,921.04,17.31
2026-04-01 02:00:00,22.72,85.17,870.04,15.23
2026-05-22 17:00:00,,71.42,922.3,12.84
2026-04-05 14:00:00,15.08,73.84,844.0,13.87
2026-03-25 18:00:00,27.2,91.64,860.35,15.91
2026-03-13 22:00:00,17.36,80.99,902.83,14.12
2026-07-19 21:00:00,18.54,87.61,866.51,14.3
2026-07-28 01:00:00,11.33,87.01,916.79,12.61
2026-07-17 12:00:00,26.05,87.73,938.97,16.51
2026-06-07 09:00:00,,87.98,864.76,17.4
2026-07-26 13:00:00,13.17,89.97,864.91,13.35
2026-03-27 03:00:00,28.92,88.21,817.4,17.96
2026-03-18 20:00:00,,88.26,942.47,17.61
2026-03-21 13:00:00,29.25,88.51,812.22,19.3
2026-02-28 06:00:00,16.12,71.79,904.2,13.85
2026-10-27 08:00:00,29.61,73.74,902.0,17.31
2026-01-29 16:00:00,11.31,76.56,888.46,12.12
2026-09-13 07:00:00,21.94,74.94,884.5,15.83
2026-07-05 10:00:00,24.1,72.85,921.75,15.68
2026-12-03 17:00:00,31.59,78.71,948.75,17.58
2026-12-04 13:00:00,28.98,77.32,907.78,17.8
2026-06-08 10:00:00,26.59,87.49,910.93,16.89
2026-09-02 14:00:00,9.5,88.4,917.6,12.15
2026-05-11 01:00:00,15.21,,857.16,12.25
2026-09-24 11:00:00,30.7,71.02,886.94,19.21
2026-07-27 09:00:00,11.07,89.78,903.47,11.52
2026-01-09 22:00:00,29.52,83.52,919.45,16.73
2026-10-29 14:00:00,28.56,72.08,932.05,16.54
2026-08-31 03:00:00,14.69,87.12,917.79,13.0
